{
  "type": "FeatureCollection",
  "generator": "overpass-turbo",
  "copyright": "The data included in this document is from www.openstreetmap.org. The data is made available under ODbL.",
  "timestamp": "2026-07-08T18:14:44Z",
  "features": [
    {
      "type": "Feature",
      "properties": {
        "@id": "way/28089138",
        "bicycle": "yes",
        "highway": "trunk",
        "int_ref": "E 50",
        "maxspeed": "50",
        "name": "вулиця Кайдацький Шлях",
        "name:en": "Kaidatskyi Shliakh Street",
        "name:ru": "Кайдакский Шлях улица",
        "name:uk": "вулиця Кайдацький Шлях",
        "nat_ref": "М-30",
        "old_ref": "М-04",
        "oneway": "yes",
        "ref": "М-30",
        "smoothness": "excellent",
        "source:maxspeed": "UA:urban",
        "surface": "asphalt"
      },
      "geometry": {
        "type": "LineString",
        "coordinates": [
          [
            34.9612755,
            48.4918336
          ],
          [
            34.9609765,
            48.491376
          ],
          [
            34.9608808,
            48.4912372
          ],
          [
            34.9607919,
            48.4910967
          ],
          [
            34.960711,
            48.4909526
          ],
          [
            34.9606368,
            48.4908086
          ],
          [
            34.9605045,
            48.4905369
          ]
        ]
      },
      "id": "way/28089138"
    },
    {
      "type": "Feature",
      "properties": {
        "@id": "way/30413173",
        "highway": "trunk",
        "int_ref": "E 50",
        "lanes": "2",
        "maxspeed:type": "UA:urban",
        "name": "Посполита вулиця",
        "name:de": "Posspolyta-Straße",
        "name:en": "Pospolyta Street",
        "name:fr": "Rue Pospolyta",
        "name:ru": "Посполитая улица",
        "name:uk": "Посполита вулиця",
        "nat_ref": "М-30",
        "old_name": "Гвардійська вулиця",
        "old_name:en": "Hvardiiska Street",
        "old_name:pl": "ulica Gwardyjska",
        "old_name:uk": "Гвардійська вулиця",
        "old_ref": "М-04",
        "ref": "М-30",
        "smoothness": "excellent"
      },
      "geometry": {
        "type": "LineString",
        "coordinates": [
          [
            34.9505684,
            48.4742649
          ],
          [
            34.9504977,
            48.4743798
          ]
        ]
      },
      "id": "way/30413173"
    },
    {
      "type": "Feature",
      "properties": {
        "@id": "way/30475830",
        "highway": "secondary",
        "lanes": "2",
        "lit": "yes",
        "maxspeed": "50",
        "name": "Метробудівська вулиця",
        "name:en": "Metrobudivska Street",
        "name:pl": "ulica Metrostroewska",
        "name:ru": "Метростроевская улица",
        "name:uk": "Метробудівська вулиця",
        "source:maxspeed": "UA:urban",
        "surface": "asphalt"
      },
      "geometry": {
        "type": "LineString",
        "coordinates": [
          [
            34.9116915,
            48.4841451
          ],
          [
            34.9117251,
            48.4840029
          ]
        ]
      },
      "id": "way/30475830"
    },
    {
      "type": "Feature",
      "properties": {
        "@id": "way/30476230",
        "highway": "tertiary",
        "lanes": "2",
        "lit": "yes",
        "maxspeed": "40",
        "name": "Парусний провулок",
        "name:en": "Parusnyi Lane",
        "name:ru": "Парусный переулок",
        "name:uk": "Парусний провулок",
        "sidewalk": "separate",
        "smoothness": "intermediate",
        "surface": "asphalt",
        "trolley_wire": "yes"
      },
      "geometry": {
        "type": "LineString",
        "coordinates": [
          [
            34.9077287,
            48.483748
          ],
          [
            34.9076945,
            48.4836939
          ],
          [
            34.907671,
            48.4836553
          ],
          [
            34.9076454,
            48.4835985
          ],
          [
            34.9076161,
            48.4835207
          ],
          [
            34.9075946,
            48.483457
          ],
          [
            34.9075499,
            48.4833094
          ],
          [
            34.9075102,
            48.4831242
          ],
          [
            34.9075102,
            48.4829631
          ],
          [
            34.9075509,
            48.482629
          ],
          [
            34.907621,
            48.4820112
          ],
          [
            34.9076688,
            48.4815867
          ],
          [
            34.9076769,
            48.4815147
          ],
          [
            34.907685,
            48.4814399
          ],
          [
            34.9076933,
            48.4813522
          ],
          [
            34.9077287,
            48.4809798
          ],
          [
            34.9077431,
            48.4806666
          ],
          [
            34.9077531,
            48.480492
          ],
          [
            34.9077379,
            48.480434
          ]
        ]
      },
      "id": "way/30476230"
    },
    {
      "type": "Feature",
      "properties": {
        "@id": "way/30549194",
        "highway": "service",
        "lit": "yes",
        "name": "Штурманський провулок",
        "name:en": "Shturmanskyj Lane",
        "name:pl": "zaułek Szturmański",
        "name:ru": "Штурманский переулок",
        "name:uk": "Штурманський провулок",
        "surface": "asphalt"
      },
      "geometry": {
        "type": "LineString",
        "coordinates": [
          [
            34.912529,
            48.4809535
          ],
          [
            34.912306,
            48.4809334
          ],
          [
            34.9120337,
            48.480906
          ],
          [
            34.9118027,
            48.4808827
          ],
          [
            34.9116566,
            48.480868
          ],
          [
            34.9115352,
            48.4808379
          ],
          [
            34.9114466,
            48.4807812
          ],
          [
            34.9112754,
            48.4806349
          ],
          [
            34.9110845,
            48.4806103
          ],
          [
            34.9106261,
            48.480542
          ],
          [
            34.9097874,
            48.4804252
          ],
          [
            34.909087,
            48.4803295
          ]
        ]
      },
      "id": "way/30549194"
    },
    {
      "type": "Feature",
      "properties": {
        "@id": "way/30549261",
        "highway": "tertiary",
        "lanes": "1",
        "lit": "yes",
        "name": "Парусний провулок",
        "name:en": "Parusnyi Lane",
        "name:ru": "Парусный переулок",
        "name:uk": "Парусний провулок",
        "oneway": "yes",
        "sidewalk": "right",
        "smoothness": "intermediate",
        "surface": "asphalt",
        "trolley_wire": "yes"
      },
      "geometry": {
        "type": "LineString",
        "coordinates": [
          [
            34.9063784,
            48.4798845
          ],
          [
            34.9067226,
            48.4799651
          ]
        ]
      },
      "id": "way/30549261"
    },
    {
      "type": "Feature",
      "properties": {
        "@id": "way/30549460",
        "foot": "no",
        "highway": "tertiary",
        "lanes": "4",
        "lit": "yes",
        "maxspeed": "50",
        "maxspeed:conditional": "70 @ (May-Sep); 50 @ (Oct-Apr)",
        "name": "вулиця Набережна Заводська",
        "name:uk": "вулиця Набережна Заводська",
        "oneway": "yes",
        "sidewalk": "no",
        "smoothness": "excellent",
        "source:maxspeed": "UA:urban",
        "surface": "asphalt",
        "trolley_wire": "yes"
      },
      "geometry": {
        "type": "LineString",
        "coordinates": [
          [
            34.9116915,
            48.4841451
          ],
          [
            34.9114434,
            48.4841242
          ],
          [
            34.9113635,
            48.4841184
          ],
          [
            34.9112565,
            48.4841107
          ],
          [
            34.9093199,
            48.4839847
          ],
          [
            34.908657,
            48.4839465
          ],
          [
            34.9080622,
            48.483907
          ],
          [
            34.907969,
            48.4838922
          ],
          [
            34.9078853,
            48.4838783
          ]
        ]
      },
      "id": "way/30549460"
    },
    {
      "type": "Feature",
      "properties": {
        "@id": "way/30550194",
        "highway": "service",
        "lit": "yes",
        "name": "житловий масив Парус",
        "surface": "asphalt"
      },
      "geometry": {
        "type": "LineString",
        "coordinates": [
          [
            34.9082443,
            48.4826166
          ],
          [
            34.9082139,
            48.4829671
          ],
          [
            34.9087874,
            48.4830033
          ],
          [
            34.9100776,
            48.483083
          ],
          [
            34.9107495,
            48.4831204
          ],
          [
            34.9107952,
            48.48273
          ]
        ]
      },
      "id": "way/30550194"
    },
    {
      "type": "Feature",
      "properties": {
        "@id": "way/30550924",
        "highway": "residential",
        "name": "вулиця Павла Тушкана",
        "name:uk": "вулиця Павла Тушкана",
        "old_name": "вулиця Вільямса",
        "old_name:en": "Viliamsa Street",
        "old_name:ru": "Вильямса улица",
        "old_name:uk": "вулиця Вільямса",
        "sidewalk": "no",
        "smoothness": "very_bad",
        "surface": "unpaved"
      },
      "geometry": {
        "type": "LineString",
        "coordinates": [
          [
            34.9039424,
            48.4762735
          ],
          [
            34.9039705,
            48.4757251
          ],
          [
            34.9040997,
            48.4752617
          ],
          [
            34.9041581,
            48.4749884
          ],
          [
            34.9042129,
            48.4746845
          ],
          [
            34.9042115,
            48.47423
          ],
          [
            34.9041388,
            48.4739687
          ],
          [
            34.904038,
            48.4735942
          ],
          [
            34.9040197,
            48.4735059
          ]
        ]
      },
      "id": "way/30550924"
    },
    {
      "type": "Feature",
      "properties": {
        "@id": "way/30568406",
        "highway": "residential",
        "name": "Повстанський провулок",
        "name:en": "Povstanskyi Lane",
        "name:uk": "Повстанський провулок"
      },
      "geometry": {
        "type": "LineString",
        "coordinates": [
          [
            34.9089734,
            48.4749613
          ],
          [
            34.9090591,
            48.4748748
          ],
          [
            34.9091607,
            48.4747083
          ],
          [
            34.9092689,
            48.4745224
          ],
          [
            34.9092746,
            48.4743788
          ],
          [
            34.9092472,
            48.4741539
          ],
          [
            34.909224,
            48.473936
          ],
          [
            34.9091514,
            48.4733673
          ],
          [
            34.9091226,
            48.4731609
          ],
          [
            34.9090875,
            48.4730309
          ],
          [
            34.909043,
            48.4729992
          ]
        ]
      },
      "id": "way/30568406"
    },
    {
      "type": "Feature",
      "properties": {
        "@id": "way/30570088",
        "highway": "residential",
        "name": "вулиця Максима Дія",
        "name:en": "Maksyma Diia Street",
        "name:ru": "Максима Дия улица",
        "name:uk": "вулиця Максима Дія",
        "old_name": "вулиця Шелгунова",
        "old_name:uk": "вулиця Шелгунова"
      },
      "geometry": {
        "type": "LineString",
        "coordinates": [
          [
            34.9219023,
            48.4787982
          ],
          [
            34.9218599,
            48.4788758
          ],
          [
            34.9218519,
            48.4788904
          ],
          [
            34.9215954,
            48.4793436
          ],
          [
            34.9214978,
            48.4795171
          ],
          [
            34.921192,
            48.4800604
          ],
          [
            34.9211681,
            48.4800773
          ],
          [
            34.921136,
            48.4800784
          ],
          [
            34.9208482,
            48.480014
          ],
          [
            34.9207909,
            48.4799994
          ]
        ]
      },
      "id": "way/30570088"
    },
    {
      "type": "Feature",
      "properties": {
        "@id": "way/30570203",
        "highway": "residential",
        "name": "вулиця Максима Дія",
        "name:en": "Maksyma Diia Street",
        "name:ru": "Максима Дия улица",
        "name:uk": "вулиця Максима Дія",
        "old_name": "вулиця Шелгунова",
        "old_name:uk": "вулиця Шелгунова",
        "smoothness": "good",
        "surface": "asphalt"
      },
      "geometry": {
        "type": "LineString",
        "coordinates": [
          [
            34.9162241,
            48.4810506
          ],
          [
            34.9161264,
            48.4812531
          ],
          [
            34.9160095,
            48.4814276
          ],
          [
            34.9159235,
            48.4815027
          ],
          [
            34.9158787,
            48.4815264
          ],
          [
            34.9158359,
            48.4815481
          ]
        ]
      },
      "id": "way/30570203"
    },
    {
      "type": "Feature",
      "properties": {
        "@id": "way/30571219",
        "highway": "residential",
        "lit": "yes",
        "name": "вулиця Савкіна",
        "name:ru": "Савкина улица",
        "name:uk": "вулиця Савкіна",
        "smoothness": "excellent",
        "surface": "asphalt"
      },
      "geometry": {
        "type": "LineString",
        "coordinates": [
          [
            34.9364058,
            48.487888
          ],
          [
            34.9364465,
            48.4877957
          ],
          [
            34.9364794,
            48.4877212
          ],
          [
            34.9365578,
            48.4875436
          ],
          [
            34.9366139,
            48.4874165
          ],
          [
            34.9366234,
            48.4873941
          ],
          [
            34.9366721,
            48.4872797
          ],
          [
            34.9367746,
            48.4870387
          ],
          [
            34.9368346,
            48.4868977
          ],
          [
            34.9369011,
            48.4867401
          ],
          [
            34.9369486,
            48.4866275
          ],
          [
            34.9372535,
            48.4859048
          ]
        ]
      },
      "id": "way/30571219"
    },
    {
      "type": "Feature",
      "properties": {
        "@id": "way/30571275",
        "highway": "service",
        "name": "вулиця Червоний камінь",
        "surface": "asphalt"
      },
      "geometry": {
        "type": "LineString",
        "coordinates": [
          [
            34.9322614,
            48.486702
          ],
          [
            34.9324369,
            48.4867373
          ],
          [
            34.9335933,
            48.4869486
          ],
          [
            34.9336337,
            48.486956
          ],
          [
            34.9344569,
            48.4871084
          ],
          [
            34.9349197,
            48.4871941
          ],
          [
            34.935339,
            48.4872715
          ],
          [
            34.9357342,
            48.4873448
          ]
        ]
      },
      "id": "way/30571275"
    },
    {
      "type": "Feature",
      "properties": {
        "@id": "way/30571351",
        "highway": "residential",
        "lit": "yes",
        "name": "вулиця Коробова",
        "name:uk": "вулиця Коробова",
        "smoothness": "excellent",
        "surface": "asphalt"
      },
      "geometry": {
        "type": "LineString",
        "coordinates": [
          [
            34.9372535,
            48.4859048
          ],
          [
            34.9364841,
            48.4857334
          ],
          [
            34.936286,
            48.4856892
          ],
          [
            34.9350726,
            48.4854189
          ],
          [
            34.9347365,
            48.485344
          ],
          [
            34.934506,
            48.4852926
          ],
          [
            34.9340567,
            48.4851923
          ],
          [
            34.9332198,
            48.4850056
          ],
          [
            34.9329006,
            48.4849345
          ],
          [
            34.932532,
            48.4848566
          ],
          [
            34.9322325,
            48.4847984
          ],
          [
            34.9302623,
            48.484416
          ],
          [
            34.9301949,
            48.4844029
          ],
          [
            34.9300406,
            48.484373
          ],
          [
            34.9298602,
            48.4843379
          ],
          [
            34.9292187,
            48.4842133
          ],
          [
            34.9282373,
            48.4840205
          ],
          [
            34.9277638,
            48.4839016
          ],
          [
            34.9272576,
            48.483818
          ]
        ]
      },
      "id": "way/30571351"
    },
    {
      "type": "Feature",
      "properties": {
        "@id": "way/30571766",
        "highway": "trunk_link",
        "maxspeed": "50",
        "name": "вулиця Кайдацький Шлях",
        "name:en": "Kaidatskyi Shliakh Street",
        "name:ru": "Кайдакский Шлях улица",
        "name:uk": "вулиця Кайдацький Шлях",
        "oneway": "yes",
        "smoothness": "excellent",
        "source:maxspeed": "UA:urban"
      },
      "geometry": {
        "type": "LineString",
        "coordinates": [
          [
            34.963503,
            48.4822941
          ],
          [
            34.9635209,
            48.4822378
          ],
          [
            34.9635297,
            48.482214
          ]
        ]
      },
      "id": "way/30571766"
    },
    {
      "type": "Feature",
      "properties": {
        "@id": "way/30572681",
        "bicycle": "yes",
        "highway": "trunk",
        "int_ref": "E 50",
        "maxspeed": "50",
        "name": "вулиця Кайдацький Шлях",
        "name:en": "Kaidatskyi Shliakh Street",
        "name:ru": "Кайдакский Шлях улица",
        "name:uk": "вулиця Кайдацький Шлях",
        "nat_ref": "М-30",
        "old_ref": "М-04",
        "oneway": "yes",
        "ref": "М-30",
        "smoothness": "excellent",
        "source:maxspeed": "UA:urban",
        "surface": "asphalt"
      },
      "geometry": {
        "type": "LineString",
        "coordinates": [
          [
            34.9608178,
            48.4899318
          ],
          [
            34.960815,
            48.4900023
          ],
          [
            34.9608135,
            48.4900681
          ],
          [
            34.9608387,
            48.4902675
          ],
          [
            34.960886,
            48.4904621
          ],
          [
            34.9609351,
            48.4906116
          ],
          [
            34.9609976,
            48.4907558
          ],
          [
            34.9610571,
            48.4908929
          ],
          [
            34.961122,
            48.4910326
          ],
          [
            34.9612679,
            48.4913068
          ],
          [
            34.9614765,
            48.4916467
          ],
          [
            34.9615468,
            48.4917588
          ]
        ]
      },
      "id": "way/30572681"
    },
    {
      "type": "Feature",
      "properties": {
        "@id": "way/30574653",
        "highway": "trunk",
        "int_ref": "E 50",
        "maxspeed": "50",
        "name": "вулиця Кайдацький Шлях",
        "name:en": "Kaidatskyi Shliakh Street",
        "name:ru": "Кайдакский Шлях улица",
        "name:uk": "вулиця Кайдацький Шлях",
        "nat_ref": "М-30",
        "old_ref": "М-04",
        "oneway": "yes",
        "ref": "М-30",
        "smoothness": "excellent",
        "source:maxspeed": "UA:urban"
      },
      "geometry": {
        "type": "LineString",
        "coordinates": [
          [
            34.9641043,
            48.4823766
          ],
          [
            34.9640259,
            48.4825925
          ],
          [
            34.9639428,
            48.4827896
          ],
          [
            34.9638391,
            48.4830358
          ],
          [
            34.9637036,
            48.4833789
          ],
          [
            34.9636486,
            48.483546
          ],
          [
            34.9636097,
            48.4837078
          ],
          [
            34.9635695,
            48.4839807
          ],
          [
            34.9635087,
            48.4846851
          ],
          [
            34.9634918,
            48.4847994
          ],
          [
            34.9634606,
            48.4849387
          ],
          [
            34.9632962,
            48.4853536
          ],
          [
            34.963181,
            48.4857052
          ],
          [
            34.9630907,
            48.4859647
          ],
          [
            34.9630284,
            48.4861355
          ],
          [
            34.9628742,
            48.4864261
          ]
        ]
      },
      "id": "way/30574653"
    },
    {
      "type": "Feature",
      "properties": {
        "@id": "way/31746794",
        "highway": "tertiary",
        "lanes": "2",
        "lit": "yes",
        "name": "Моніторна вулиця",
        "name:en": "Monitorna Street",
        "name:ru": "Мониторная улица",
        "name:uk": "Моніторна вулиця",
        "smoothness": "intermediate",
        "surface": "asphalt"
      },
      "geometry": {
        "type": "LineString",
        "coordinates": [
          [
            34.9073396,
            48.4744306
          ],
          [
            34.9072979,
            48.4744937
          ],
          [
            34.9071666,
            48.4746927
          ],
          [
            34.9071294,
            48.4747491
          ],
          [
            34.9070526,
            48.4748655
          ],
          [
            34.9068939,
            48.475106
          ],
          [
            34.906815,
            48.4752337
          ],
          [
            34.9067926,
            48.475304
          ]
        ]
      },
      "id": "way/31746794"
    },
    {
      "type": "Feature",
      "properties": {
        "@id": "way/32234981",
        "embankment": "yes",
        "highway": "tertiary",
        "lanes": "2",
        "maxspeed": "50",
        "name": "вулиця Юрія Кондратюка",
        "name:en": "Yuriia Kondratiuka Street",
        "name:ru": "Юрия Кондратюка улица",
        "name:uk": "вулиця Юрія Кондратюка",
        "old_name": "Комунарівська вулиця",
        "old_name:en": "Komunarivska Street",
        "old_name:uk": "Комунарівська вулиця",
        "oneway": "no",
        "smoothness": "good",
        "source:maxspeed": "UA:urban",
        "surface": "asphalt"
      },
      "geometry": {
        "type": "LineString",
        "coordinates": [
          [
            34.9162403,
            48.4637383
          ],
          [
            34.9166743,
            48.4644116
          ],
          [
            34.9171013,
            48.4650041
          ]
        ]
      },
      "id": "way/32234981"
    },
    {
      "type": "Feature",
      "properties": {
        "@id": "way/32234982",
        "bridge": "yes",
        "highway": "tertiary",
        "lanes": "2",
        "layer": "1",
        "maxspeed": "50",
        "name": "вулиця Юрія Кондратюка",
        "name:en": "Yuriia Kondratiuka Street",
        "name:ru": "Юрия Кондратюка улица",
        "name:uk": "вулиця Юрія Кондратюка",
        "old_name": "Комунарівська вулиця",
        "old_name:en": "Komunarivska Street",
        "old_name:uk": "Комунарівська вулиця",
        "source:maxspeed": "UA:urban",
        "surface": "asphalt"
      },
      "geometry": {
        "type": "LineString",
        "coordinates": [
          [
            34.9162403,
            48.4637383
          ],
          [
            34.9158387,
            48.4627477
          ]
        ]
      },
      "id": "way/32234982"
    },
    {
      "type": "Feature",
      "properties": {
        "@id": "way/32235838",
        "highway": "residential",
        "name": "вулиця Павла Тушкана",
        "name:uk": "вулиця Павла Тушкана",
        "old_name": "вулиця Вільямса",
        "old_name:en": "Viliamsa Street",
        "old_name:pl": "ulica Williamsa",
        "old_name:ru": "Вильямса улица",
        "old_name:uk": "вулиця Вільямса",
        "oneway": "no",
        "surface": "cobblestone"
      },
      "geometry": {
        "type": "LineString",
        "coordinates": [
          [
            34.9051695,
            48.4616673
          ],
          [
            34.9053443,
            48.4612838
          ],
          [
            34.9054937,
            48.4606752
          ],
          [
            34.905508,
            48.4606301
          ],
          [
            34.9056675,
            48.460012
          ],
          [
            34.9057377,
            48.4596258
          ],
          [
            34.9056747,
            48.4592881
          ],
          [
            34.9056299,
            48.4591102
          ],
          [
            34.9056279,
            48.4590158
          ],
          [
            34.9056309,
            48.4588986
          ],
          [
            34.9056759,
            48.4587412
          ],
          [
            34.9057971,
            48.4584206
          ],
          [
            34.9058389,
            48.4583075
          ],
          [
            34.9061326,
            48.457553
          ],
          [
            34.906391,
            48.4569071
          ],
          [
            34.9066242,
            48.4562304
          ],
          [
            34.9066471,
            48.4560953
          ],
          [
            34.9067631,
            48.4556557
          ],
          [
            34.9068584,
            48.4552946
          ],
          [
            34.906951,
            48.4548917
          ],
          [
            34.9069937,
            48.454821
          ],
          [
            34.9071196,
            48.4546444
          ],
          [
            34.907595,
            48.4541849
          ],
          [
            34.9078215,
            48.4539884
          ],
          [
            34.9081253,
            48.4536667
          ],
          [
            34.9086108,
            48.4531377
          ]
        ]
      },
      "id": "way/32235838"
    },
    {
      "type": "Feature",
      "properties": {
        "@id": "way/32235840",
        "highway": "residential",
        "name": "вулиця Павла Тушкана",
        "name:uk": "вулиця Павла Тушкана",
        "old_name": "вулиця Вільямса",
        "old_name:en": "Viliamsa Street",
        "old_name:pl": "ulica Williamsa",
        "old_name:ru": "Вильямса улица",
        "old_name:uk": "вулиця Вільямса"
      },
      "geometry": {
        "type": "LineString",
        "coordinates": [
          [
            34.905032,
            48.4628494
          ],
          [
            34.905017,
            48.4629672
          ],
          [
            34.9050115,
            48.463024
          ]
        ]
      },
      "id": "way/32235840"
    },
    {
      "type": "Feature",
      "properties": {
        "@id": "way/33822061",
        "highway": "residential",
        "name": "Перспективна вулиця",
        "name:en": "Perspektyvna Street",
        "name:pl": "ulica Perspektywna",
        "name:ru": "Перспективная улица",
        "name:uk": "Перспективна вулиця"
      },
      "geometry": {
        "type": "LineString",
        "coordinates": [
          [
            34.9030184,
            48.4780518
          ],
          [
            34.9028613,
            48.4779947
          ],
          [
            34.9026109,
            48.4779125
          ],
          [
            34.901762,
            48.4776242
          ],
          [
            34.901717,
            48.4776089
          ],
          [
            34.9015045,
            48.4775498
          ],
          [
            34.9014385,
            48.4775273
          ],
          [
            34.9013738,
            48.4774987
          ]
        ]
      },
      "id": "way/33822061"
    },
    {
      "type": "Feature",
      "properties": {
        "@id": "way/33822106",
        "highway": "residential",
        "lanes": "2",
        "name": "Зимівницька вулиця2",
        "name:en": "Zymivnytska Street",
        "name:uk": "Зимівницька вулиця",
        "old_name": "вулиця Макарова",
        "old_name:ru": "Макарова улица",
        "old_name:uk": "вулиця Макарова",
        "smoothness": "good",
        "surface": "asphalt"
      },
      "geometry": {
        "type": "LineString",
        "coordinates": [
          [
            34.9039424,
            48.4762735
          ],
          [
            34.9031574,
            48.4761652
          ],
          [
            34.9024103,
            48.4760535
          ],
          [
            34.9022141,
            48.4760258
          ],
          [
            34.9012951,
            48.4759042
          ]
        ]
      },
      "id": "way/33822106"
    },
    {
      "type": "Feature",
      "properties": {
        "@id": "way/33822122",
        "highway": "residential",
        "name": "Заливна вулиця",
        "name:en": "Zalyvna Street",
        "name:ru": "Заливная улица",
        "name:uk": "Заливна вулиця"
      },
      "geometry": {
        "type": "LineString",
        "coordinates": [
          [
            34.9026109,
            48.4779125
          ],
          [
            34.9025251,
            48.4780246
          ],
          [
            34.9022529,
            48.4781437
          ],
          [
            34.9019141,
            48.4782505
          ],
          [
            34.901703,
            48.4783188
          ],
          [
            34.901475,
            48.4784095
          ],
          [
            34.9013785,
            48.4784557
          ],
          [
            34.9012256,
            48.4785855
          ],
          [
            34.9008084,
            48.4787497
          ],
          [
            34.900545,
            48.4788497
          ],
          [
            34.9003863,
            48.4788804
          ],
          [
            34.9001229,
            48.4788886
          ],
          [
            34.8997616,
            48.4788972
          ],
          [
            34.8995082,
            48.4789263
          ],
          [
            34.899214,
            48.4789968
          ],
          [
            34.8989136,
            48.479101
          ],
          [
            34.8988458,
            48.4791245
          ]
        ]
      },
      "id": "way/33822122"
    },
    {
      "type": "Feature",
      "properties": {
        "@id": "way/33822145",
        "highway": "residential",
        "name": "Заливна вулиця",
        "name:en": "Zalyvna Street",
        "name:ru": "Заливная улица",
        "name:uk": "Заливна вулиця"
      },
      "geometry": {
        "type": "LineString",
        "coordinates": [
          [
            34.9016636,
            48.479878
          ],
          [
            34.9015799,
            48.4797998
          ],
          [
            34.9015085,
            48.4797555
          ],
          [
            34.9014281,
            48.479719
          ],
          [
            34.9011708,
            48.4796227
          ],
          [
            34.9010834,
            48.4795705
          ],
          [
            34.901019,
            48.4794585
          ],
          [
            34.9010133,
            48.4793746
          ],
          [
            34.9010657,
            48.4792644
          ],
          [
            34.9010888,
            48.479104
          ],
          [
            34.9011169,
            48.478902
          ],
          [
            34.9011451,
            48.4788211
          ],
          [
            34.9011639,
            48.4787455
          ],
          [
            34.9012256,
            48.4785855
          ]
        ]
      },
      "id": "way/33822145"
    },
    {
      "type": "Feature",
      "properties": {
        "@id": "way/33822167",
        "highway": "residential",
        "name": "провулок Короленка",
        "name:uk": "провулок Короленка",
        "old_name": "провулок Самійла Кішки",
        "old_name:pl": "zaułek Samiila Kishky",
        "old_name:uk": "провулок Самійла Кішки"
      },
      "geometry": {
        "type": "LineString",
        "coordinates": [
          [
            34.9040997,
            48.4752617
          ],
          [
            34.9028337,
            48.4749801
          ],
          [
            34.9014455,
            48.4748107
          ],
          [
            34.9000755,
            48.4746801
          ]
        ]
      },
      "id": "way/33822167"
    },
    {
      "type": "Feature",
      "properties": {
        "@id": "way/33822186",
        "highway": "residential",
        "name": "вулиця Петра Наріжного",
        "name:en": "Petra Narizhnoho Street",
        "name:uk": "вулиця Петра Наріжного",
        "old_name": "Таганська вулиця",
        "old_name:en": "Tahanska Street",
        "old_name:ru": "Таганская улица",
        "old_name:uk": "Таганська вулиця",
        "postal_code": "49018"
      },
      "geometry": {
        "type": "LineString",
        "coordinates": [
          [
            34.9009346,
            48.472619
          ],
          [
            34.9009555,
            48.472573
          ],
          [
            34.9010212,
            48.4724282
          ],
          [
            34.9010752,
            48.4721174
          ],
          [
            34.9011311,
            48.4720806
          ],
          [
            34.9027181,
            48.4721686
          ],
          [
            34.9037153,
            48.4722209
          ]
        ]
      },
      "id": "way/33822186"
    },
    {
      "type": "Feature",
      "properties": {
        "@id": "way/33822199",
        "highway": "residential",
        "name": "Квіткова вулиця",
        "name:en": "Kvitkova Street",
        "name:pl": "ulica Kwiatowa",
        "name:ru": "Цветочная улица",
        "name:uk": "Квіткова вулиця",
        "postal_code": "49018"
      },
      "geometry": {
        "type": "LineString",
        "coordinates": [
          [
            34.8983913,
            48.471281
          ],
          [
            34.8988723,
            48.4713304
          ],
          [
            34.8995341,
            48.4714019
          ],
          [
            34.8996597,
            48.4714157
          ],
          [
            34.9002207,
            48.471477
          ],
          [
            34.9008631,
            48.4714882
          ],
          [
            34.9017417,
            48.4714899
          ],
          [
            34.9019664,
            48.4715116
          ],
          [
            34.9023239,
            48.4715779
          ],
          [
            34.9025097,
            48.4715973
          ],
          [
            34.9028778,
            48.4715445
          ],
          [
            34.9031529,
            48.471487
          ],
          [
            34.9034679,
            48.4714442
          ],
          [
            34.9037321,
            48.4714244
          ]
        ]
      },
      "id": "way/33822199"
    },
    {
      "type": "Feature",
      "properties": {
        "@id": "way/33822212",
        "highway": "residential",
        "name": "вулиця Гулака-Артемовського",
        "name:en": "Hulaka-Artemovskoho Street",
        "name:pl": "ulica Hułak-Artemowskiego",
        "name:ru": "Гулака-Артемовского улица",
        "name:uk": "вулиця Гулака-Артемовського",
        "old_name": "вулиця Власенка",
        "old_name:en": "Vlasenka Street",
        "old_name:uk": "вулиця Власенка",
        "postal_code": "49018"
      },
      "geometry": {
        "type": "LineString",
        "coordinates": [
          [
            34.9038462,
            48.4708548
          ],
          [
            34.9030534,
            48.4707551
          ],
          [
            34.9027983,
            48.4707254
          ],
          [
            34.902405,
            48.4707106
          ],
          [
            34.9014252,
            48.4706742
          ],
          [
            34.9005573,
            48.4706243
          ],
          [
            34.9000806,
            48.4706156
          ],
          [
            34.8989317,
            48.4705445
          ]
        ]
      },
      "id": "way/33822212"
    },
    {
      "type": "Feature",
      "properties": {
        "@id": "way/33822225",
        "highway": "residential",
        "name": "Ніжинська вулиця",
        "name:en": "Nizhynska Street",
        "name:pl": "ulica Nieżyńska",
        "name:ru": "Нежинская улица",
        "name:uk": "Ніжинська вулиця",
        "postal_code": "49018"
      },
      "geometry": {
        "type": "LineString",
        "coordinates": [
          [
            34.9039269,
            48.4701711
          ],
          [
            34.9037916,
            48.470157
          ],
          [
            34.9031346,
            48.470112
          ],
          [
            34.9015425,
            48.4700227
          ],
          [
            34.9005565,
            48.4699685
          ],
          [
            34.9000027,
            48.4699262
          ],
          [
            34.8996861,
            48.4699093
          ],
          [
            34.8994034,
            48.4698991
          ],
          [
            34.8990892,
            48.4698766
          ],
          [
            34.8989567,
            48.4698414
          ],
          [
            34.8988427,
            48.4698026
          ],
          [
            34.8988019,
            48.4697842
          ],
          [
            34.8986935,
            48.4697776
          ],
          [
            34.8983166,
            48.4698274
          ]
        ]
      },
      "id": "way/33822225"
    },
    {
      "type": "Feature",
      "properties": {
        "@id": "way/33822333",
        "highway": "residential",
        "name": "вулиця Костюшка",
        "name:en": "Kostiushka Street",
        "name:pl": "ulica Kościuszki",
        "name:ru": "Костюшко улица",
        "name:uk": "вулиця Костюшка"
      },
      "geometry": {
        "type": "LineString",
        "coordinates": [
          [
            34.9037916,
            48.470157
          ],
          [
            34.9036663,
            48.4701043
          ],
          [
            34.9032032,
            48.4699552
          ],
          [
            34.9028654,
            48.4697854
          ],
          [
            34.902559,
            48.4696089
          ],
          [
            34.902032,
            48.4694774
          ],
          [
            34.9019426,
            48.4694404
          ],
          [
            34.9018511,
            48.4693211
          ],
          [
            34.9017461,
            48.4692269
          ],
          [
            34.9016224,
            48.4692099
          ],
          [
            34.9014578,
            48.4691883
          ],
          [
            34.9004607,
            48.46916
          ],
          [
            34.8990103,
            48.4690845
          ]
        ]
      },
      "id": "way/33822333"
    },
    {
      "type": "Feature",
      "properties": {
        "@id": "way/33822403",
        "highway": "residential",
        "name": "Фермерська вулиця",
        "name:en": "Fermerska Street",
        "name:ru": "Фермерская улица",
        "name:uk": "Фермерська вулиця",
        "old_name": "Колгоспна вулиця",
        "old_name:en": "Kolhospna Street",
        "old_name:uk": "Колгоспна вулиця"
      },
      "geometry": {
        "type": "LineString",
        "coordinates": [
          [
            34.8956106,
            48.4652136
          ],
          [
            34.8983853,
            48.4659537
          ],
          [
            34.900755,
            48.4665706
          ],
          [
            34.901641,
            48.466817
          ],
          [
            34.9022175,
            48.4669491
          ],
          [
            34.9027828,
            48.4670335
          ],
          [
            34.9042846,
            48.4672525
          ],
          [
            34.9045421,
            48.4672693
          ]
        ]
      },
      "id": "way/33822403"
    },
    {
      "type": "Feature",
      "properties": {
        "@id": "way/33822409",
        "highway": "residential",
        "name": "вулиця Василя Стуса",
        "name:en": "Vasylia Stusa Street",
        "name:pl": "ulica Wasyla Stusa",
        "name:ru": "Василия Стуса улица",
        "name:uk": "вулиця Василя Стуса",
        "old_name": "вулиця Луначарського",
        "old_name:en": "Lunacharskoho Street",
        "old_name:uk": "вулиця Луначарського"
      },
      "geometry": {
        "type": "LineString",
        "coordinates": [
          [
            34.8965409,
            48.464239
          ],
          [
            34.8966324,
            48.4642782
          ],
          [
            34.8974993,
            48.4646447
          ],
          [
            34.8985392,
            48.4650097
          ],
          [
            34.9002993,
            48.4655537
          ],
          [
            34.9008664,
            48.4657088
          ],
          [
            34.9026402,
            48.4660625
          ],
          [
            34.9033955,
            48.4662057
          ],
          [
            34.9041668,
            48.4663112
          ],
          [
            34.9046412,
            48.4663789
          ]
        ]
      },
      "id": "way/33822409"
    },
    {
      "type": "Feature",
      "properties": {
        "@id": "way/33822554",
        "highway": "residential",
        "name": "Омельницька вулиця",
        "name:en": "Omelnytska Street",
        "name:uk": "Омельницька вулиця",
        "old_name": "Забайкальська вулиця",
        "old_name:en": "Zabaikalska Street",
        "old_name:ru": "Забайкальская улица",
        "old_name:uk": "Забайкальська вулиця"
      },
      "geometry": {
        "type": "LineString",
        "coordinates": [
          [
            34.8972619,
            48.4616849
          ],
          [
            34.8984236,
            48.4620881
          ],
          [
            34.9008647,
            48.4629616
          ],
          [
            34.9015749,
            48.4631853
          ],
          [
            34.9023201,
            48.4633725
          ],
          [
            34.9032599,
            48.463546
          ],
          [
            34.9044385,
            48.4637494
          ],
          [
            34.9047117,
            48.463772
          ],
          [
            34.9049479,
            48.4637702
          ]
        ]
      },
      "id": "way/33822554"
    },
    {
      "type": "Feature",
      "properties": {
        "@id": "way/33849369",
        "highway": "tertiary",
        "lanes": "2",
        "lit": "yes",
        "maxspeed": "50",
        "name": "Велика Діївська вулиця",
        "name:en": "Velyka Diivska Street",
        "name:ru": "Большая Диёвская улица",
        "name:uk": "Велика Діївська вулиця",
        "old_name": "вулиця Братів Трофімових",
        "old_name:en": "Brativ Trofimovykh Street",
        "old_name:uk": "вулиця Братів Трофімових",
        "smoothness": "excellent",
        "source:maxspeed": "UA:urban",
        "surface": "asphalt"
      },
      "geometry": {
        "type": "LineString",
        "coordinates": [
          [
            34.9129342,
            48.476205
          ],
          [
            34.9128147,
            48.4761637
          ],
          [
            34.9127774,
            48.4761494
          ],
          [
            34.9123511,
            48.4760187
          ],
          [
            34.9122114,
            48.4759754
          ],
          [
            34.9113369,
            48.4757036
          ],
          [
            34.9111655,
            48.4756497
          ],
          [
            34.9109126,
            48.4755699
          ],
          [
            34.9096879,
            48.4751877
          ],
          [
            34.9093697,
            48.4750888
          ],
          [
            34.9089734,
            48.4749613
          ],
          [
            34.9084518,
            48.4747906
          ]
        ]
      },
      "id": "way/33849369"
    },
    {
      "type": "Feature",
      "properties": {
        "@id": "way/33849442",
        "highway": "unclassified",
        "maxwidth": "1.99",
        "name": "Чорноземна вулиця",
        "name:en": "Chornozemna Street",
        "name:ru": "Чернозёмная улица",
        "name:uk": "Чорноземна вулиця",
        "smoothness": "impassable"
      },
      "geometry": {
        "type": "LineString",
        "coordinates": [
          [
            34.9297571,
            48.4734844
          ],
          [
            34.9300398,
            48.4733264
          ],
          [
            34.9302476,
            48.4731267
          ],
          [
            34.9304615,
            48.4728248
          ],
          [
            34.9305582,
            48.4727114
          ],
          [
            34.9307773,
            48.4724546
          ],
          [
            34.9312407,
            48.4719117
          ],
          [
            34.9313488,
            48.4718437
          ],
          [
            34.9317784,
            48.4716779
          ]
        ]
      },
      "id": "way/33849442"
    },
    {
      "type": "Feature",
      "properties": {
        "@id": "way/34846549",
        "foot": "no",
        "highway": "secondary",
        "lanes": "4",
        "lit": "yes",
        "maxspeed": "70",
        "name": "вулиця Набережна Заводська",
        "name:ru": "Набережная Заводская улица",
        "name:uk": "вулиця Набережна Заводська",
        "oneway": "yes",
        "sidewalk": "no",
        "smoothness": "excellent",
        "source:maxspeed": "UA:urban",
        "surface": "asphalt",
        "trolley_wire": "yes"
      },
      "geometry": {
        "type": "LineString",
        "coordinates": [
          [
            34.9448053,
            48.4901321
          ],
          [
            34.943394,
            48.4898184
          ],
          [
            34.9429234,
            48.4897122
          ],
          [
            34.9425329,
            48.4896313
          ],
          [
            34.9419362,
            48.4895045
          ]
        ]
      },
      "id": "way/34846549"
    },
    {
      "type": "Feature",
      "properties": {
        "@id": "way/37372488",
        "highway": "residential",
        "name": "вулиця Павла Тушкана",
        "name:uk": "вулиця Павла Тушкана",
        "old_name": "вулиця Вільямса",
        "old_name:en": "Viliamsa Street",
        "old_name:pl": "ulica Williamsa",
        "old_name:ru": "Вильямса улица",
        "old_name:uk": "вулиця Вільямса"
      },
      "geometry": {
        "type": "LineString",
        "coordinates": [
          [
            34.9042129,
            48.4746845
          ],
          [
            34.9029764,
            48.4745287
          ],
          [
            34.9029396,
            48.4746149
          ]
        ]
      },
      "id": "way/37372488"
    },
    {
      "type": "Feature",
      "properties": {
        "@id": "way/37373737",
        "highway": "service",
        "name": "вулиця Павла Тушкана",
        "name:uk": "вулиця Павла Тушкана",
        "old_name": "вулиця Вільямса",
        "old_name:en": "Viliamsa Street",
        "old_name:pl": "ulica Williamsa",
        "old_name:ru": "Вильямса улица",
        "old_name:uk": "вулиця Вільямса"
      },
      "geometry": {
        "type": "LineString",
        "coordinates": [
          [
            34.9037735,
            48.4712335
          ],
          [
            34.9039153,
            48.4712698
          ],
          [
            34.9043794,
            48.4714691
          ],
          [
            34.9045516,
            48.4715373
          ]
        ]
      },
      "id": "way/37373737"
    },
    {
      "type": "Feature",
      "properties": {
        "@id": "way/37373747",
        "highway": "residential",
        "name": "Квітковий провулок",
        "name:en": "Kvitkovyi Lane",
        "name:pl": "zaułek Kwiatowy",
        "name:uk": "Квітковий провулок"
      },
      "geometry": {
        "type": "LineString",
        "coordinates": [
          [
            34.905771,
            48.473932
          ],
          [
            34.9057758,
            48.4738528
          ],
          [
            34.9057951,
            48.4735351
          ],
          [
            34.9058351,
            48.4733952
          ],
          [
            34.9058713,
            48.4729989
          ],
          [
            34.9058913,
            48.4727146
          ],
          [
            34.9059161,
            48.4721501
          ],
          [
            34.9059298,
            48.4720619
          ],
          [
            34.9059525,
            48.4719932
          ],
          [
            34.9061366,
            48.4719686
          ],
          [
            34.9061792,
            48.4719469
          ],
          [
            34.9061911,
            48.4719021
          ],
          [
            34.9061789,
            48.4718472
          ],
          [
            34.9061101,
            48.4716948
          ],
          [
            34.9060372,
            48.4714122
          ],
          [
            34.9059935,
            48.4711116
          ],
          [
            34.9059612,
            48.4709096
          ],
          [
            34.9058884,
            48.4707301
          ]
        ]
      },
      "id": "way/37373747"
    },
    {
      "type": "Feature",
      "properties": {
        "@id": "way/37373827",
        "highway": "residential",
        "name": "Ніжинський провулок",
        "name:en": "Nizhynskyi Lane",
        "name:uk": "Ніжинський провулок",
        "surface": "gravel"
      },
      "geometry": {
        "type": "LineString",
        "coordinates": [
          [
            34.9063554,
            48.4697307
          ],
          [
            34.9065551,
            48.469794
          ],
          [
            34.908442,
            48.4703454
          ],
          [
            34.9089679,
            48.4704561
          ]
        ]
      },
      "id": "way/37373827"
    },
    {
      "type": "Feature",
      "properties": {
        "@id": "way/37373917",
        "highway": "residential",
        "name": "Зернова вулиця",
        "name:en": "Zernova Street",
        "name:uk": "Зернова вулиця",
        "old_name": "вулиця Братів Каменських",
        "old_name:en": "Brativ Kamenskykh Street",
        "old_name:ru": "Братьев Каменских улица",
        "old_name:uk": "вулиця Братів Каменських"
      },
      "geometry": {
        "type": "LineString",
        "coordinates": [
          [
            34.9126573,
            48.4665202
          ],
          [
            34.9118728,
            48.4662486
          ],
          [
            34.9108432,
            48.4659098
          ],
          [
            34.9094021,
            48.4654532
          ],
          [
            34.9081123,
            48.4650307
          ],
          [
            34.9073492,
            48.4647792
          ]
        ]
      },
      "id": "way/37373917"
    },
    {
      "type": "Feature",
      "properties": {
        "@id": "way/37373937",
        "highway": "residential",
        "name": "вулиця Українських Воїнів",
        "name:de": "Ukrajinsskych Wojiniw Straße",
        "name:en": "Ukrainskykh voiniv Street",
        "name:fr": "Rue Oukraïnskykh Voïniv",
        "name:uk": "вулиця Українських Воїнів",
        "old_name": "вулиця 30-ї Іркутської Дивізії",
        "old_name:en": "30th Irkutskoi Dyvizii Street",
        "old_name:ru": "30-й Иркутской Дивизии улица",
        "old_name:uk": "вулиця 30-ї Іркутської Дивізії"
      },
      "geometry": {
        "type": "LineString",
        "coordinates": [
          [
            34.9080424,
            48.4641312
          ],
          [
            34.9121581,
            48.46543
          ],
          [
            34.9133808,
            48.4658474
          ],
          [
            34.9140075,
            48.4660612
          ],
          [
            34.9143296,
            48.4662036
          ]
        ]
      },
      "id": "way/37373937"
    },
    {
      "type": "Feature",
      "properties": {
        "@id": "way/37374004",
        "highway": "residential",
        "name": "Галицька вулиця",
        "name:en": "Halytska Street",
        "name:pl": "ulica Halicka",
        "name:uk": "Галицька вулиця",
        "old_name": "Пролетарська вулиця",
        "old_name:en": "Proletarska Street",
        "old_name:ru": "Пролетарская улица",
        "old_name:uk": "Пролетарська вулиця",
        "surface": "gravel"
      },
      "geometry": {
        "type": "LineString",
        "coordinates": [
          [
            34.9133808,
            48.4658474
          ],
          [
            34.9131003,
            48.466129
          ],
          [
            34.9126573,
            48.4665202
          ],
          [
            34.9119912,
            48.4671208
          ],
          [
            34.9118419,
            48.4672107
          ],
          [
            34.9091515,
            48.4699282
          ]
        ]
      },
      "id": "way/37374004"
    },
    {
      "type": "Feature",
      "properties": {
        "@id": "way/37374018",
        "highway": "residential",
        "name": "вулиця Відродження",
        "name:en": "Vidrodzhennia Street",
        "name:ru": "Возрождения улица",
        "name:uk": "вулиця Відродження",
        "surface": "gravel"
      },
      "geometry": {
        "type": "LineString",
        "coordinates": [
          [
            34.9083462,
            48.4696008
          ],
          [
            34.9105199,
            48.4670739
          ],
          [
            34.9107528,
            48.4667912
          ]
        ]
      },
      "id": "way/37374018"
    },
    {
      "type": "Feature",
      "properties": {
        "@id": "way/37374045",
        "highway": "residential",
        "name": "Галицька вулиця",
        "name:en": "Halytska Street",
        "name:pl": "ulica Halicka",
        "name:uk": "Галицька вулиця",
        "old_name": "Пролетарська вулиця",
        "old_name:en": "Proletarska Street",
        "old_name:ru": "Пролетарская улица",
        "old_name:uk": "Пролетарська вулиця",
        "surface": "gravel"
      },
      "geometry": {
        "type": "LineString",
        "coordinates": [
          [
            34.9076333,
            48.4693143
          ],
          [
            34.9076635,
            48.4692084
          ],
          [
            34.9089522,
            48.4677977
          ],
          [
            34.9095232,
            48.4672513
          ],
          [
            34.910139,
            48.4666053
          ]
        ]
      },
      "id": "way/37374045"
    },
    {
      "type": "Feature",
      "properties": {
        "@id": "way/37374047",
        "highway": "residential",
        "name": "Міська вулиця",
        "name:en": "Miska Street",
        "name:uk": "Міська вулиця",
        "surface": "gravel"
      },
      "geometry": {
        "type": "LineString",
        "coordinates": [
          [
            34.9069001,
            48.4689101
          ],
          [
            34.9067885,
            48.4688401
          ],
          [
            34.9067801,
            48.4688235
          ],
          [
            34.9067656,
            48.4687947
          ],
          [
            34.906785,
            48.468739
          ],
          [
            34.9069494,
            48.4685422
          ],
          [
            34.9076347,
            48.4678202
          ],
          [
            34.9082771,
            48.4671488
          ],
          [
            34.9089919,
            48.4663894
          ],
          [
            34.9091354,
            48.4662231
          ],
          [
            34.909172,
            48.4661344
          ],
          [
            34.9093467,
            48.4658889
          ],
          [
            34.9093658,
            48.4658258
          ],
          [
            34.9092835,
            48.4657191
          ],
          [
            34.9093029,
            48.4656333
          ],
          [
            34.9094021,
            48.4654532
          ]
        ]
      },
      "id": "way/37374047"
    },
    {
      "type": "Feature",
      "properties": {
        "@id": "way/37374081",
        "highway": "residential",
        "name": "Галицька вулиця",
        "name:en": "Halytska Street",
        "name:pl": "ulica Halicka",
        "name:uk": "Галицька вулиця",
        "old_name": "Пролетарська вулиця",
        "old_name:en": "Proletarska Street",
        "old_name:ru": "Пролетарская улица",
        "old_name:uk": "Пролетарська вулиця",
        "surface": "gravel"
      },
      "geometry": {
        "type": "LineString",
        "coordinates": [
          [
            34.9076333,
            48.4693143
          ],
          [
            34.9083462,
            48.4696008
          ],
          [
            34.9089437,
            48.4698974
          ],
          [
            34.9090388,
            48.4699214
          ],
          [
            34.9091515,
            48.4699282
          ],
          [
            34.9097292,
            48.4701264
          ]
        ]
      },
      "id": "way/37374081"
    },
    {
      "type": "Feature",
      "properties": {
        "@id": "way/37374105",
        "highway": "residential",
        "name": "Повстанська вулиця",
        "name:en": "Povstanska Street",
        "name:pl": "ulica powstańcza",
        "name:uk": "Повстанська вулиця",
        "surface": "asphalt"
      },
      "geometry": {
        "type": "LineString",
        "coordinates": [
          [
            34.9106958,
            48.4703301
          ],
          [
            34.9107545,
            48.4703536
          ],
          [
            34.9102539,
            48.4711181
          ],
          [
            34.9100361,
            48.4714533
          ],
          [
            34.9097986,
            48.4721809
          ],
          [
            34.9098,
            48.4723512
          ],
          [
            34.9098152,
            48.4725351
          ],
          [
            34.9098741,
            48.4727412
          ],
          [
            34.9100204,
            48.4729802
          ],
          [
            34.9102297,
            48.4732025
          ],
          [
            34.9102957,
            48.4732995
          ],
          [
            34.9103373,
            48.4734247
          ],
          [
            34.910376,
            48.4735702
          ],
          [
            34.9103363,
            48.4737696
          ],
          [
            34.9102764,
            48.4739507
          ],
          [
            34.9102063,
            48.4741514
          ],
          [
            34.909982,
            48.4747267
          ],
          [
            34.9096879,
            48.4751877
          ]
        ]
      },
      "id": "way/37374105"
    },
    {
      "type": "Feature",
      "properties": {
        "@id": "way/37374156",
        "highway": "residential",
        "name": "Повстанська вулиця",
        "name:en": "Povstanska Street",
        "name:pl": "ulica powstańcza",
        "name:uk": "Повстанська вулиця"
      },
      "geometry": {
        "type": "LineString",
        "coordinates": [
          [
            34.9102297,
            48.4732025
          ],
          [
            34.909593,
            48.4733243
          ],
          [
            34.9091514,
            48.4733673
          ]
        ]
      },
      "id": "way/37374156"
    },
    {
      "type": "Feature",
      "properties": {
        "@id": "way/37374229",
        "highway": "residential",
        "name": "Квітковий провулок",
        "name:en": "Kvitkovyi Lane",
        "name:pl": "zaułek Kwiatowy",
        "name:uk": "Квітковий провулок",
        "surface": "gravel"
      },
      "geometry": {
        "type": "LineString",
        "coordinates": [
          [
            34.9084518,
            48.4747906
          ],
          [
            34.908502,
            48.4747134
          ],
          [
            34.9086063,
            48.4744745
          ],
          [
            34.9085913,
            48.4741078
          ],
          [
            34.908572,
            48.4738649
          ],
          [
            34.9083946,
            48.4736201
          ],
          [
            34.9083714,
            48.4735334
          ],
          [
            34.9083669,
            48.4733756
          ],
          [
            34.9083568,
            48.4730174
          ]
        ]
      },
      "id": "way/37374229"
    },
    {
      "type": "Feature",
      "properties": {
        "@id": "way/37374243",
        "highway": "residential",
        "name": "Повстанська вулиця",
        "name:en": "Povstanska Street",
        "name:pl": "ulica powstańcza",
        "name:uk": "Повстанська вулиця",
        "surface": "gravel"
      },
      "geometry": {
        "type": "LineString",
        "coordinates": [
          [
            34.9097986,
            48.4721809
          ],
          [
            34.9090947,
            48.4721789
          ],
          [
            34.9083186,
            48.4721704
          ]
        ]
      },
      "id": "way/37374243"
    },
    {
      "type": "Feature",
      "properties": {
        "@id": "way/37374260",
        "highway": "residential",
        "name": "Квітковий провулок",
        "name:en": "Kvitkovyi Lane",
        "name:pl": "zaułek Kwiatowy",
        "name:uk": "Квітковий провулок",
        "surface": "gravel"
      },
      "geometry": {
        "type": "LineString",
        "coordinates": [
          [
            34.9098529,
            48.4701688
          ],
          [
            34.9094838,
            48.4709842
          ],
          [
            34.9093283,
            48.4713277
          ],
          [
            34.9092444,
            48.4716714
          ]
        ]
      },
      "id": "way/37374260"
    },
    {
      "type": "Feature",
      "properties": {
        "@id": "way/37374650",
        "highway": "residential",
        "name": "Галицький провулок",
        "name:en": "Halytskyy Lane",
        "name:uk": "Галицький провулок",
        "old_name": "Пролетарський провулок",
        "old_name:en": "Proletarskyi Lane",
        "old_name:ru": "Пролетарский переулок",
        "old_name:uk": "Пролетарський провулок",
        "surface": "gravel"
      },
      "geometry": {
        "type": "LineString",
        "coordinates": [
          [
            34.9107117,
            48.469775
          ],
          [
            34.9118806,
            48.4685655
          ],
          [
            34.9124182,
            48.4680259
          ],
          [
            34.9129024,
            48.4674695
          ]
        ]
      },
      "id": "way/37374650"
    },
    {
      "type": "Feature",
      "properties": {
        "@id": "way/37374652",
        "highway": "residential",
        "name": "Галицька вулиця",
        "name:en": "Halytska Street",
        "name:pl": "ulica Halicka",
        "name:uk": "Галицька вулиця",
        "old_name": "Пролетарська вулиця",
        "old_name:en": "Proletarska Street",
        "old_name:ru": "Пролетарская улица",
        "old_name:uk": "Пролетарська вулиця",
        "surface": "gravel"
      },
      "geometry": {
        "type": "LineString",
        "coordinates": [
          [
            34.9129024,
            48.4674695
          ],
          [
            34.9119912,
            48.4671208
          ],
          [
            34.9107528,
            48.4667912
          ],
          [
            34.910139,
            48.4666053
          ],
          [
            34.9092497,
            48.4662604
          ],
          [
            34.9091354,
            48.4662231
          ]
        ]
      },
      "id": "way/37374652"
    },
    {
      "type": "Feature",
      "properties": {
        "@id": "way/37374700",
        "highway": "residential",
        "name": "Весняна вулиця",
        "name:en": "Vesniana Street",
        "name:pl": "ulica Wiosenna",
        "name:ru": "Весенняя улица",
        "name:uk": "Весняна вулиця"
      },
      "geometry": {
        "type": "LineString",
        "coordinates": [
          [
            34.9150304,
            48.4655177
          ],
          [
            34.9127406,
            48.4646988
          ],
          [
            34.9112062,
            48.4641616
          ],
          [
            34.9111068,
            48.4640937
          ],
          [
            34.9111238,
            48.4639982
          ],
          [
            34.9099779,
            48.4636618
          ],
          [
            34.9095592,
            48.4635335
          ],
          [
            34.9091586,
            48.4634251
          ],
          [
            34.9085176,
            48.4633731
          ]
        ]
      },
      "id": "way/37374700"
    },
    {
      "type": "Feature",
      "properties": {
        "@id": "way/37377043",
        "highway": "residential",
        "name": "Повстанська вулиця",
        "name:en": "Povstanska Street",
        "name:pl": "ulica powstańcza",
        "name:uk": "Повстанська вулиця"
      },
      "geometry": {
        "type": "LineString",
        "coordinates": [
          [
            34.9098,
            48.4723512
          ],
          [
            34.9101464,
            48.4723404
          ],
          [
            34.9102591,
            48.4723155
          ],
          [
            34.9103688,
            48.4722717
          ],
          [
            34.9105797,
            48.4721889
          ]
        ]
      },
      "id": "way/37377043"
    },
    {
      "type": "Feature",
      "properties": {
        "@id": "way/37383875",
        "highway": "residential",
        "name": "Весняна вулиця",
        "name:en": "Vesniana Street",
        "name:pl": "ulica Wiosenna",
        "name:ru": "Весенняя улица",
        "name:uk": "Весняна вулиця",
        "surface": "asphalt"
      },
      "geometry": {
        "type": "LineString",
        "coordinates": [
          [
            34.9184253,
            48.4681507
          ],
          [
            34.9172395,
            48.4671474
          ],
          [
            34.9164358,
            48.4664667
          ],
          [
            34.9156313,
            48.466148
          ],
          [
            34.9147843,
            48.4658037
          ]
        ]
      },
      "id": "way/37383875"
    },
    {
      "type": "Feature",
      "properties": {
        "@id": "way/37383878",
        "highway": "residential",
        "name": "Колективна вулиця",
        "name:en": "Kolektyvna Street",
        "name:ru": "Коллективная улица",
        "name:uk": "Колективна вулиця"
      },
      "geometry": {
        "type": "LineString",
        "coordinates": [
          [
            34.9139157,
            48.466649
          ],
          [
            34.9143096,
            48.4667388
          ],
          [
            34.9146593,
            48.4668879
          ],
          [
            34.9149905,
            48.4670953
          ],
          [
            34.9154557,
            48.4674109
          ],
          [
            34.9160242,
            48.467701
          ],
          [
            34.9165372,
            48.4679543
          ],
          [
            34.9169685,
            48.4681331
          ],
          [
            34.9180307,
            48.4685242
          ],
          [
            34.9194124,
            48.4690703
          ],
          [
            34.9199333,
            48.4693242
          ]
        ]
      },
      "id": "way/37383878"
    },
    {
      "type": "Feature",
      "properties": {
        "@id": "way/37383879",
        "highway": "residential",
        "name": "провулок Юрія Дрогобича",
        "name:uk": "провулок Юрія Дрогобича",
        "old_name": "Німанський провулок",
        "old_name:en": "Nimanskyi Lane",
        "old_name:uk": "Німанський провулок"
      },
      "geometry": {
        "type": "LineString",
        "coordinates": [
          [
            34.9192527,
            48.4680531
          ],
          [
            34.9193731,
            48.4680299
          ],
          [
            34.9195052,
            48.4680318
          ],
          [
            34.9201307,
            48.4681956
          ],
          [
            34.920509,
            48.4683198
          ],
          [
            34.9207543,
            48.4684238
          ],
          [
            34.9210071,
            48.468558
          ],
          [
            34.9213899,
            48.4687377
          ],
          [
            34.9218467,
            48.4688898
          ],
          [
            34.9221688,
            48.4689597
          ],
          [
            34.9223271,
            48.4690191
          ]
        ]
      },
      "id": "way/37383879"
    },
    {
      "type": "Feature",
      "properties": {
        "@id": "way/37383881",
        "highway": "residential",
        "name": "Фронтовий провулок",
        "name:en": "Frontovyi Lane",
        "name:ru": "Фронтовой переулок",
        "name:uk": "Фронтовий провулок"
      },
      "geometry": {
        "type": "LineString",
        "coordinates": [
          [
            34.9182649,
            48.4665084
          ],
          [
            34.918435,
            48.4664885
          ],
          [
            34.9187744,
            48.4665117
          ],
          [
            34.9194551,
            48.4666325
          ],
          [
            34.9194937,
            48.4666489
          ],
          [
            34.9199576,
            48.4668449
          ],
          [
            34.9205723,
            48.4671171
          ],
          [
            34.921219,
            48.4673746
          ],
          [
            34.9214202,
            48.4674158
          ],
          [
            34.9216359,
            48.4674492
          ]
        ]
      },
      "id": "way/37383881"
    },
    {
      "type": "Feature",
      "properties": {
        "@id": "way/37383886",
        "highway": "residential",
        "name": "вулиця Кринична Балка",
        "name:de": "Krynytschna-Balka-Straße",
        "name:en": "Krynychna Balka Street",
        "name:fr": "Rue Krynytchna Balka",
        "name:it": "Via Krynyčna Balka",
        "name:ru": "Криничная Балка улица",
        "name:uk": "вулиця Кринична Балка",
        "old_name:en": "Tiumenskyi Lane",
        "old_name:uk": "Тюменський провулок"
      },
      "geometry": {
        "type": "LineString",
        "coordinates": [
          [
            34.9231906,
            48.4686022
          ],
          [
            34.9232359,
            48.4684766
          ],
          [
            34.9232752,
            48.4683723
          ],
          [
            34.9233096,
            48.4682692
          ],
          [
            34.9232901,
            48.4681887
          ],
          [
            34.9233025,
            48.4681124
          ],
          [
            34.9232551,
            48.4680092
          ],
          [
            34.9232316,
            48.4678996
          ],
          [
            34.9231618,
            48.4676164
          ],
          [
            34.9230628,
            48.4673363
          ],
          [
            34.9228132,
            48.4669334
          ],
          [
            34.9225715,
            48.4665209
          ],
          [
            34.9225015,
            48.4664132
          ]
        ]
      },
      "id": "way/37383886"
    },
    {
      "type": "Feature",
      "properties": {
        "@id": "way/37383897",
        "highway": "residential",
        "name": "Курсовий провулок",
        "name:en": "Kursovyi Lane",
        "name:ru": "Курсовой переулок",
        "name:uk": "Курсовий провулок"
      },
      "geometry": {
        "type": "LineString",
        "coordinates": [
          [
            34.917257,
            48.469288
          ],
          [
            34.9150757,
            48.468424
          ]
        ]
      },
      "id": "way/37383897"
    },
    {
      "type": "Feature",
      "properties": {
        "@id": "way/37383899",
        "highway": "residential",
        "name": "Повстанська вулиця",
        "name:en": "Povstanska Street",
        "name:pl": "ulica powstańcza",
        "name:ru": "Повстанческая улица",
        "name:uk": "Повстанська вулиця"
      },
      "geometry": {
        "type": "LineString",
        "coordinates": [
          [
            34.9105797,
            48.4721889
          ],
          [
            34.9106031,
            48.4722395
          ],
          [
            34.9106753,
            48.4724841
          ],
          [
            34.910768,
            48.4726794
          ],
          [
            34.9110988,
            48.4734783
          ],
          [
            34.9109542,
            48.4735386
          ],
          [
            34.9109425,
            48.4735796
          ],
          [
            34.9112037,
            48.4742427
          ]
        ]
      },
      "id": "way/37383899"
    },
    {
      "type": "Feature",
      "properties": {
        "@id": "way/37408423",
        "highway": "tertiary",
        "lanes": "2",
        "maxspeed": "50",
        "name": "вулиця Юрія Кондратюка",
        "name:en": "Yuriia Kondratiuka Street",
        "name:ru": "Юрия Кондратюка улица",
        "name:uk": "вулиця Юрія Кондратюка",
        "old_name": "Комунарівська вулиця",
        "old_name:en": "Komunarivska Street",
        "old_name:uk": "Комунарівська вулиця",
        "source:maxspeed": "UA:urban",
        "surface": "asphalt"
      },
      "geometry": {
        "type": "LineString",
        "coordinates": [
          [
            34.9158387,
            48.4627477
          ],
          [
            34.9158053,
            48.4626823
          ],
          [
            34.9156401,
            48.4622411
          ],
          [
            34.9155967,
            48.4621322
          ],
          [
            34.9155447,
            48.4620182
          ],
          [
            34.9154826,
            48.461882
          ],
          [
            34.9153109,
            48.4614571
          ],
          [
            34.9150818,
            48.4608429
          ],
          [
            34.9147125,
            48.4600972
          ],
          [
            34.914253,
            48.4593334
          ],
          [
            34.9137427,
            48.4583385
          ],
          [
            34.913587,
            48.4579653
          ],
          [
            34.9134355,
            48.4576371
          ],
          [
            34.913108,
            48.456957
          ],
          [
            34.9125306,
            48.4556896
          ],
          [
            34.9124327,
            48.4554836
          ],
          [
            34.9121113,
            48.454779
          ]
        ]
      },
      "id": "way/37408423"
    },
    {
      "type": "Feature",
      "properties": {
        "@id": "way/37409174",
        "highway": "residential",
        "name": "вулиця Адмірала Остроградського",
        "name:uk": "вулиця Адмірала Остроградського",
        "old_name": "вулиця Можайського",
        "old_name:en": "Mozhaiskoho Street",
        "old_name:pl": "ulica Możajskiego",
        "old_name:uk": "вулиця Можайського"
      },
      "geometry": {
        "type": "LineString",
        "coordinates": [
          [
            34.9173795,
            48.4691554
          ],
          [
            34.9202938,
            48.4704581
          ],
          [
            34.9228126,
            48.4715555
          ],
          [
            34.9229977,
            48.4716627
          ],
          [
            34.9237511,
            48.4721737
          ],
          [
            34.9249353,
            48.4729876
          ],
          [
            34.9256323,
            48.4734649
          ],
          [
            34.9261636,
            48.4738516
          ],
          [
            34.9263103,
            48.4739678
          ],
          [
            34.9265981,
            48.4742519
          ],
          [
            34.9268414,
            48.4745306
          ]
        ]
      },
      "id": "way/37409174"
    },
    {
      "type": "Feature",
      "properties": {
        "@id": "way/37409175",
        "highway": "residential",
        "name": "Чорногірська вулиця",
        "name:en": "Chornohirska Street",
        "name:ru": "Черногорская улица",
        "name:uk": "Чорногірська вулиця"
      },
      "geometry": {
        "type": "LineString",
        "coordinates": [
          [
            34.9167296,
            48.4699585
          ],
          [
            34.9172982,
            48.4701532
          ],
          [
            34.9178932,
            48.4703813
          ],
          [
            34.9184987,
            48.4706961
          ],
          [
            34.9196682,
            48.4712123
          ],
          [
            34.9201247,
            48.4714109
          ],
          [
            34.9213204,
            48.4719284
          ],
          [
            34.922332,
            48.472344
          ],
          [
            34.9226835,
            48.4725189
          ],
          [
            34.9242654,
            48.4733933
          ],
          [
            34.9249575,
            48.4738375
          ],
          [
            34.9252354,
            48.4740406
          ],
          [
            34.9255317,
            48.4742622
          ],
          [
            34.9258152,
            48.4745162
          ]
        ]
      },
      "id": "way/37409175"
    },
    {
      "type": "Feature",
      "properties": {
        "@id": "way/37409176",
        "highway": "residential",
        "name": "Гвоздична вулиця",
        "name:en": "Hvozdychna Street",
        "name:ru": "Гвоздичная улица",
        "name:uk": "Гвоздична вулиця",
        "surface": "asphalt"
      },
      "geometry": {
        "type": "LineString",
        "coordinates": [
          [
            34.9162325,
            48.4706484
          ],
          [
            34.919539,
            48.4720105
          ],
          [
            34.9198228,
            48.4721357
          ],
          [
            34.9204769,
            48.4723919
          ],
          [
            34.9228191,
            48.4733949
          ],
          [
            34.9232275,
            48.4735631
          ],
          [
            34.9237978,
            48.4738257
          ]
        ]
      },
      "id": "way/37409176"
    },
    {
      "type": "Feature",
      "properties": {
        "@id": "way/37409177",
        "highway": "residential",
        "name": "вулиця Кармалюка",
        "name:en": "Karmaliuka Street",
        "name:ru": "Кармелюка улица",
        "name:uk": "вулиця Кармалюка"
      },
      "geometry": {
        "type": "LineString",
        "coordinates": [
          [
            34.9154583,
            48.4717669
          ],
          [
            34.9156138,
            48.4718118
          ],
          [
            34.9161916,
            48.4719032
          ],
          [
            34.9163588,
            48.4719207
          ],
          [
            34.9167209,
            48.4719587
          ],
          [
            34.9168923,
            48.4719701
          ],
          [
            34.9183277,
            48.4721043
          ],
          [
            34.9184482,
            48.4721794
          ],
          [
            34.9189479,
            48.4724059
          ],
          [
            34.9194276,
            48.4725907
          ],
          [
            34.9198094,
            48.4727556
          ],
          [
            34.9206268,
            48.4731433
          ],
          [
            34.9212625,
            48.4734023
          ],
          [
            34.921936,
            48.47376
          ],
          [
            34.9224589,
            48.4740261
          ],
          [
            34.9232076,
            48.4743876
          ]
        ]
      },
      "id": "way/37409177"
    },
    {
      "type": "Feature",
      "properties": {
        "@id": "way/37409181",
        "highway": "residential",
        "name": "вулиця Кармалюка",
        "name:en": "Karmaliuka Street",
        "name:ru": "Кармелюка улица",
        "name:uk": "вулиця Кармалюка"
      },
      "geometry": {
        "type": "LineString",
        "coordinates": [
          [
            34.9260397,
            48.4725554
          ],
          [
            34.9259477,
            48.4725437
          ],
          [
            34.9258542,
            48.4725405
          ],
          [
            34.9257667,
            48.4725453
          ],
          [
            34.9256809,
            48.4725575
          ],
          [
            34.9249353,
            48.4729876
          ],
          [
            34.9242654,
            48.4733933
          ],
          [
            34.9237978,
            48.4738257
          ],
          [
            34.9235093,
            48.4741157
          ],
          [
            34.9232076,
            48.4743876
          ],
          [
            34.9231258,
            48.4744775
          ],
          [
            34.9231002,
            48.4748023
          ],
          [
            34.9230986,
            48.474885
          ]
        ]
      },
      "id": "way/37409181"
    },
    {
      "type": "Feature",
      "properties": {
        "@id": "way/37409184",
        "highway": "residential",
        "name": "Чорногірська вулиця",
        "name:en": "Chornohirska Street",
        "name:ru": "Черногорская улица",
        "name:uk": "Чорногірська вулиця"
      },
      "geometry": {
        "type": "LineString",
        "coordinates": [
          [
            34.9284019,
            48.4744302
          ],
          [
            34.9275545,
            48.4745625
          ],
          [
            34.9269589,
            48.4745426
          ],
          [
            34.9268414,
            48.4745306
          ],
          [
            34.9263581,
            48.4745198
          ],
          [
            34.9258152,
            48.4745162
          ],
          [
            34.9254718,
            48.4745441
          ],
          [
            34.9251949,
            48.474528
          ]
        ]
      },
      "id": "way/37409184"
    },
    {
      "type": "Feature",
      "properties": {
        "@id": "way/37409186",
        "highway": "residential",
        "name": "Краматорська вулиця",
        "name:de": "Kramatorsska-Straße",
        "name:en": "Kramatorska Street",
        "name:fr": "Rue Kramatorska",
        "name:ru": "Краматорская улица",
        "name:uk": "Краматорська вулиця",
        "old_name": "Орська вулиця",
        "old_name:en": "Orska Street",
        "old_name:uk": "Орська вулиця"
      },
      "geometry": {
        "type": "LineString",
        "coordinates": [
          [
            34.9202522,
            48.4748867
          ],
          [
            34.9203487,
            48.4748882
          ],
          [
            34.9211709,
            48.4748768
          ],
          [
            34.9225262,
            48.4748971
          ],
          [
            34.9230986,
            48.474885
          ],
          [
            34.9241287,
            48.4749042
          ],
          [
            34.9251893,
            48.4749209
          ]
        ]
      },
      "id": "way/37409186"
    },
    {
      "type": "Feature",
      "properties": {
        "@id": "way/37409188",
        "highway": "residential",
        "name": "вулиця Кармалюка",
        "name:en": "Karmaliuka Street",
        "name:ru": "Кармелюка улица",
        "name:uk": "вулиця Кармалюка"
      },
      "geometry": {
        "type": "LineString",
        "coordinates": [
          [
            34.921936,
            48.47376
          ],
          [
            34.9212135,
            48.4744632
          ],
          [
            34.9211709,
            48.4748768
          ]
        ]
      },
      "id": "way/37409188"
    },
    {
      "type": "Feature",
      "properties": {
        "@id": "way/37410596",
        "highway": "residential",
        "name": "провулок Памви Беринди",
        "name:uk": "провулок Памви Беринди",
        "old_name": "провулок Джамбула Джабаєва",
        "old_name:en": "Dzhambula Dzhabaieva Lane",
        "old_name:uk": "провулок Джамбула Джабаєва"
      },
      "geometry": {
        "type": "LineString",
        "coordinates": [
          [
            34.9144699,
            48.4688499
          ],
          [
            34.9146482,
            48.468922
          ],
          [
            34.9152518,
            48.4691784
          ],
          [
            34.9159186,
            48.4694308
          ],
          [
            34.916266,
            48.4695784
          ],
          [
            34.9168337,
            48.4698171
          ]
        ]
      },
      "id": "way/37410596"
    },
    {
      "type": "Feature",
      "properties": {
        "@id": "way/37410597",
        "highway": "residential",
        "name": "Повстанська вулиця",
        "name:en": "Povstanska Street",
        "name:pl": "ulica powstańcza",
        "name:uk": "Повстанська вулиця"
      },
      "geometry": {
        "type": "LineString",
        "coordinates": [
          [
            34.913856,
            48.4707903
          ],
          [
            34.913742,
            48.4709255
          ],
          [
            34.9136611,
            48.4711093
          ],
          [
            34.9136423,
            48.4712607
          ],
          [
            34.9133331,
            48.471754
          ],
          [
            34.9132154,
            48.4719622
          ],
          [
            34.9130514,
            48.4721925
          ]
        ]
      },
      "id": "way/37410597"
    },
    {
      "type": "Feature",
      "properties": {
        "@id": "way/37410598",
        "highway": "residential",
        "name": "Кутаїський провулок",
        "name:en": "Kutaiskyi Lane",
        "name:ru": "Кутаисский переулок",
        "name:uk": "Кутаїський провулок"
      },
      "geometry": {
        "type": "LineString",
        "coordinates": [
          [
            34.9156519,
            48.4714879
          ],
          [
            34.914974,
            48.4712619
          ],
          [
            34.913856,
            48.4707903
          ],
          [
            34.9130054,
            48.470438
          ],
          [
            34.9126245,
            48.4703078
          ],
          [
            34.9124071,
            48.4702694
          ],
          [
            34.9122793,
            48.4702828
          ],
          [
            34.9122164,
            48.470333
          ]
        ]
      },
      "id": "way/37410598"
    },
    {
      "type": "Feature",
      "properties": {
        "@id": "way/37411441",
        "highway": "residential",
        "lit": "yes",
        "name": "Гідропаркова вулиця",
        "name:en": "Hidroparkova street",
        "name:ru": "Гидропарковая улица",
        "name:uk": "Гідропаркова вулиця",
        "sidewalk": "separate",
        "smoothness": "excellent",
        "surface": "asphalt"
      },
      "geometry": {
        "type": "LineString",
        "coordinates": [
          [
            34.9057024,
            48.4809009
          ],
          [
            34.9055087,
            48.480894
          ],
          [
            34.9053524,
            48.4808886
          ],
          [
            34.9047406,
            48.4808672
          ],
          [
            34.9045022,
            48.4808589
          ],
          [
            34.9038419,
            48.4808359
          ],
          [
            34.90264,
            48.4807919
          ],
          [
            34.9024683,
            48.4807534
          ],
          [
            34.9021282,
            48.4804944
          ],
          [
            34.9016123,
            48.4801013
          ],
          [
            34.9015929,
            48.4800452
          ],
          [
            34.9016131,
            48.4799719
          ],
          [
            34.9016636,
            48.479878
          ]
        ]
      },
      "id": "way/37411441"
    },
    {
      "type": "Feature",
      "properties": {
        "@id": "way/37531247",
        "highway": "residential",
        "name": "Гайдамацька вулиця",
        "name:en": "Haidamatska Street",
        "name:pl": "ulica Hajdamacka",
        "name:ru": "Гайдамацкая улица",
        "name:uk": "Гайдамацька вулиця",
        "old_name": "Комісарівська вулиця",
        "old_name:en": "Komisarivska Street",
        "old_name:uk": "Комісарівська вулиця",
        "smoothness": "bad",
        "surface": "asphalt"
      },
      "geometry": {
        "type": "LineString",
        "coordinates": [
          [
            34.9245132,
            48.4565067
          ],
          [
            34.9244674,
            48.4565605
          ],
          [
            34.9242991,
            48.4567881
          ],
          [
            34.9239841,
            48.4571503
          ],
          [
            34.9234369,
            48.4578218
          ],
          [
            34.9226937,
            48.4587846
          ],
          [
            34.922533,
            48.4589424
          ],
          [
            34.922289,
            48.4590358
          ],
          [
            34.9220583,
            48.4591683
          ],
          [
            34.9215688,
            48.4596281
          ],
          [
            34.9210356,
            48.4604788
          ],
          [
            34.9210546,
            48.4605725
          ],
          [
            34.920969,
            48.4607521
          ],
          [
            34.9207268,
            48.4610752
          ],
          [
            34.9205634,
            48.4612677
          ],
          [
            34.9203906,
            48.4614564
          ],
          [
            34.9201731,
            48.4616336
          ],
          [
            34.9194942,
            48.4620279
          ],
          [
            34.9192869,
            48.4621135
          ],
          [
            34.9190398,
            48.4621572
          ],
          [
            34.9181292,
            48.4622712
          ],
          [
            34.9176525,
            48.4623507
          ],
          [
            34.9165701,
            48.4626089
          ],
          [
            34.916417,
            48.4626682
          ],
          [
            34.9162645,
            48.4627305
          ],
          [
            34.9158387,
            48.4627477
          ]
        ]
      },
      "id": "way/37531247"
    },
    {
      "type": "Feature",
      "properties": {
        "@id": "way/37531633",
        "highway": "residential",
        "name": "Фосфорна вулиця",
        "name:ru": "Фосфорная улица",
        "name:uk": "Фосфорна вулиця",
        "surface": "asphalt"
      },
      "geometry": {
        "type": "LineString",
        "coordinates": [
          [
            34.9370059,
            48.4615078
          ],
          [
            34.9360704,
            48.4615249
          ],
          [
            34.9358472,
            48.4613314
          ],
          [
            34.9354438,
            48.4609671
          ],
          [
            34.9353591,
            48.4607985
          ],
          [
            34.9353672,
            48.4607538
          ],
          [
            34.9354586,
            48.4604956
          ],
          [
            34.9355899,
            48.4601127
          ],
          [
            34.9357499,
            48.4596882
          ]
        ]
      },
      "id": "way/37531633"
    },
    {
      "type": "Feature",
      "properties": {
        "@id": "way/37531908",
        "highway": "residential",
        "name": "вулиця Михайла Бойчука",
        "name:uk": "вулиця Михайла Бойчука",
        "old_name": "вулиця Брюллова",
        "old_name:ru": "Брюллова улица",
        "old_name:uk": "вулиця Брюллова"
      },
      "geometry": {
        "type": "LineString",
        "coordinates": [
          [
            34.9399144,
            48.4565935
          ],
          [
            34.9402892,
            48.4570517
          ],
          [
            34.9404722,
            48.4575354
          ],
          [
            34.9404947,
            48.4580674
          ],
          [
            34.9403346,
            48.4584761
          ],
          [
            34.9401779,
            48.4587839
          ],
          [
            34.939906,
            48.4590696
          ],
          [
            34.9396857,
            48.4592038
          ],
          [
            34.9394889,
            48.459171
          ]
        ]
      },
      "id": "way/37531908"
    },
    {
      "type": "Feature",
      "properties": {
        "@id": "way/37531910",
        "highway": "residential",
        "name": "Волинська вулиця",
        "name:en": "Volynska Street",
        "name:pl": "ulica Wołyńska",
        "name:ru": "Волынская улица",
        "name:uk": "Волинська вулиця"
      },
      "geometry": {
        "type": "LineString",
        "coordinates": [
          [
            34.9415292,
            48.4556679
          ],
          [
            34.9416578,
            48.4558336
          ],
          [
            34.9417807,
            48.4559515
          ],
          [
            34.9422777,
            48.4564518
          ],
          [
            34.9424833,
            48.4567136
          ],
          [
            34.9425941,
            48.4569565
          ],
          [
            34.9426685,
            48.4574258
          ],
          [
            34.9426708,
            48.4577512
          ],
          [
            34.9427051,
            48.4582578
          ],
          [
            34.9427094,
            48.4585769
          ],
          [
            34.9427178,
            48.4587834
          ],
          [
            34.9427295,
            48.4589904
          ],
          [
            34.94263,
            48.4590967
          ],
          [
            34.9417633,
            48.4599052
          ],
          [
            34.9416803,
            48.4599899
          ],
          [
            34.9415774,
            48.4600774
          ],
          [
            34.9413561,
            48.4602806
          ],
          [
            34.9410234,
            48.4605859
          ],
          [
            34.9409373,
            48.4606623
          ],
          [
            34.9408504,
            48.4607492
          ],
          [
            34.9404063,
            48.461163
          ],
          [
            34.9403187,
            48.4611957
          ],
          [
            34.9402203,
            48.4612323
          ]
        ]
      },
      "id": "way/37531910"
    },
    {
      "type": "Feature",
      "properties": {
        "@id": "way/37531947",
        "highway": "service",
        "name": "Волинська вулиця",
        "name:en": "Volynska Street",
        "name:pl": "ulica Wołyńska",
        "name:ru": "Волынская улица",
        "name:uk": "Волинська вулиця"
      },
      "geometry": {
        "type": "LineString",
        "coordinates": [
          [
            34.9378557,
            48.4630958
          ],
          [
            34.9382883,
            48.4627336
          ],
          [
            34.9383792,
            48.4626575
          ],
          [
            34.9388075,
            48.4622487
          ]
        ]
      },
      "id": "way/37531947"
    },
    {
      "type": "Feature",
      "properties": {
        "@id": "way/37713829",
        "foot": "yes",
        "goods": "delivery",
        "highway": "pedestrian",
        "name": "Штурманський провулок",
        "name:en": "Shturmanskyj Lane",
        "name:pl": "zaułek Szturmański",
        "name:ru": "Штурманский переулок",
        "name:uk": "Штурманський провулок",
        "surface": "concrete",
        "vehicle": "no"
      },
      "geometry": {
        "type": "LineString",
        "coordinates": [
          [
            34.9070631,
            48.4798616
          ],
          [
            34.9069893,
            48.4798451
          ],
          [
            34.9068796,
            48.4798205
          ],
          [
            34.9066705,
            48.4797736
          ],
          [
            34.9065074,
            48.479737
          ]
        ]
      },
      "id": "way/37713829"
    },
    {
      "type": "Feature",
      "properties": {
        "@id": "way/37715762",
        "highway": "residential",
        "name": "Рубіжний провулок",
        "name:en": "Rubizhnyi Lane",
        "name:ru": "Рубежный переулок",
        "name:uk": "Рубіжний провулок",
        "surface": "ground"
      },
      "geometry": {
        "type": "LineString",
        "coordinates": [
          [
            34.9285644,
            48.4724531
          ],
          [
            34.9287303,
            48.4724812
          ],
          [
            34.9293058,
            48.4730086
          ],
          [
            34.9296704,
            48.4733427
          ],
          [
            34.9297571,
            48.4734844
          ],
          [
            34.9298368,
            48.4736415
          ],
          [
            34.9299834,
            48.4739723
          ],
          [
            34.9300594,
            48.4742191
          ],
          [
            34.9301278,
            48.4743769
          ],
          [
            34.9302237,
            48.4745504
          ],
          [
            34.9302844,
            48.474666
          ],
          [
            34.9303535,
            48.4747901
          ],
          [
            34.9303949,
            48.4748894
          ],
          [
            34.9304331,
            48.4750231
          ]
        ]
      },
      "id": "way/37715762"
    },
    {
      "type": "Feature",
      "properties": {
        "@id": "way/37743222",
        "highway": "residential",
        "name": "вулиця Селище Нове",
        "name:en": "Selyshche Nove Street",
        "name:ru": "Посёлок Новый улица",
        "name:uk": "вулиця Селище Нове"
      },
      "geometry": {
        "type": "LineString",
        "coordinates": [
          [
            34.9562574,
            48.4540082
          ],
          [
            34.9564792,
            48.4540609
          ],
          [
            34.9565503,
            48.454107
          ],
          [
            34.9565763,
            48.4541649
          ],
          [
            34.9565675,
            48.4543056
          ],
          [
            34.9565014,
            48.4546224
          ],
          [
            34.9564753,
            48.454771
          ],
          [
            34.9564519,
            48.4550225
          ],
          [
            34.9564028,
            48.4553355
          ],
          [
            34.9562425,
            48.4564931
          ],
          [
            34.9560997,
            48.4572697
          ],
          [
            34.9560796,
            48.4573191
          ],
          [
            34.9557907,
            48.4582993
          ],
          [
            34.9557798,
            48.4583663
          ],
          [
            34.9557102,
            48.458792
          ],
          [
            34.9556933,
            48.4588952
          ]
        ]
      },
      "id": "way/37743222"
    },
    {
      "type": "Feature",
      "properties": {
        "@id": "way/37743717",
        "highway": "residential",
        "name": "Спокійна вулиця",
        "name:en": "Spokiina Street",
        "name:pl": "ulica Spokojna",
        "name:ru": "Спокойная улица",
        "name:uk": "Спокійна вулиця"
      },
      "geometry": {
        "type": "LineString",
        "coordinates": [
          [
            34.898704,
            48.4582192
          ],
          [
            34.8987714,
            48.4583081
          ],
          [
            34.8990252,
            48.458408
          ],
          [
            34.8996638,
            48.4586662
          ],
          [
            34.9009188,
            48.4592155
          ],
          [
            34.9015831,
            48.4594594
          ],
          [
            34.904947,
            48.4606126
          ],
          [
            34.9052389,
            48.4606689
          ],
          [
            34.9053548,
            48.460673
          ],
          [
            34.9054937,
            48.4606752
          ]
        ]
      },
      "id": "way/37743717"
    },
    {
      "type": "Feature",
      "properties": {
        "@id": "way/37743728",
        "highway": "residential",
        "name": "Лютнева вулиця",
        "name:en": "Liutneva Street",
        "name:ru": "Февральская улица",
        "name:uk": "Лютнева вулиця"
      },
      "geometry": {
        "type": "LineString",
        "coordinates": [
          [
            34.9056747,
            48.4592881
          ],
          [
            34.905457,
            48.4593496
          ],
          [
            34.9052591,
            48.4593008
          ],
          [
            34.9030524,
            48.4586044
          ],
          [
            34.9019617,
            48.4582422
          ],
          [
            34.9015694,
            48.4581028
          ],
          [
            34.9011917,
            48.4579609
          ],
          [
            34.9005022,
            48.4576502
          ],
          [
            34.8998248,
            48.457375
          ],
          [
            34.8995304,
            48.457272
          ],
          [
            34.899411,
            48.4572424
          ]
        ]
      },
      "id": "way/37743728"
    },
    {
      "type": "Feature",
      "properties": {
        "@id": "way/37743729",
        "highway": "residential",
        "name": "Дунайська вулиця",
        "name:en": "Dunaiska Street",
        "name:ru": "Дунайская улица",
        "name:uk": "Дунайська вулиця"
      },
      "geometry": {
        "type": "LineString",
        "coordinates": [
          [
            34.9056675,
            48.460012
          ],
          [
            34.9055445,
            48.4599914
          ],
          [
            34.9026716,
            48.4590187
          ],
          [
            34.9023422,
            48.4588955
          ],
          [
            34.9016319,
            48.4586569
          ],
          [
            34.8990391,
            48.4577253
          ]
        ]
      },
      "id": "way/37743729"
    },
    {
      "type": "Feature",
      "properties": {
        "@id": "way/37744099",
        "highway": "residential",
        "name": "вулиця Миколи Невидайла",
        "name:uk": "вулиця Миколи Невидайла",
        "old_name": "вулиця Толбухіна",
        "old_name:en": "Tolbukhina Street",
        "old_name:ru": "Толбухина улица",
        "old_name:uk": "вулиця Толбухіна"
      },
      "geometry": {
        "type": "LineString",
        "coordinates": [
          [
            34.9047883,
            48.4650186
          ],
          [
            34.9045257,
            48.4650274
          ],
          [
            34.9035795,
            48.4648973
          ],
          [
            34.9027326,
            48.464945
          ],
          [
            34.9025833,
            48.464931
          ],
          [
            34.900958,
            48.4645548
          ],
          [
            34.9008255,
            48.4645162
          ],
          [
            34.9006521,
            48.4644626
          ],
          [
            34.8984145,
            48.4636976
          ],
          [
            34.8970477,
            48.4632117
          ],
          [
            34.8968673,
            48.4632085
          ]
        ]
      },
      "id": "way/37744099"
    },
    {
      "type": "Feature",
      "properties": {
        "@id": "way/37744100",
        "highway": "residential",
        "name": "провулок Невидайла",
        "name:uk": "провулок Невидайла",
        "old_name": "Валуйський провулок",
        "old_name:en": "Valuiskyi Lane",
        "old_name:ru": "Валуйский переулок",
        "old_name:uk": "Валуйський провулок"
      },
      "geometry": {
        "type": "LineString",
        "coordinates": [
          [
            34.9037949,
            48.4645132
          ],
          [
            34.9035795,
            48.4648973
          ],
          [
            34.9033566,
            48.4653315
          ]
        ]
      },
      "id": "way/37744100"
    },
    {
      "type": "Feature",
      "properties": {
        "@id": "way/37744101",
        "highway": "residential",
        "name": "Ключова вулиця",
        "name:en": "Kliuchova Street",
        "name:ru": "Ключевая улица",
        "name:uk": "Ключова вулиця"
      },
      "geometry": {
        "type": "LineString",
        "coordinates": [
          [
            34.9023569,
            48.4653879
          ],
          [
            34.9025561,
            48.4649901
          ],
          [
            34.9025833,
            48.464931
          ],
          [
            34.9028516,
            48.4644035
          ],
          [
            34.9028465,
            48.4643648
          ],
          [
            34.9028125,
            48.464333
          ]
        ]
      },
      "id": "way/37744101"
    },
    {
      "type": "Feature",
      "properties": {
        "@id": "way/37752640",
        "highway": "trunk",
        "int_ref": "E 50",
        "lanes": "2",
        "maxspeed:type": "UA:urban",
        "name": "вулиця Миколи Хвильового",
        "name:en": "Mykoly Khvylovoho Street",
        "name:ru": "Николая Хвылевого улица",
        "name:uk": "вулиця Миколи Хвильового",
        "nat_ref": "М-30",
        "old_name": "Леніногорська вулиця",
        "old_name:en": "Leninohorska Street",
        "old_name:uk": "Леніногорська вулиця",
        "old_ref": "М-04",
        "ref": "М-30",
        "smoothness": "excellent"
      },
      "geometry": {
        "type": "LineString",
        "coordinates": [
          [
            34.9503114,
            48.4746421
          ],
          [
            34.9501097,
            48.474865
          ],
          [
            34.9500673,
            48.4749125
          ]
        ]
      },
      "id": "way/37752640"
    },
    {
      "type": "Feature",
      "properties": {
        "@id": "way/37752644",
        "cutting": "yes",
        "highway": "trunk",
        "int_ref": "E 50",
        "maxspeed": "50",
        "name": "вулиця Західний Шлях",
        "name:en": "Zakhidnyi Shliakh Street",
        "name:uk": "вулиця Західний Шлях",
        "nat_ref": "М-30",
        "old_name": "вулиця Маяковського",
        "old_name:en": "Maiakovskoho Street",
        "old_name:pl": "ulica Majakowskiego",
        "old_name:uk": "вулиця Маяковського",
        "old_ref": "М-04",
        "ref": "М-30",
        "smoothness": "excellent",
        "source:maxspeed": "UA:urban",
        "surface": "asphalt"
      },
      "geometry": {
        "type": "LineString",
        "coordinates": [
          [
            34.9537068,
            48.4749964
          ],
          [
            34.9533834,
            48.4749432
          ],
          [
            34.9529476,
            48.4748465
          ],
          [
            34.952326,
            48.4747013
          ],
          [
            34.9505684,
            48.4742649
          ]
        ]
      },
      "id": "way/37752644"
    },
    {
      "type": "Feature",
      "properties": {
        "@id": "way/37766682",
        "highway": "residential",
        "name": "Вірменський провулок",
        "name:en": "Virmenskyj Lane",
        "name:ru": "Армянский переулок",
        "name:uk": "Вірменський провулок"
      },
      "geometry": {
        "type": "LineString",
        "coordinates": [
          [
            34.9132559,
            48.4753181
          ],
          [
            34.9135475,
            48.475222
          ],
          [
            34.913665,
            48.4751458
          ],
          [
            34.9138432,
            48.4749372
          ],
          [
            34.9139631,
            48.4747677
          ],
          [
            34.9140752,
            48.474673
          ],
          [
            34.9141831,
            48.474664
          ],
          [
            34.9142843,
            48.474687
          ],
          [
            34.9145038,
            48.4747601
          ],
          [
            34.9148296,
            48.4748076
          ],
          [
            34.9150421,
            48.4748326
          ],
          [
            34.9160386,
            48.4750434
          ],
          [
            34.916146,
            48.4750465
          ],
          [
            34.9162093,
            48.4750686
          ],
          [
            34.9162358,
            48.4751164
          ],
          [
            34.9162274,
            48.4751802
          ],
          [
            34.9160648,
            48.4756154
          ],
          [
            34.9160053,
            48.4756881
          ]
        ]
      },
      "id": "way/37766682"
    },
    {
      "type": "Feature",
      "properties": {
        "@id": "way/37766686",
        "highway": "residential",
        "name": "Червонокалиновий провулок",
        "name:en": "Chervonokalynovyi Lane",
        "name:ru": "Краснокалиновый переулок",
        "name:uk": "Червонокалиновий провулок",
        "old_name": "Червоноармійський провулок",
        "old_name:en": "Chervonoarmiiskyi Lane",
        "old_name:uk": "Червоноармійський провулок",
        "surface": "gravel"
      },
      "geometry": {
        "type": "LineString",
        "coordinates": [
          [
            34.9135475,
            48.475222
          ],
          [
            34.9160053,
            48.4756881
          ],
          [
            34.9160964,
            48.4757932
          ],
          [
            34.916195,
            48.4759099
          ],
          [
            34.9163479,
            48.4760276
          ],
          [
            34.9165677,
            48.4760916
          ],
          [
            34.9172609,
            48.4761832
          ],
          [
            34.917945,
            48.4762934
          ],
          [
            34.9186368,
            48.4763812
          ],
          [
            34.9193292,
            48.4764564
          ]
        ]
      },
      "id": "way/37766686"
    },
    {
      "type": "Feature",
      "properties": {
        "@id": "way/37766688",
        "highway": "residential",
        "name": "Червонокалиновий провулок",
        "name:en": "Chervonokalynovyi Lane",
        "name:ru": "Краснокалиновый переулок",
        "name:uk": "Червонокалиновий провулок",
        "old_name": "Червоноармійський провулок",
        "old_name:en": "Chervonoarmiiskyi Lane",
        "old_name:uk": "Червоноармійський провулок",
        "surface": "asphalt"
      },
      "geometry": {
        "type": "LineString",
        "coordinates": [
          [
            34.9189203,
            48.4781016
          ],
          [
            34.918897,
            48.47807
          ],
          [
            34.9193131,
            48.4773453
          ],
          [
            34.9193339,
            48.4772902
          ]
        ]
      },
      "id": "way/37766688"
    },
    {
      "type": "Feature",
      "properties": {
        "@id": "way/37766689",
        "hgv": "no",
        "highway": "secondary",
        "lanes": "2",
        "maxspeed": "50",
        "name": "Велика Діївська вулиця",
        "name:en": "Velyka Diivska Street",
        "name:ru": "Большая Диёвская улица",
        "name:uk": "Велика Діївська вулиця",
        "old_name": "вулиця Братів Трофімових",
        "old_name:en": "Brativ Trofimovykh Street",
        "old_name:uk": "вулиця Братів Трофімових",
        "oneway": "yes",
        "smoothness": "excellent",
        "source:maxspeed": "UA:urban",
        "surface": "asphalt"
      },
      "geometry": {
        "type": "LineString",
        "coordinates": [
          [
            34.9193339,
            48.4772902
          ],
          [
            34.9196431,
            48.4773721
          ],
          [
            34.9200053,
            48.4774659
          ],
          [
            34.9202587,
            48.477548
          ],
          [
            34.920605,
            48.4776547
          ],
          [
            34.9209031,
            48.4777402
          ],
          [
            34.9217408,
            48.4779769
          ],
          [
            34.9219319,
            48.4780262
          ],
          [
            34.9221231,
            48.4780755
          ],
          [
            34.9223157,
            48.4781252
          ],
          [
            34.9224137,
            48.4781505
          ],
          [
            34.9225343,
            48.4781766
          ],
          [
            34.9226423,
            48.4782001
          ]
        ]
      },
      "id": "way/37766689"
    },
    {
      "type": "Feature",
      "properties": {
        "@id": "way/37767005",
        "highway": "residential",
        "name": "Воздвиженський узвіз",
        "name:en": "Vozdvyzhenskyi Descent",
        "name:ru": "Воздвиженский спуск",
        "name:uk": "Воздвиженський узвіз",
        "old_name": "вулиця Ватутіна",
        "old_name:en": "Vatutina Street",
        "old_name:pl": "ulica Watutina",
        "old_name:uk": "вулиця Ватутіна"
      },
      "geometry": {
        "type": "LineString",
        "coordinates": [
          [
            34.9135554,
            48.4728289
          ],
          [
            34.9139842,
            48.4730212
          ],
          [
            34.9141617,
            48.472952
          ],
          [
            34.9143146,
            48.4728642
          ],
          [
            34.9145191,
            48.4727408
          ],
          [
            34.9146945,
            48.4726544
          ],
          [
            34.9148098,
            48.4726775
          ],
          [
            34.914842,
            48.4727108
          ],
          [
            34.9148654,
            48.4727893
          ],
          [
            34.9148495,
            48.4728668
          ],
          [
            34.9147623,
            48.4729441
          ],
          [
            34.9142986,
            48.4733578
          ],
          [
            34.9142893,
            48.4734135
          ],
          [
            34.9143072,
            48.4734677
          ],
          [
            34.9143603,
            48.4735052
          ],
          [
            34.9144621,
            48.4735409
          ],
          [
            34.9145926,
            48.473577
          ],
          [
            34.9150431,
            48.4736593
          ],
          [
            34.9154796,
            48.4737734
          ],
          [
            34.9156958,
            48.4738267
          ],
          [
            34.9159482,
            48.4738906
          ],
          [
            34.9159402,
            48.4741524
          ],
          [
            34.9159238,
            48.4744181
          ],
          [
            34.9158583,
            48.4744869
          ],
          [
            34.9157608,
            48.4745184
          ],
          [
            34.9156454,
            48.4745354
          ],
          [
            34.9154973,
            48.4745318
          ],
          [
            34.9153016,
            48.4745442
          ],
          [
            34.9151994,
            48.4746006
          ],
          [
            34.9151339,
            48.4746823
          ],
          [
            34.9150421,
            48.4748326
          ]
        ]
      },
      "id": "way/37767005"
    },
    {
      "type": "Feature",
      "properties": {
        "@id": "way/37771654",
        "highway": "residential",
        "name": "Червонокалиновий провулок",
        "name:en": "Chervonokalynovyi Lane",
        "name:ru": "Краснокалиновый переулок",
        "name:uk": "Червонокалиновий провулок",
        "old_name": "Червоноармійський провулок",
        "old_name:en": "Chervonoarmiiskyi Lane",
        "old_name:uk": "Червоноармійський провулок"
      },
      "geometry": {
        "type": "LineString",
        "coordinates": [
          [
            34.9223399,
            48.4760483
          ],
          [
            34.9211011,
            48.4760311
          ],
          [
            34.9203097,
            48.4760601
          ],
          [
            34.9201931,
            48.4761314
          ]
        ]
      },
      "id": "way/37771654"
    },
    {
      "type": "Feature",
      "properties": {
        "@id": "way/37771658",
        "highway": "residential",
        "name": "Червонокалиновий провулок",
        "name:en": "Chervonokalynovyi Lane",
        "name:ru": "Краснокалиновый переулок",
        "name:uk": "Червонокалиновий провулок",
        "old_name": "Червоноармійський провулок",
        "old_name:en": "Chervonoarmiiskyi Lane",
        "old_name:uk": "Червоноармійський провулок"
      },
      "geometry": {
        "type": "LineString",
        "coordinates": [
          [
            34.9211011,
            48.4760311
          ],
          [
            34.9211855,
            48.4768602
          ],
          [
            34.9211969,
            48.4770139
          ],
          [
            34.9211868,
            48.4771116
          ],
          [
            34.9209147,
            48.4777145
          ],
          [
            34.9209031,
            48.4777402
          ]
        ]
      },
      "id": "way/37771658"
    },
    {
      "type": "Feature",
      "properties": {
        "@id": "way/37772120",
        "highway": "residential",
        "name": "Старолікарняний провулок",
        "name:en": "Starolikarnianyi Lane",
        "name:uk": "Старолікарняний провулок",
        "old_name": "Брянський провулок",
        "old_name:en": "Brianskyi Lane",
        "old_name:ru": "Брянский переулок",
        "old_name:uk": "Брянський провулок"
      },
      "geometry": {
        "type": "LineString",
        "coordinates": [
          [
            34.9287982,
            48.4769409
          ],
          [
            34.9282398,
            48.4768065
          ],
          [
            34.9279696,
            48.4767946
          ],
          [
            34.9279274,
            48.4767927
          ],
          [
            34.9277179,
            48.4767835
          ],
          [
            34.9276787,
            48.4767818
          ],
          [
            34.927409,
            48.47677
          ],
          [
            34.9269342,
            48.4767491
          ],
          [
            34.9266402,
            48.4767891
          ],
          [
            34.9266391,
            48.4767913
          ],
          [
            34.9265905,
            48.4768841
          ],
          [
            34.9263705,
            48.4769038
          ],
          [
            34.9263137,
            48.4769879
          ],
          [
            34.9260637,
            48.4769808
          ],
          [
            34.9252547,
            48.476958
          ],
          [
            34.9252684,
            48.4767409
          ]
        ]
      },
      "id": "way/37772120"
    },
    {
      "type": "Feature",
      "properties": {
        "@id": "way/37772123",
        "highway": "residential",
        "name": "Лікарняний провулок",
        "name:pl": "zaułek Szpitalny",
        "name:ru": "Больничный переулок",
        "name:uk": "Лікарняний провулок"
      },
      "geometry": {
        "type": "LineString",
        "coordinates": [
          [
            34.9278934,
            48.4755197
          ],
          [
            34.927813,
            48.4756308
          ],
          [
            34.9277915,
            48.4757424
          ],
          [
            34.9278436,
            48.4758785
          ],
          [
            34.9279578,
            48.4760193
          ],
          [
            34.9279826,
            48.4760838
          ],
          [
            34.9279679,
            48.476154
          ],
          [
            34.9279243,
            48.4761793
          ],
          [
            34.9278666,
            48.4761931
          ],
          [
            34.9275105,
            48.4761807
          ],
          [
            34.9264839,
            48.4760847
          ],
          [
            34.925753,
            48.4759984
          ],
          [
            34.9250233,
            48.4759213
          ],
          [
            34.924567,
            48.4758766
          ]
        ]
      },
      "id": "way/37772123"
    },
    {
      "type": "Feature",
      "properties": {
        "@id": "way/37772126",
        "highway": "residential",
        "name": "Старолікарняний провулок",
        "name:en": "Starolikarnianyi Lane",
        "name:uk": "Старолікарняний провулок",
        "old_name": "Брянський провулок",
        "old_name:en": "Brianskyi Lane",
        "old_name:ru": "Брянский переулок",
        "old_name:uk": "Брянський провулок"
      },
      "geometry": {
        "type": "LineString",
        "coordinates": [
          [
            34.9242387,
            48.4767147
          ],
          [
            34.9247732,
            48.476732
          ],
          [
            34.9248567,
            48.4767335
          ],
          [
            34.9252684,
            48.4767409
          ],
          [
            34.9260729,
            48.4767554
          ],
          [
            34.9260637,
            48.4769808
          ]
        ]
      },
      "id": "way/37772126"
    },
    {
      "type": "Feature",
      "properties": {
        "@id": "way/37772128",
        "highway": "residential",
        "name": "Лікарняний провулок",
        "name:pl": "zaułek Szpitalny",
        "name:ru": "Больничный переулок",
        "name:uk": "Лікарняний провулок"
      },
      "geometry": {
        "type": "LineString",
        "coordinates": [
          [
            34.9278934,
            48.4755197
          ],
          [
            34.9277622,
            48.4755569
          ],
          [
            34.9276798,
            48.475569
          ],
          [
            34.9275796,
            48.4755622
          ],
          [
            34.9273072,
            48.4754809
          ],
          [
            34.927166,
            48.4754637
          ],
          [
            34.9270581,
            48.4754505
          ],
          [
            34.9267399,
            48.4754325
          ],
          [
            34.9261728,
            48.4754004
          ],
          [
            34.9255363,
            48.4753881
          ],
          [
            34.9252167,
            48.4753849
          ]
        ]
      },
      "id": "way/37772128"
    },
    {
      "type": "Feature",
      "properties": {
        "@id": "way/37772448",
        "highway": "residential",
        "name": "Малахітовий провулок",
        "name:en": "Malakhitovyi Lane",
        "name:ru": "Малахитовый переулок",
        "name:uk": "Малахітовий провулок",
        "surface": "ground"
      },
      "geometry": {
        "type": "LineString",
        "coordinates": [
          [
            34.9246229,
            48.4716409
          ],
          [
            34.9247247,
            48.4716053
          ],
          [
            34.9254322,
            48.4714778
          ],
          [
            34.9259611,
            48.4714202
          ],
          [
            34.9260186,
            48.4714275
          ],
          [
            34.9266426,
            48.4716473
          ],
          [
            34.9269503,
            48.4720074
          ],
          [
            34.9272349,
            48.4723757
          ],
          [
            34.9273349,
            48.4725603
          ],
          [
            34.9274388,
            48.4727488
          ],
          [
            34.9276013,
            48.4729479
          ],
          [
            34.9279279,
            48.4733265
          ],
          [
            34.9279931,
            48.4734935
          ],
          [
            34.9280808,
            48.4737801
          ]
        ]
      },
      "id": "way/37772448"
    },
    {
      "type": "Feature",
      "properties": {
        "@id": "way/37772451",
        "highway": "residential",
        "name": "Водостічна вулиця",
        "name:en": "Vodostichna Street",
        "name:ru": "Водосточная улица",
        "name:uk": "Водостічна вулиця"
      },
      "geometry": {
        "type": "LineString",
        "coordinates": [
          [
            34.9288365,
            48.4768869
          ],
          [
            34.928935,
            48.4769147
          ],
          [
            34.9292915,
            48.4770947
          ],
          [
            34.9295399,
            48.4772088
          ],
          [
            34.9296328,
            48.477379
          ],
          [
            34.9298411,
            48.4776347
          ],
          [
            34.9300239,
            48.4777814
          ]
        ]
      },
      "id": "way/37772451"
    },
    {
      "type": "Feature",
      "properties": {
        "@id": "way/37772453",
        "highway": "residential",
        "name": "Водостічна вулиця",
        "name:en": "Vodostichna Street",
        "name:ru": "Водосточная улица",
        "name:uk": "Водостічна вулиця"
      },
      "geometry": {
        "type": "LineString",
        "coordinates": [
          [
            34.9313152,
            48.4769667
          ],
          [
            34.9310259,
            48.4772267
          ],
          [
            34.9309043,
            48.47733
          ],
          [
            34.930749,
            48.4774206
          ],
          [
            34.9304597,
            48.477567
          ],
          [
            34.9300239,
            48.4777814
          ],
          [
            34.9296517,
            48.4779106
          ],
          [
            34.9296214,
            48.4779212
          ],
          [
            34.9293478,
            48.4780166
          ],
          [
            34.9293267,
            48.4780288
          ],
          [
            34.9292066,
            48.4780987
          ],
          [
            34.9290209,
            48.4782069
          ],
          [
            34.9290078,
            48.4782152
          ],
          [
            34.9288485,
            48.4783163
          ],
          [
            34.9288346,
            48.4783251
          ]
        ]
      },
      "id": "way/37772453"
    },
    {
      "type": "Feature",
      "properties": {
        "@id": "way/37772454",
        "highway": "residential",
        "name": "Чорноземна вулиця",
        "name:en": "Chornozemna Street",
        "name:ru": "Чернозёмная улица",
        "name:uk": "Чорноземна вулиця",
        "surface": "ground"
      },
      "geometry": {
        "type": "LineString",
        "coordinates": [
          [
            34.9329342,
            48.4798693
          ],
          [
            34.9329182,
            48.4798036
          ],
          [
            34.9329146,
            48.4797887
          ],
          [
            34.9328998,
            48.479728
          ],
          [
            34.9327774,
            48.479489
          ],
          [
            34.932574,
            48.4791704
          ],
          [
            34.9324076,
            48.4789585
          ],
          [
            34.9322004,
            48.4786241
          ],
          [
            34.9320033,
            48.4783014
          ],
          [
            34.9318916,
            48.478091
          ],
          [
            34.9318772,
            48.4780623
          ],
          [
            34.9317383,
            48.4777856
          ],
          [
            34.9316235,
            48.477588
          ],
          [
            34.9315527,
            48.4774497
          ],
          [
            34.9315218,
            48.4773327
          ],
          [
            34.9315083,
            48.4771774
          ],
          [
            34.9314921,
            48.4771084
          ],
          [
            34.9314365,
            48.4770643
          ],
          [
            34.9313152,
            48.4769667
          ],
          [
            34.9312335,
            48.47687
          ],
          [
            34.9310012,
            48.4766114
          ],
          [
            34.9308903,
            48.4764109
          ],
          [
            34.9308359,
            48.476262
          ],
          [
            34.9307297,
            48.4760227
          ],
          [
            34.9306717,
            48.4758687
          ],
          [
            34.9306752,
            48.4758324
          ],
          [
            34.9306926,
            48.4757997
          ],
          [
            34.9307631,
            48.4757057
          ],
          [
            34.9309895,
            48.4755664
          ],
          [
            34.9311958,
            48.4753964
          ],
          [
            34.9313263,
            48.4752546
          ],
          [
            34.9315623,
            48.4750421
          ],
          [
            34.9316936,
            48.4747019
          ],
          [
            34.9317512,
            48.4743433
          ],
          [
            34.9318049,
            48.4741545
          ],
          [
            34.9321353,
            48.4739523
          ],
          [
            34.9322787,
            48.4736812
          ],
          [
            34.9324232,
            48.4734331
          ],
          [
            34.9325278,
            48.4732042
          ],
          [
            34.932611,
            48.4729724
          ],
          [
            34.9326614,
            48.4727313
          ],
          [
            34.9327745,
            48.4725533
          ],
          [
            34.9327304,
            48.4723934
          ],
          [
            34.9325967,
            48.472202
          ],
          [
            34.9324816,
            48.4721715
          ],
          [
            34.9321767,
            48.4721325
          ],
          [
            34.9320424,
            48.4720242
          ]
        ]
      },
      "id": "way/37772454"
    },
    {
      "type": "Feature",
      "properties": {
        "@id": "way/37772485",
        "highway": "residential",
        "name": "проспект Свободи",
        "name:en": "Svobody Avenue",
        "name:pl": "prospekt Wolności",
        "name:ru": "Свободы проспект",
        "name:uk": "проспект Свободи"
      },
      "geometry": {
        "type": "LineString",
        "coordinates": [
          [
            34.9333564,
            48.4798626
          ],
          [
            34.9333675,
            48.4798007
          ],
          [
            34.9333724,
            48.4797871
          ],
          [
            34.9335367,
            48.479377
          ],
          [
            34.9337447,
            48.4788699
          ],
          [
            34.9338765,
            48.4786894
          ],
          [
            34.9340384,
            48.4785496
          ],
          [
            34.9346713,
            48.4781412
          ],
          [
            34.93474,
            48.4781088
          ]
        ]
      },
      "id": "way/37772485"
    },
    {
      "type": "Feature",
      "properties": {
        "@id": "way/37772582",
        "highway": "residential",
        "name": "проспект Свободи",
        "name:en": "Svobody Avenue",
        "name:pl": "prospekt Wolności",
        "name:ru": "Свободы проспект",
        "name:uk": "проспект Свободи"
      },
      "geometry": {
        "type": "LineString",
        "coordinates": [
          [
            34.9335367,
            48.479377
          ],
          [
            34.9338321,
            48.4794039
          ],
          [
            34.9341345,
            48.4794131
          ],
          [
            34.934543,
            48.4794178
          ]
        ]
      },
      "id": "way/37772582"
    },
    {
      "type": "Feature",
      "properties": {
        "@id": "way/37772583",
        "highway": "residential",
        "name": "проспект Свободи",
        "name:en": "Svobody Avenue",
        "name:pl": "prospekt Wolności",
        "name:ru": "Свободы проспект",
        "name:uk": "проспект Свободи"
      },
      "geometry": {
        "type": "LineString",
        "coordinates": [
          [
            34.9341345,
            48.4794131
          ],
          [
            34.9342134,
            48.4791672
          ],
          [
            34.9344038,
            48.4789757
          ],
          [
            34.9344819,
            48.4789133
          ]
        ]
      },
      "id": "way/37772583"
    },
    {
      "type": "Feature",
      "properties": {
        "@id": "way/37772585",
        "highway": "residential",
        "name": "вулиця Романа Мстиславовича",
        "name:en": "Romana Mstyslavovycha Street",
        "name:ru": "Романа Мстиславича улица",
        "name:uk": "вулиця Романа Мстиславовича",
        "old_name": "вулиця Блюхера",
        "old_name:en": "Bliukhera Street",
        "old_name:uk": "вулиця Блюхера",
        "smoothness": "horrible",
        "surface": "ground"
      },
      "geometry": {
        "type": "LineString",
        "coordinates": [
          [
            34.9354716,
            48.478659
          ],
          [
            34.9354265,
            48.478555
          ],
          [
            34.9353826,
            48.4784557
          ],
          [
            34.9352424,
            48.4783941
          ],
          [
            34.9350938,
            48.4783477
          ],
          [
            34.93474,
            48.4781088
          ],
          [
            34.9346797,
            48.4780133
          ],
          [
            34.9343333,
            48.4778296
          ],
          [
            34.9340663,
            48.4776772
          ],
          [
            34.9339092,
            48.4775854
          ],
          [
            34.9337209,
            48.477504
          ],
          [
            34.9334922,
            48.4774051
          ],
          [
            34.9332244,
            48.477214
          ],
          [
            34.9330121,
            48.4771765
          ]
        ]
      },
      "id": "way/37772585"
    },
    {
      "type": "Feature",
      "properties": {
        "@id": "way/37772856",
        "highway": "residential",
        "name": "Макіївська вулиця",
        "name:en": "Makiivska Street",
        "name:pl": "ulica Makiiwska",
        "name:ru": "Макеевская улица",
        "name:uk": "Макіївська вулиця"
      },
      "geometry": {
        "type": "LineString",
        "coordinates": [
          [
            34.9309843,
            48.4780273
          ],
          [
            34.9311673,
            48.4780501
          ],
          [
            34.9316716,
            48.4780928
          ],
          [
            34.9318916,
            48.478091
          ]
        ]
      },
      "id": "way/37772856"
    },
    {
      "type": "Feature",
      "properties": {
        "@id": "way/37772857",
        "highway": "residential",
        "name": "Сталеварівська вулиця",
        "name:en": "Stalevarivska Street",
        "name:ru": "Сталеваровская улица",
        "name:uk": "Сталеварівська вулиця"
      },
      "geometry": {
        "type": "LineString",
        "coordinates": [
          [
            34.9282209,
            48.4779136
          ],
          [
            34.9274873,
            48.4777514
          ],
          [
            34.9271085,
            48.4777038
          ],
          [
            34.9267492,
            48.4777094
          ],
          [
            34.926347,
            48.4777141
          ],
          [
            34.9259392,
            48.4776865
          ],
          [
            34.925411,
            48.4776771
          ],
          [
            34.9253605,
            48.4776762
          ],
          [
            34.9241807,
            48.4776769
          ]
        ]
      },
      "id": "way/37772857"
    },
    {
      "type": "Feature",
      "properties": {
        "@id": "way/37772858",
        "highway": "residential",
        "name": "Сталеварівська вулиця",
        "name:en": "Stalevarivska Street",
        "name:ru": "Сталеваровская улица",
        "name:uk": "Сталеварівська вулиця"
      },
      "geometry": {
        "type": "LineString",
        "coordinates": [
          [
            34.9267591,
            48.4772874
          ],
          [
            34.9267492,
            48.4777094
          ],
          [
            34.9267097,
            48.4780612
          ],
          [
            34.9266762,
            48.4781777
          ],
          [
            34.926561,
            48.4782882
          ],
          [
            34.9265,
            48.4783232
          ],
          [
            34.9264848,
            48.4784519
          ],
          [
            34.9268283,
            48.4784586
          ]
        ]
      },
      "id": "way/37772858"
    },
    {
      "type": "Feature",
      "properties": {
        "@id": "way/37772889",
        "highway": "residential",
        "name": "Краматорська вулиця",
        "name:de": "Kramatorsska-Straße",
        "name:en": "Kramatorska Street",
        "name:fr": "Rue Kramatorska",
        "name:ru": "Краматорская улица",
        "name:uk": "Краматорська вулиця",
        "old_name": "Орський провулок",
        "old_name:en": "Orskyi Lane",
        "old_name:uk": "Орський провулок"
      },
      "geometry": {
        "type": "LineString",
        "coordinates": [
          [
            34.9224555,
            48.4753172
          ],
          [
            34.9229457,
            48.4753204
          ],
          [
            34.9233894,
            48.4752517
          ],
          [
            34.924093,
            48.4752024
          ],
          [
            34.9241287,
            48.4749042
          ]
        ]
      },
      "id": "way/37772889"
    },
    {
      "type": "Feature",
      "properties": {
        "@id": "way/37773410",
        "highway": "service",
        "lit": "yes",
        "name": "Штурманський провулок",
        "name:en": "Shturmanskyj Lane",
        "name:pl": "zaułek Szturmański",
        "name:ru": "Штурманский переулок",
        "name:uk": "Штурманський провулок",
        "surface": "asphalt"
      },
      "geometry": {
        "type": "LineString",
        "coordinates": [
          [
            34.9088706,
            48.4802819
          ],
          [
            34.9089365,
            48.4801056
          ],
          [
            34.9089151,
            48.4800715
          ],
          [
            34.9088877,
            48.4800495
          ],
          [
            34.9087852,
            48.4799884
          ],
          [
            34.9088188,
            48.4799244
          ],
          [
            34.9088415,
            48.4798813
          ],
          [
            34.9088919,
            48.4797851
          ],
          [
            34.9089425,
            48.4796886
          ],
          [
            34.9090209,
            48.4795394
          ]
        ]
      },
      "id": "way/37773410"
    },
    {
      "type": "Feature",
      "properties": {
        "@id": "way/37773413",
        "highway": "residential",
        "lit": "yes",
        "name": "Гідропаркова вулиця",
        "name:en": "Hidroparkova street",
        "name:ru": "Гидропарковая улица",
        "name:uk": "Гідропаркова вулиця",
        "sidewalk": "no",
        "smoothness": "excellent",
        "surface": "asphalt"
      },
      "geometry": {
        "type": "LineString",
        "coordinates": [
          [
            34.9016636,
            48.479878
          ],
          [
            34.9019792,
            48.4794525
          ],
          [
            34.9021126,
            48.4792728
          ],
          [
            34.9022333,
            48.4791101
          ],
          [
            34.9023321,
            48.4789769
          ],
          [
            34.9024129,
            48.478868
          ],
          [
            34.9024562,
            48.4788096
          ],
          [
            34.9026317,
            48.4785731
          ],
          [
            34.9029749,
            48.4781105
          ],
          [
            34.9030184,
            48.4780518
          ],
          [
            34.9030634,
            48.4779911
          ],
          [
            34.9031632,
            48.4778567
          ],
          [
            34.9033484,
            48.477607
          ],
          [
            34.9034881,
            48.4774187
          ],
          [
            34.9039436,
            48.4768048
          ],
          [
            34.9040252,
            48.4766948
          ],
          [
            34.9040452,
            48.4766706
          ],
          [
            34.9042268,
            48.4764345
          ],
          [
            34.9043104,
            48.476323
          ],
          [
            34.9045701,
            48.475956
          ],
          [
            34.904729,
            48.4756914
          ],
          [
            34.9049305,
            48.4753982
          ],
          [
            34.9050067,
            48.4752874
          ],
          [
            34.9050147,
            48.4751502
          ],
          [
            34.9052215,
            48.4748503
          ],
          [
            34.9052989,
            48.4748258
          ],
          [
            34.9054539,
            48.4747767
          ],
          [
            34.9056731,
            48.4748251
          ],
          [
            34.9060777,
            48.4749182
          ],
          [
            34.9068939,
            48.475106
          ]
        ]
      },
      "id": "way/37773413"
    },
    {
      "type": "Feature",
      "properties": {
        "@id": "way/37848570",
        "highway": "living_street",
        "name": "вулиця Максима Дія",
        "name:en": "Maksyma Diia Street",
        "name:ru": "Максима Дия улица",
        "name:uk": "вулиця Максима Дія",
        "old_name": "вулиця Шелгунова",
        "old_name:uk": "вулиця Шелгунова",
        "smoothness": "excellent",
        "surface": "asphalt"
      },
      "geometry": {
        "type": "LineString",
        "coordinates": [
          [
            34.9207909,
            48.4799994
          ],
          [
            34.9206004,
            48.4802785
          ],
          [
            34.9204512,
            48.4805328
          ],
          [
            34.9202067,
            48.4809311
          ],
          [
            34.9199909,
            48.4810693
          ],
          [
            34.9198633,
            48.4811473
          ],
          [
            34.9193398,
            48.4813237
          ],
          [
            34.9187905,
            48.4813806
          ],
          [
            34.9185277,
            48.4813468
          ],
          [
            34.9183277,
            48.4813211
          ],
          [
            34.9179546,
            48.4812696
          ],
          [
            34.9162241,
            48.4810506
          ]
        ]
      },
      "id": "way/37848570"
    },
    {
      "type": "Feature",
      "properties": {
        "@id": "way/37849639",
        "foot": "no",
        "highway": "secondary",
        "lit": "yes",
        "maxspeed": "50",
        "name": "вулиця Юрія Кондратюка",
        "name:en": "Yuriia Kondratiuka Street",
        "name:ru": "Юрия Кондратюка улица",
        "name:uk": "вулиця Юрія Кондратюка",
        "old_name": "Комунарівська вулиця",
        "old_name:en": "Komunarivska Street",
        "old_name:uk": "Комунарівська вулиця",
        "oneway": "yes",
        "sidewalk": "no",
        "smoothness": "excellent",
        "source:maxspeed": "UA:urban",
        "surface": "asphalt"
      },
      "geometry": {
        "type": "LineString",
        "coordinates": [
          [
            34.9229702,
            48.4858381
          ],
          [
            34.9230338,
            48.4857167
          ]
        ]
      },
      "id": "way/37849639"
    },
    {
      "type": "Feature",
      "properties": {
        "@id": "way/38151740",
        "highway": "trunk",
        "int_ref": "E 50",
        "layer": "-1",
        "maxheight": "4.5",
        "name": "Посполита вулиця",
        "name:de": "Posspolyta-Straße",
        "name:en": "Pospolyta Street",
        "name:fr": "Rue Pospolyta",
        "name:ru": "Посполитая улица",
        "name:uk": "Посполита вулиця",
        "nat_ref": "М-30",
        "old_name": "Гвардійська вулиця",
        "old_name:en": "Hvardiiska Street",
        "old_name:pl": "ulica Gwardyjska",
        "old_name:uk": "Гвардійська вулиця",
        "old_ref": "М-04",
        "ref": "М-30",
        "smoothness": "bad",
        "tunnel": "yes"
      },
      "geometry": {
        "type": "LineString",
        "coordinates": [
          [
            34.9504977,
            48.4743798
          ],
          [
            34.9503114,
            48.4746421
          ]
        ]
      },
      "id": "way/38151740"
    },
    {
      "type": "Feature",
      "properties": {
        "@id": "way/38550651",
        "highway": "residential",
        "name": "вулиця Ганни Барвінок",
        "name:en": "Hanny Barvinok Street",
        "name:ru": "Ганны Барвинок улица",
        "name:uk": "вулиця Ганни Барвінок",
        "old_name": "вулиця Коллонтай",
        "old_name:uk": "вулиця Коллонтай"
      },
      "geometry": {
        "type": "LineString",
        "coordinates": [
          [
            34.9464568,
            48.4804713
          ],
          [
            34.9464167,
            48.4805816
          ],
          [
            34.946066,
            48.4813039
          ],
          [
            34.9460602,
            48.4813907
          ],
          [
            34.9461583,
            48.4814464
          ],
          [
            34.9466174,
            48.4815359
          ]
        ]
      },
      "id": "way/38550651"
    },
    {
      "type": "Feature",
      "properties": {
        "@id": "way/38550660",
        "highway": "residential",
        "name": "вулиця Семена Бардадима",
        "name:en": "Semena Bardadyma Street",
        "name:uk": "вулиця Семена Бардадима",
        "old_name": "вулиця Курочкіна",
        "old_name:uk": "вулиця Курочкіна",
        "surface": "paved"
      },
      "geometry": {
        "type": "LineString",
        "coordinates": [
          [
            34.9500144,
            48.4809135
          ],
          [
            34.9500252,
            48.4810063
          ],
          [
            34.9500306,
            48.4810312
          ],
          [
            34.9502345,
            48.4819479
          ],
          [
            34.9503048,
            48.4822565
          ],
          [
            34.9506736,
            48.4827439
          ],
          [
            34.951268,
            48.4835731
          ],
          [
            34.9519993,
            48.4845073
          ],
          [
            34.9520916,
            48.4846691
          ],
          [
            34.9522169,
            48.4850262
          ]
        ]
      },
      "id": "way/38550660"
    },
    {
      "type": "Feature",
      "properties": {
        "@id": "way/38550780",
        "highway": "residential",
        "name": "вулиця Ганни Барвінок",
        "name:en": "Hanny Barvinok Street",
        "name:ru": "Ганны Барвинок улица",
        "name:uk": "вулиця Ганни Барвінок",
        "old_name": "вулиця Коллонтай",
        "old_name:uk": "вулиця Коллонтай"
      },
      "geometry": {
        "type": "LineString",
        "coordinates": [
          [
            34.945811,
            48.4890301
          ],
          [
            34.9459962,
            48.4891457
          ],
          [
            34.946231,
            48.4893163
          ],
          [
            34.9463752,
            48.4894019
          ],
          [
            34.9465086,
            48.4894538
          ],
          [
            34.9466568,
            48.4894962
          ],
          [
            34.9467707,
            48.4895082
          ]
        ]
      },
      "id": "way/38550780"
    },
    {
      "type": "Feature",
      "properties": {
        "@id": "way/38550781",
        "highway": "residential",
        "name": "Старшинська вулиця",
        "name:en": "Starshynska Street",
        "name:uk": "Старшинська вулиця",
        "old_name": "вулиця Тарана",
        "old_name:en": "Tarana Street",
        "old_name:uk": "вулиця Тарана",
        "surface": "paved"
      },
      "geometry": {
        "type": "LineString",
        "coordinates": [
          [
            34.9523141,
            48.4905267
          ],
          [
            34.9524815,
            48.4905997
          ],
          [
            34.9532441,
            48.4907939
          ],
          [
            34.9533246,
            48.4908144
          ],
          [
            34.9539775,
            48.4909797
          ]
        ]
      },
      "id": "way/38550781"
    },
    {
      "type": "Feature",
      "properties": {
        "@id": "way/38587557",
        "highway": "residential",
        "name": "Стройова вулиця",
        "name:ru": "Строевая улица",
        "name:uk": "Стройова вулиця",
        "smoothness": "very_horrible"
      },
      "geometry": {
        "type": "LineString",
        "coordinates": [
          [
            34.9450581,
            48.483163
          ],
          [
            34.9449678,
            48.4831696
          ],
          [
            34.9449345,
            48.4831725
          ],
          [
            34.9446319,
            48.4832086
          ],
          [
            34.9439829,
            48.4833147
          ],
          [
            34.9426278,
            48.4835238
          ],
          [
            34.9424357,
            48.4835394
          ],
          [
            34.9419296,
            48.4836216
          ],
          [
            34.941774,
            48.4836615
          ],
          [
            34.9416315,
            48.4836594
          ],
          [
            34.9413122,
            48.4837222
          ],
          [
            34.9410179,
            48.4837845
          ],
          [
            34.9407343,
            48.4838304
          ],
          [
            34.9406091,
            48.4838273
          ],
          [
            34.9404797,
            48.4838385
          ],
          [
            34.9403048,
            48.4838659
          ],
          [
            34.940186,
            48.4839211
          ],
          [
            34.9399105,
            48.4839501
          ],
          [
            34.9397317,
            48.4839994
          ]
        ]
      },
      "id": "way/38587557"
    },
    {
      "type": "Feature",
      "properties": {
        "@id": "way/38587558",
        "highway": "residential",
        "name": "вулиця Успенських",
        "name:ru": "Успенских улица",
        "name:uk": "вулиця Успенських"
      },
      "geometry": {
        "type": "LineString",
        "coordinates": [
          [
            34.9446196,
            48.4847322
          ],
          [
            34.9445401,
            48.4846987
          ],
          [
            34.9445248,
            48.4846831
          ],
          [
            34.9444654,
            48.4846226
          ],
          [
            34.9442093,
            48.4839672
          ],
          [
            34.9439829,
            48.4833147
          ],
          [
            34.943533,
            48.4819863
          ],
          [
            34.9434996,
            48.481906
          ]
        ]
      },
      "id": "way/38587558"
    },
    {
      "type": "Feature",
      "properties": {
        "@id": "way/38587562",
        "highway": "residential",
        "name": "Трудова вулиця",
        "name:ru": "Трудовая улица",
        "name:uk": "Трудова вулиця",
        "smoothness": "very_horrible"
      },
      "geometry": {
        "type": "LineString",
        "coordinates": [
          [
            34.9434996,
            48.481906
          ],
          [
            34.9421269,
            48.4821278
          ],
          [
            34.9407712,
            48.4823412
          ],
          [
            34.9395788,
            48.4825186
          ]
        ]
      },
      "id": "way/38587562"
    },
    {
      "type": "Feature",
      "properties": {
        "@id": "way/38587563",
        "highway": "residential",
        "name": "Північна вулиця",
        "name:pl": "ulica Północna",
        "name:ru": "Северная улица",
        "name:uk": "Північна вулиця"
      },
      "geometry": {
        "type": "LineString",
        "coordinates": [
          [
            34.944,
            48.485254
          ],
          [
            34.9439272,
            48.4852004
          ],
          [
            34.9439104,
            48.4851867
          ],
          [
            34.9437213,
            48.485032
          ],
          [
            34.9433995,
            48.4846374
          ],
          [
            34.9427882,
            48.4838537
          ],
          [
            34.9426278,
            48.4835238
          ],
          [
            34.9425893,
            48.4834669
          ],
          [
            34.9425129,
            48.4832623
          ],
          [
            34.9424529,
            48.4829578
          ],
          [
            34.9423747,
            48.4828378
          ],
          [
            34.9422751,
            48.4825589
          ],
          [
            34.9422456,
            48.4823999
          ],
          [
            34.9421948,
            48.482243
          ],
          [
            34.9421269,
            48.4821278
          ]
        ]
      },
      "id": "way/38587563"
    },
    {
      "type": "Feature",
      "properties": {
        "@id": "way/38587565",
        "highway": "residential",
        "name": "Карʼєрна вулиця",
        "name:ru": "Карьерная улица",
        "name:uk": "Карʼєрна вулиця",
        "smoothness": "bad",
        "surface": "asphalt"
      },
      "geometry": {
        "type": "LineString",
        "coordinates": [
          [
            34.942963,
            48.4861016
          ],
          [
            34.9428868,
            48.4860594
          ],
          [
            34.9428633,
            48.4860487
          ],
          [
            34.9424633,
            48.4858916
          ],
          [
            34.9421882,
            48.4856737
          ]
        ]
      },
      "id": "way/38587565"
    },
    {
      "type": "Feature",
      "properties": {
        "@id": "way/38588133",
        "highway": "residential",
        "name": "Баллінська вулиця",
        "name:en": "Ballinska Street",
        "name:ru": "Баллинская улица",
        "name:uk": "Баллінська вулиця",
        "old_name": "вулиця Крупської",
        "old_name:uk": "вулиця Крупської"
      },
      "geometry": {
        "type": "LineString",
        "coordinates": [
          [
            34.947967,
            48.4819869
          ],
          [
            34.9502345,
            48.4819479
          ]
        ]
      },
      "id": "way/38588133"
    },
    {
      "type": "Feature",
      "properties": {
        "@id": "way/38588135",
        "highway": "residential",
        "name": "вулиця Івана Підкови",
        "name:uk": "вулиця Івана Підкови",
        "old_name": "вулиця Дороніна",
        "old_name:uk": "вулиця Дороніна"
      },
      "geometry": {
        "type": "LineString",
        "coordinates": [
          [
            34.9488743,
            48.4833142
          ],
          [
            34.9506736,
            48.4827439
          ]
        ]
      },
      "id": "way/38588135"
    },
    {
      "type": "Feature",
      "properties": {
        "@id": "way/38588136",
        "highway": "residential",
        "name": "Підпільна вулиця",
        "name:uk": "Підпільна вулиця"
      },
      "geometry": {
        "type": "LineString",
        "coordinates": [
          [
            34.9494952,
            48.4841918
          ],
          [
            34.951268,
            48.4835731
          ]
        ]
      },
      "id": "way/38588136"
    },
    {
      "type": "Feature",
      "properties": {
        "@id": "way/38588137",
        "highway": "residential",
        "name": "Єлагінська вулиця",
        "name:en": "Yelahinska Street",
        "name:ru": "Елагинская улица",
        "name:uk": "Єлагінська вулиця",
        "old_name": "вулиця Карпуші",
        "old_name:uk": "вулиця Карпуші"
      },
      "geometry": {
        "type": "LineString",
        "coordinates": [
          [
            34.9498045,
            48.4846588
          ],
          [
            34.9502059,
            48.4846479
          ],
          [
            34.950662,
            48.4845993
          ],
          [
            34.9511163,
            48.4845749
          ],
          [
            34.9519993,
            48.4845073
          ]
        ]
      },
      "id": "way/38588137"
    },
    {
      "type": "Feature",
      "properties": {
        "@id": "way/38588140",
        "highway": "residential",
        "name": "Вереснева площа",
        "name:ru": "Сентябрьская площадь",
        "name:uk": "Вереснева площа",
        "surface": "gravel"
      },
      "geometry": {
        "type": "LineString",
        "coordinates": [
          [
            34.9522247,
            48.4851242
          ],
          [
            34.9523172,
            48.4850546
          ],
          [
            34.9526057,
            48.4849412
          ],
          [
            34.9527668,
            48.4849154
          ],
          [
            34.9529365,
            48.4849107
          ],
          [
            34.9533139,
            48.4849275
          ],
          [
            34.9534942,
            48.4849605
          ],
          [
            34.9536557,
            48.4850803
          ],
          [
            34.9538097,
            48.4852373
          ],
          [
            34.9540248,
            48.4854272
          ]
        ]
      },
      "id": "way/38588140"
    },
    {
      "type": "Feature",
      "properties": {
        "@id": "way/38588145",
        "highway": "residential",
        "name": "Старобазарна вулиця",
        "name:en": "Starobazarna Street",
        "name:ru": "Старобазарная улица",
        "name:uk": "Старобазарна вулиця",
        "old_name": "Союзна вулиця",
        "old_name:en": "Soyuzna Street",
        "old_name:uk": "Союзна вулиця",
        "smoothness": "very_bad",
        "surface": "ground"
      },
      "geometry": {
        "type": "LineString",
        "coordinates": [
          [
            34.9498816,
            48.4872353
          ],
          [
            34.9504771,
            48.4873534
          ],
          [
            34.9513939,
            48.487456
          ],
          [
            34.9514473,
            48.4874626
          ]
        ]
      },
      "id": "way/38588145"
    },
    {
      "type": "Feature",
      "properties": {
        "@id": "way/38588147",
        "highway": "residential",
        "name": "Грузинська вулиця",
        "name:ru": "Грузинская улица",
        "name:uk": "Грузинська вулиця"
      },
      "geometry": {
        "type": "LineString",
        "coordinates": [
          [
            34.9511163,
            48.4845749
          ],
          [
            34.9512567,
            48.4849338
          ],
          [
            34.9513797,
            48.4853242
          ],
          [
            34.9514401,
            48.4857207
          ],
          [
            34.9514667,
            48.4863454
          ],
          [
            34.9515138,
            48.4867446
          ],
          [
            34.9515122,
            48.4870229
          ],
          [
            34.9514783,
            48.4872939
          ],
          [
            34.9514473,
            48.4874626
          ]
        ]
      },
      "id": "way/38588147"
    },
    {
      "type": "Feature",
      "properties": {
        "@id": "way/38588148",
        "highway": "residential",
        "name": "Нагорний провулок",
        "name:ru": "Нагорный переулок",
        "name:uk": "Нагорний провулок"
      },
      "geometry": {
        "type": "LineString",
        "coordinates": [
          [
            34.951268,
            48.4835731
          ],
          [
            34.951388,
            48.4834905
          ],
          [
            34.9515254,
            48.4834631
          ],
          [
            34.9516336,
            48.4834416
          ],
          [
            34.9519315,
            48.4834795
          ],
          [
            34.9521048,
            48.4835412
          ],
          [
            34.9521338,
            48.4833956
          ],
          [
            34.9521768,
            48.4829107
          ],
          [
            34.9522072,
            48.482567
          ],
          [
            34.9524739,
            48.4821514
          ],
          [
            34.9525975,
            48.4817063
          ],
          [
            34.9527118,
            48.4813164
          ],
          [
            34.9527304,
            48.4812491
          ],
          [
            34.9527417,
            48.4812065
          ],
          [
            34.9527491,
            48.4811789
          ],
          [
            34.9527586,
            48.4811364
          ]
        ]
      },
      "id": "way/38588148"
    },
    {
      "type": "Feature",
      "properties": {
        "@id": "way/38588150",
        "highway": "residential",
        "name": "Базарний провулок",
        "name:pl": "zaułek Bazarowy",
        "name:uk": "Базарний провулок"
      },
      "geometry": {
        "type": "LineString",
        "coordinates": [
          [
            34.954795,
            48.4824485
          ],
          [
            34.9559816,
            48.4825304
          ],
          [
            34.9560118,
            48.4825338
          ],
          [
            34.9560231,
            48.4825506
          ]
        ]
      },
      "id": "way/38588150"
    },
    {
      "type": "Feature",
      "properties": {
        "@id": "way/38588154",
        "highway": "residential",
        "name": "Крамнича вулиця",
        "name:ru": "Магазинная улица",
        "name:uk": "Крамнича вулиця"
      },
      "geometry": {
        "type": "LineString",
        "coordinates": [
          [
            34.95975,
            48.4841798
          ],
          [
            34.9594443,
            48.4842225
          ],
          [
            34.9585015,
            48.4843998
          ],
          [
            34.9579564,
            48.484547
          ],
          [
            34.9575048,
            48.4847672
          ],
          [
            34.9568516,
            48.4851122
          ],
          [
            34.9563516,
            48.4853443
          ],
          [
            34.955899,
            48.4855472
          ],
          [
            34.9554901,
            48.4857172
          ],
          [
            34.9549496,
            48.4858894
          ],
          [
            34.9543175,
            48.4860221
          ]
        ]
      },
      "id": "way/38588154"
    },
    {
      "type": "Feature",
      "properties": {
        "@id": "way/38588159",
        "highway": "residential",
        "name": "Курінна вулиця",
        "name:en": "Kurinna Street",
        "name:ru": "Куренная улица",
        "name:uk": "Курінна вулиця",
        "old_name": "вулиця Аверіна",
        "old_name:uk": "вулиця Аверіна"
      },
      "geometry": {
        "type": "LineString",
        "coordinates": [
          [
            34.9621868,
            48.4863025
          ],
          [
            34.9620459,
            48.4863693
          ],
          [
            34.96174,
            48.4864772
          ],
          [
            34.9614372,
            48.4865841
          ],
          [
            34.9605127,
            48.4870114
          ],
          [
            34.9601374,
            48.4872036
          ]
        ]
      },
      "id": "way/38588159"
    },
    {
      "type": "Feature",
      "properties": {
        "@id": "way/38588160",
        "highway": "trunk",
        "int_ref": "E 50",
        "maxspeed": "50",
        "name": "вулиця Кайдацький Шлях",
        "name:en": "Kaidatskyi Shliakh Street",
        "name:ru": "Кайдакский Шлях улица",
        "name:uk": "вулиця Кайдацький Шлях",
        "nat_ref": "М-30",
        "old_ref": "М-04",
        "oneway": "yes",
        "ref": "М-30",
        "smoothness": "excellent",
        "source:maxspeed": "UA:urban"
      },
      "geometry": {
        "type": "LineString",
        "coordinates": [
          [
            34.9626361,
            48.4861043
          ],
          [
            34.9627675,
            48.4857834
          ],
          [
            34.9627978,
            48.4857005
          ],
          [
            34.9628171,
            48.4855478
          ],
          [
            34.9628346,
            48.4852767
          ],
          [
            34.9628466,
            48.4851407
          ],
          [
            34.9628788,
            48.4847318
          ],
          [
            34.9628976,
            48.4843203
          ],
          [
            34.9629123,
            48.4842207
          ],
          [
            34.9629539,
            48.4837771
          ],
          [
            34.9629955,
            48.4835504
          ],
          [
            34.9631095,
            48.4831522
          ],
          [
            34.9633431,
            48.4826716
          ],
          [
            34.9634182,
            48.4825172
          ],
          [
            34.963503,
            48.4822941
          ]
        ]
      },
      "id": "way/38588160"
    },
    {
      "type": "Feature",
      "properties": {
        "@id": "way/38588171",
        "highway": "residential",
        "name": "Якірна вулиця",
        "name:ru": "Якорная улица",
        "name:uk": "Якірна вулиця"
      },
      "geometry": {
        "type": "LineString",
        "coordinates": [
          [
            34.9600773,
            48.4839443
          ],
          [
            34.960283,
            48.484025
          ],
          [
            34.9607072,
            48.4840964
          ],
          [
            34.9612556,
            48.4841347
          ],
          [
            34.9615437,
            48.4841577
          ],
          [
            34.9618207,
            48.4841869
          ],
          [
            34.9623727,
            48.4842514
          ],
          [
            34.9625572,
            48.4842706
          ]
        ]
      },
      "id": "way/38588171"
    },
    {
      "type": "Feature",
      "properties": {
        "@id": "way/38588173",
        "highway": "residential",
        "name": "Сонячний провулок",
        "name:pl": "zaułek Słoneczny",
        "name:ru": "Солнечный переулок",
        "name:uk": "Сонячний провулок"
      },
      "geometry": {
        "type": "LineString",
        "coordinates": [
          [
            34.9593007,
            48.4845452
          ],
          [
            34.959468,
            48.4846305
          ],
          [
            34.9597709,
            48.4846871
          ],
          [
            34.9604078,
            48.4847643
          ],
          [
            34.9611457,
            48.4848673
          ],
          [
            34.9618758,
            48.4849497
          ],
          [
            34.9621167,
            48.4849859
          ]
        ]
      },
      "id": "way/38588173"
    },
    {
      "type": "Feature",
      "properties": {
        "@id": "way/38588314",
        "highway": "residential",
        "name": "вулиця Павла Бута",
        "name:en": "Pavla Buta Street",
        "name:ru": "Павла Бута улица",
        "name:uk": "вулиця Павла Бута",
        "old_name": "вулиця Бібікова",
        "old_name:uk": "вулиця Бібікова",
        "surface": "gravel"
      },
      "geometry": {
        "type": "LineString",
        "coordinates": [
          [
            34.960188,
            48.4890419
          ],
          [
            34.9597307,
            48.4885994
          ],
          [
            34.959651,
            48.488572
          ],
          [
            34.9594228,
            48.4886363
          ],
          [
            34.958544,
            48.4887127
          ],
          [
            34.9581799,
            48.4886943
          ],
          [
            34.9579222,
            48.4886718
          ]
        ]
      },
      "id": "way/38588314"
    },
    {
      "type": "Feature",
      "properties": {
        "@id": "way/38588315",
        "highway": "residential",
        "name": "вулиця Старий Вал",
        "name:de": "Staryj Wal Straße",
        "name:en": "Staryi Val Street",
        "name:fr": "Rue Staryï Val",
        "name:ru": "Старый Вал улица",
        "name:uk": "вулиця Старий Вал",
        "old_name": "Сибірська вулиця",
        "old_name:uk": "Сибірська вулиця",
        "surface": "gravel"
      },
      "geometry": {
        "type": "LineString",
        "coordinates": [
          [
            34.955119,
            48.481369
          ],
          [
            34.9551094,
            48.4814044
          ],
          [
            34.9550972,
            48.4814339
          ],
          [
            34.9550783,
            48.4814796
          ],
          [
            34.9550483,
            48.4815436
          ],
          [
            34.9550358,
            48.4815661
          ],
          [
            34.9549744,
            48.4817463
          ],
          [
            34.9549033,
            48.481956
          ],
          [
            34.954795,
            48.4824485
          ],
          [
            34.9545834,
            48.483322
          ],
          [
            34.9544587,
            48.4838394
          ],
          [
            34.9543305,
            48.4844243
          ],
          [
            34.9541531,
            48.4849194
          ],
          [
            34.9540248,
            48.4854272
          ],
          [
            34.9541517,
            48.4857106
          ],
          [
            34.9543175,
            48.4860221
          ],
          [
            34.9546969,
            48.4868042
          ],
          [
            34.954931,
            48.4872867
          ],
          [
            34.9549506,
            48.4876423
          ],
          [
            34.9549959,
            48.487748
          ],
          [
            34.9550241,
            48.4878393
          ],
          [
            34.9551387,
            48.4880734
          ],
          [
            34.9551931,
            48.4883324
          ],
          [
            34.9553639,
            48.4891446
          ],
          [
            34.9553383,
            48.4899933
          ],
          [
            34.9553359,
            48.4900713
          ],
          [
            34.9553166,
            48.4902756
          ],
          [
            34.9551174,
            48.4910042
          ]
        ]
      },
      "id": "way/38588315"
    },
    {
      "type": "Feature",
      "properties": {
        "@id": "way/38588316",
        "highway": "residential",
        "name": "провулок Монтажників",
        "name:ru": "Монтажников переулок",
        "name:uk": "провулок Монтажників"
      },
      "geometry": {
        "type": "LineString",
        "coordinates": [
          [
            34.9568037,
            48.4883384
          ],
          [
            34.9567527,
            48.4883682
          ],
          [
            34.9567299,
            48.4883958
          ],
          [
            34.9567317,
            48.488425
          ],
          [
            34.9568107,
            48.4891344
          ],
          [
            34.9569668,
            48.4901371
          ],
          [
            34.9570863,
            48.4907139
          ]
        ]
      },
      "id": "way/38588316"
    },
    {
      "type": "Feature",
      "properties": {
        "@id": "way/38588317",
        "highway": "residential",
        "name": "Контрактовий провулок",
        "name:uk": "Контрактовий провулок",
        "old_name": "Тайшетський провулок",
        "old_name:ru": "Тайшетский переулок",
        "old_name:uk": "Тайшетський провулок"
      },
      "geometry": {
        "type": "LineString",
        "coordinates": [
          [
            34.958544,
            48.4887127
          ],
          [
            34.9585869,
            48.4889805
          ],
          [
            34.9587111,
            48.4896799
          ],
          [
            34.9588367,
            48.4905446
          ]
        ]
      },
      "id": "way/38588317"
    },
    {
      "type": "Feature",
      "properties": {
        "@id": "way/38588318",
        "highway": "residential",
        "name": "вулиця Артема Мураховського",
        "name:uk": "вулиця Артема Мураховського",
        "old_name": "вулиця Платона Петряєва",
        "old_name:uk": "вулиця Платона Петряєва"
      },
      "geometry": {
        "type": "LineString",
        "coordinates": [
          [
            34.960188,
            48.4890419
          ],
          [
            34.959805,
            48.4892018
          ],
          [
            34.9592991,
            48.4894383
          ],
          [
            34.9587111,
            48.4896799
          ]
        ]
      },
      "id": "way/38588318"
    },
    {
      "type": "Feature",
      "properties": {
        "@id": "way/38588319",
        "highway": "residential",
        "name": "Вільний проїзд",
        "name:ru": "Свободный проезд",
        "name:uk": "Вільний проїзд"
      },
      "geometry": {
        "type": "LineString",
        "coordinates": [
          [
            34.959651,
            48.488572
          ],
          [
            34.9596408,
            48.4885177
          ],
          [
            34.9596604,
            48.4884045
          ],
          [
            34.9597218,
            48.4882642
          ],
          [
            34.9601374,
            48.4872036
          ]
        ]
      },
      "id": "way/38588319"
    },
    {
      "type": "Feature",
      "properties": {
        "@id": "way/38588320",
        "highway": "residential",
        "name": "Контрактовий провулок",
        "name:en": "Kontraktovyi Lane",
        "name:uk": "Контрактовий провулок",
        "old_name": "Тайшетський провулок",
        "old_name:ru": "Тайшетский переулок",
        "old_name:uk": "Тайшетський провулок"
      },
      "geometry": {
        "type": "LineString",
        "coordinates": [
          [
            34.958544,
            48.4887127
          ],
          [
            34.9586916,
            48.4884065
          ],
          [
            34.959305,
            48.4870511
          ]
        ]
      },
      "id": "way/38588320"
    },
    {
      "type": "Feature",
      "properties": {
        "@id": "way/38588321",
        "highway": "residential",
        "name": "Бірюзовий провулок",
        "name:en": "Biriuzovyi Lane",
        "name:ru": "Бирюзовый переулок",
        "name:uk": "Бірюзовий провулок"
      },
      "geometry": {
        "type": "LineString",
        "coordinates": [
          [
            34.9586076,
            48.486972
          ],
          [
            34.9585591,
            48.4870278
          ],
          [
            34.9585189,
            48.4871514
          ],
          [
            34.9584617,
            48.4874276
          ],
          [
            34.9583583,
            48.4882259
          ],
          [
            34.9581799,
            48.4886943
          ]
        ]
      },
      "id": "way/38588321"
    },
    {
      "type": "Feature",
      "properties": {
        "@id": "way/38588322",
        "highway": "residential",
        "name": "Сурський проїзд",
        "name:ru": "Сурской проезд",
        "name:uk": "Сурський проїзд"
      },
      "geometry": {
        "type": "LineString",
        "coordinates": [
          [
            34.9579222,
            48.4886718
          ],
          [
            34.9579626,
            48.4891357
          ],
          [
            34.9580179,
            48.4896379
          ],
          [
            34.958079,
            48.4899077
          ],
          [
            34.9581429,
            48.4901485
          ],
          [
            34.9582265,
            48.4904019
          ],
          [
            34.9583079,
            48.4906037
          ]
        ]
      },
      "id": "way/38588322"
    },
    {
      "type": "Feature",
      "properties": {
        "@id": "way/38632272",
        "highway": "residential",
        "name": "Зеленодольський провулок",
        "name:en": "Zelenodolskyi Lane",
        "name:ru": "Зеленодольский переулок",
        "name:uk": "Зеленодольський провулок"
      },
      "geometry": {
        "type": "LineString",
        "coordinates": [
          [
            34.9081123,
            48.4650307
          ],
          [
            34.9072658,
            48.4661287
          ]
        ]
      },
      "id": "way/38632272"
    },
    {
      "type": "Feature",
      "properties": {
        "@id": "way/38632274",
        "highway": "residential",
        "name": "Донбаський провулок",
        "name:en": "Donbaskyi Lane",
        "name:ru": "Донбасский переулок",
        "name:uk": "Донбаський провулок"
      },
      "geometry": {
        "type": "LineString",
        "coordinates": [
          [
            34.9056279,
            48.4590158
          ],
          [
            34.9057437,
            48.4590287
          ],
          [
            34.9061434,
            48.4590523
          ],
          [
            34.9067541,
            48.4590988
          ],
          [
            34.9072094,
            48.4591383
          ],
          [
            34.907406,
            48.4591657
          ],
          [
            34.9079318,
            48.4591608
          ],
          [
            34.9084997,
            48.4591425
          ],
          [
            34.9086633,
            48.4591172
          ],
          [
            34.909164,
            48.4591273
          ]
        ]
      },
      "id": "way/38632274"
    },
    {
      "type": "Feature",
      "properties": {
        "@id": "way/38632275",
        "highway": "residential",
        "name": "Залізничний провулок",
        "name:en": "Zaliznychnyi Lane",
        "name:ru": "Железнодорожный переулок",
        "name:uk": "Залізничний провулок"
      },
      "geometry": {
        "type": "LineString",
        "coordinates": [
          [
            34.905508,
            48.4606301
          ],
          [
            34.9059011,
            48.4606106
          ],
          [
            34.9061949,
            48.4605771
          ],
          [
            34.9069292,
            48.4604856
          ],
          [
            34.907446,
            48.4603993
          ],
          [
            34.907793,
            48.4603014
          ],
          [
            34.9079165,
            48.4602533
          ]
        ]
      },
      "id": "way/38632275"
    },
    {
      "type": "Feature",
      "properties": {
        "@id": "way/38632278",
        "highway": "residential",
        "name": "вулиця Данила Сахненка",
        "name:en": "Danyla Sakhnenka Street",
        "name:ru": "Даниила Сахненко улица",
        "name:uk": "вулиця Данила Сахненка",
        "old_name": "вулиця Большунова",
        "old_name:en": "Bolshunova Street",
        "old_name:uk": "вулиця Большунова"
      },
      "geometry": {
        "type": "LineString",
        "coordinates": [
          [
            34.9147125,
            48.4600972
          ],
          [
            34.9145199,
            48.4601279
          ],
          [
            34.9142402,
            48.4600908
          ],
          [
            34.9138692,
            48.4600205
          ],
          [
            34.9129759,
            48.4598496
          ],
          [
            34.9121897,
            48.4597215
          ],
          [
            34.9120287,
            48.4597031
          ]
        ]
      },
      "id": "way/38632278"
    },
    {
      "type": "Feature",
      "properties": {
        "@id": "way/38632283",
        "highway": "residential",
        "name": "провулок Вінграновського",
        "name:uk": "провулок Вінграновського",
        "old_name": "Першотравневий провулок",
        "old_name:en": "Pershotravnevyi Lane",
        "old_name:pl": "zaułek Pierwszomajowy",
        "old_name:ru": "Первомайский переулок",
        "old_name:uk": "Першотравневий провулок"
      },
      "geometry": {
        "type": "LineString",
        "coordinates": [
          [
            34.9111461,
            48.4608418
          ],
          [
            34.9111761,
            48.4607849
          ],
          [
            34.9114275,
            48.4604478
          ],
          [
            34.911974,
            48.4597755
          ],
          [
            34.9120287,
            48.4597031
          ]
        ]
      },
      "id": "way/38632283"
    },
    {
      "type": "Feature",
      "properties": {
        "@id": "way/38689468",
        "highway": "residential",
        "name": "вулиця Родини Ульманів",
        "name:uk": "вулиця Родини Ульманів",
        "old_name": "вулиця Писемського",
        "old_name:en": "Pysemskoho Street",
        "old_name:uk": "вулиця Писемського"
      },
      "geometry": {
        "type": "LineString",
        "coordinates": [
          [
            34.9140007,
            48.4545774
          ],
          [
            34.9141376,
            48.4548537
          ],
          [
            34.9146923,
            48.4559995
          ],
          [
            34.9149414,
            48.456546
          ],
          [
            34.9152113,
            48.4570919
          ],
          [
            34.9155482,
            48.457642
          ],
          [
            34.9162486,
            48.458865
          ],
          [
            34.9164753,
            48.4593022
          ],
          [
            34.9166201,
            48.4595445
          ],
          [
            34.9169252,
            48.4600394
          ],
          [
            34.9171672,
            48.4604223
          ],
          [
            34.917269,
            48.4606293
          ],
          [
            34.9173213,
            48.4607522
          ],
          [
            34.9174438,
            48.4609688
          ],
          [
            34.9176248,
            48.4611445
          ],
          [
            34.9178091,
            48.4613231
          ],
          [
            34.9180718,
            48.4615074
          ],
          [
            34.9183158,
            48.4616638
          ],
          [
            34.9187851,
            48.4619061
          ],
          [
            34.9189708,
            48.4620291
          ],
          [
            34.9190398,
            48.4621572
          ]
        ]
      },
      "id": "way/38689468"
    },
    {
      "type": "Feature",
      "properties": {
        "@id": "way/38689469",
        "highway": "residential",
        "name": "Вільнюська вулиця",
        "name:en": "Vilniuska Street",
        "name:uk": "Вільнюська вулиця",
        "old_name": "Валдайська вулиця",
        "old_name:en": "Valdaiska Street",
        "old_name:ru": "Валдайская улица",
        "old_name:uk": "Валдайська вулиця"
      },
      "geometry": {
        "type": "LineString",
        "coordinates": [
          [
            34.9132575,
            48.4546641
          ],
          [
            34.9141601,
            48.456554
          ],
          [
            34.9144516,
            48.4572164
          ],
          [
            34.9145161,
            48.4573375
          ],
          [
            34.914602,
            48.4574787
          ],
          [
            34.9147133,
            48.4578114
          ],
          [
            34.9149957,
            48.4581694
          ],
          [
            34.9153039,
            48.4587721
          ],
          [
            34.9154218,
            48.4589433
          ],
          [
            34.9155334,
            48.459205
          ],
          [
            34.915695,
            48.4594749
          ],
          [
            34.9161331,
            48.4603783
          ],
          [
            34.9162565,
            48.4606274
          ],
          [
            34.9162639,
            48.460681
          ]
        ]
      },
      "id": "way/38689469"
    },
    {
      "type": "Feature",
      "properties": {
        "@id": "way/38689470",
        "highway": "residential",
        "name": "вулиця Родини Ульманів",
        "name:uk": "вулиця Родини Ульманів",
        "old_name": "вулиця Писемського",
        "old_name:en": "Pysemskoho Street",
        "old_name:uk": "вулиця Писемського"
      },
      "geometry": {
        "type": "LineString",
        "coordinates": [
          [
            34.917269,
            48.4606293
          ],
          [
            34.9166107,
            48.4606551
          ],
          [
            34.9162639,
            48.460681
          ],
          [
            34.9150818,
            48.4608429
          ]
        ]
      },
      "id": "way/38689470"
    },
    {
      "type": "Feature",
      "properties": {
        "@id": "way/38689474",
        "highway": "residential",
        "name": "Осавулівська вулиця",
        "name:uk": "Осавулівська вулиця",
        "old_name": "вулиця Ільюшина",
        "old_name:en": "Iliushyna Street",
        "old_name:ru": "Ильюшина улица",
        "old_name:uk": "вулиця Ільюшина"
      },
      "geometry": {
        "type": "LineString",
        "coordinates": [
          [
            34.9141376,
            48.4548537
          ],
          [
            34.9142019,
            48.4548477
          ],
          [
            34.9142721,
            48.4548617
          ],
          [
            34.9148997,
            48.4551531
          ],
          [
            34.9154316,
            48.4554117
          ],
          [
            34.9163356,
            48.4559223
          ],
          [
            34.9171098,
            48.4563742
          ],
          [
            34.9186662,
            48.4573406
          ],
          [
            34.919143,
            48.4575955
          ],
          [
            34.9200144,
            48.458037
          ],
          [
            34.9201083,
            48.4580949
          ],
          [
            34.9201874,
            48.4581402
          ],
          [
            34.9207289,
            48.458353
          ],
          [
            34.9212972,
            48.458571
          ],
          [
            34.9214468,
            48.4586411
          ],
          [
            34.922215,
            48.4589148
          ],
          [
            34.9222699,
            48.45897
          ],
          [
            34.922289,
            48.4590358
          ]
        ]
      },
      "id": "way/38689474"
    },
    {
      "type": "Feature",
      "properties": {
        "@id": "way/38689488",
        "highway": "residential",
        "name": "Порохова вулиця",
        "name:en": "Porokhova Street",
        "name:ru": "Пороховая улица",
        "name:uk": "Порохова вулиця",
        "surface": "asphalt"
      },
      "geometry": {
        "type": "LineString",
        "coordinates": [
          [
            34.9173213,
            48.4607522
          ],
          [
            34.9174659,
            48.4607208
          ],
          [
            34.9176433,
            48.4606581
          ],
          [
            34.9179072,
            48.460432
          ],
          [
            34.9183286,
            48.4600503
          ],
          [
            34.918644,
            48.4597375
          ],
          [
            34.9190475,
            48.4593074
          ],
          [
            34.9201083,
            48.4580949
          ],
          [
            34.9207626,
            48.4573274
          ],
          [
            34.9212983,
            48.4568077
          ],
          [
            34.9216347,
            48.4565112
          ],
          [
            34.9220137,
            48.4561841
          ],
          [
            34.9222555,
            48.4560095
          ],
          [
            34.9228388,
            48.45548
          ],
          [
            34.9229081,
            48.4554065
          ],
          [
            34.9228467,
            48.4553501
          ],
          [
            34.9224713,
            48.4549137
          ],
          [
            34.9218622,
            48.454228
          ],
          [
            34.9218711,
            48.4541947
          ],
          [
            34.9218781,
            48.4541688
          ],
          [
            34.9219294,
            48.4541051
          ],
          [
            34.9219424,
            48.4540296
          ],
          [
            34.9219078,
            48.4539699
          ],
          [
            34.9218525,
            48.4539247
          ],
          [
            34.9218066,
            48.4539052
          ],
          [
            34.9217293,
            48.4538927
          ]
        ]
      },
      "id": "way/38689488"
    },
    {
      "type": "Feature",
      "properties": {
        "@id": "way/38689492",
        "highway": "residential",
        "name": "Сонячна вулиця",
        "name:en": "Soniachna Street",
        "name:pl": "ulica Słoneczna",
        "name:ru": "Солнечная улица",
        "name:uk": "Сонячна вулиця"
      },
      "geometry": {
        "type": "LineString",
        "coordinates": [
          [
            34.9207289,
            48.458353
          ],
          [
            34.9193934,
            48.4598591
          ],
          [
            34.9193841,
            48.4599125
          ],
          [
            34.919307,
            48.4599481
          ],
          [
            34.9189778,
            48.4602942
          ],
          [
            34.918903,
            48.460336
          ],
          [
            34.9187665,
            48.4604947
          ],
          [
            34.9187606,
            48.4605512
          ],
          [
            34.9188248,
            48.4606147
          ]
        ]
      },
      "id": "way/38689492"
    },
    {
      "type": "Feature",
      "properties": {
        "@id": "way/38689512",
        "highway": "residential",
        "name": "Квітуча вулиця",
        "name:en": "Kvitucha Street",
        "name:ru": "Цветущая улица",
        "name:uk": "Квітуча вулиця"
      },
      "geometry": {
        "type": "LineString",
        "coordinates": [
          [
            34.9210614,
            48.4589767
          ],
          [
            34.9200077,
            48.4601653
          ]
        ]
      },
      "id": "way/38689512"
    },
    {
      "type": "Feature",
      "properties": {
        "@id": "way/38689533",
        "highway": "residential",
        "name": "Юпітерна вулиця",
        "name:en": "Yupiterna Street",
        "name:ru": "Юпитерная улица",
        "name:uk": "Юпітерна вулиця"
      },
      "geometry": {
        "type": "LineString",
        "coordinates": [
          [
            34.9188673,
            48.458645
          ],
          [
            34.9185701,
            48.4589077
          ],
          [
            34.9185598,
            48.4589703
          ],
          [
            34.9183432,
            48.4591205
          ],
          [
            34.9182347,
            48.4592296
          ],
          [
            34.9181413,
            48.4592602
          ],
          [
            34.9180432,
            48.4592517
          ],
          [
            34.9168547,
            48.4586195
          ],
          [
            34.9167227,
            48.4585582
          ],
          [
            34.9175418,
            48.4578968
          ]
        ]
      },
      "id": "way/38689533"
    },
    {
      "type": "Feature",
      "properties": {
        "@id": "way/38689536",
        "highway": "residential",
        "name": "провулок Вінграновського",
        "name:uk": "провулок Вінграновського",
        "old_name": "Першотравневий провулок",
        "old_name:en": "Pershotravnevyi Lane",
        "old_name:pl": "zaułek Pierwszomajowy",
        "old_name:ru": "Первомайский переулок",
        "old_name:uk": "Першотравневий провулок"
      },
      "geometry": {
        "type": "LineString",
        "coordinates": [
          [
            34.9114275,
            48.4604478
          ],
          [
            34.9111248,
            48.4603305
          ],
          [
            34.9100683,
            48.4598177
          ],
          [
            34.91038,
            48.4594658
          ],
          [
            34.9104642,
            48.4594081
          ]
        ]
      },
      "id": "way/38689536"
    },
    {
      "type": "Feature",
      "properties": {
        "@id": "way/38689539",
        "highway": "residential",
        "name": "Мисливський провулок",
        "name:uk": "Мисливський провулок",
        "old_name": "Боткінський провулок",
        "old_name:en": "Botkinskyi Lane",
        "old_name:ru": "Боткинский переулок",
        "old_name:uk": "Боткінський провулок"
      },
      "geometry": {
        "type": "LineString",
        "coordinates": [
          [
            34.9056309,
            48.4588986
          ],
          [
            34.9047416,
            48.4586873
          ],
          [
            34.9042987,
            48.4585526
          ],
          [
            34.9040682,
            48.458497
          ],
          [
            34.9036546,
            48.458328
          ],
          [
            34.9034862,
            48.4582787
          ],
          [
            34.9034142,
            48.458243
          ],
          [
            34.9033887,
            48.4581932
          ],
          [
            34.9034021,
            48.4581336
          ],
          [
            34.9034356,
            48.458082
          ],
          [
            34.9035293,
            48.4579804
          ],
          [
            34.9036184,
            48.4578883
          ],
          [
            34.9037252,
            48.4577879
          ]
        ]
      },
      "id": "way/38689539"
    },
    {
      "type": "Feature",
      "properties": {
        "@id": "way/38754624",
        "highway": "service",
        "name": "Гайдамацька вулиця",
        "name:en": "Haidamatska Street",
        "name:pl": "ulica Hajdamacka",
        "name:ru": "Гайдамацкая улица",
        "name:uk": "Гайдамацька вулиця",
        "old_name": "Комісарівська вулиця",
        "old_name:en": "Komisarivska Street",
        "old_name:uk": "Комісарівська вулиця",
        "service": "alley"
      },
      "geometry": {
        "type": "LineString",
        "coordinates": [
          [
            34.9226937,
            48.4587846
          ],
          [
            34.923259,
            48.4590361
          ],
          [
            34.9239537,
            48.4593698
          ],
          [
            34.9243697,
            48.4595877
          ]
        ]
      },
      "id": "way/38754624"
    },
    {
      "type": "Feature",
      "properties": {
        "@id": "way/38754626",
        "highway": "residential",
        "name": "Гайдамацький провулок",
        "name:en": "Haidamatskyi Lane",
        "name:ru": "Гайдамацкий переулок",
        "name:uk": "Гайдамацький провулок",
        "old_name": "Комісарівський провулок",
        "old_name:en": "Komisarivskyi Lane",
        "old_name:uk": "Комісарівський провулок"
      },
      "geometry": {
        "type": "LineString",
        "coordinates": [
          [
            34.9239537,
            48.4593698
          ],
          [
            34.9246695,
            48.4586377
          ],
          [
            34.9253973,
            48.4576705
          ]
        ]
      },
      "id": "way/38754626"
    },
    {
      "type": "Feature",
      "properties": {
        "@id": "way/38754631",
        "highway": "residential",
        "name": "Упертий тупик",
        "name:en": "Upertyi End",
        "name:ru": "Упорный тупик",
        "name:uk": "Упертий тупик",
        "smoothness": "bad",
        "surface": "asphalt"
      },
      "geometry": {
        "type": "LineString",
        "coordinates": [
          [
            34.930404,
            48.4546715
          ],
          [
            34.9299547,
            48.4548814
          ],
          [
            34.9298944,
            48.4549179
          ],
          [
            34.9295792,
            48.4551403
          ],
          [
            34.9294692,
            48.4552159
          ],
          [
            34.9291447,
            48.4554969
          ],
          [
            34.9289958,
            48.4556801
          ],
          [
            34.9289563,
            48.4557285
          ],
          [
            34.9288295,
            48.4559007
          ],
          [
            34.9287615,
            48.4560203
          ],
          [
            34.9286018,
            48.4563528
          ],
          [
            34.9284639,
            48.4565558
          ],
          [
            34.928172,
            48.4572047
          ],
          [
            34.9280985,
            48.4577354
          ],
          [
            34.9282104,
            48.4579831
          ],
          [
            34.9282344,
            48.4582259
          ],
          [
            34.9281654,
            48.4583686
          ],
          [
            34.9279216,
            48.4585493
          ],
          [
            34.9275711,
            48.4588549
          ],
          [
            34.9274445,
            48.458954
          ],
          [
            34.9273179,
            48.4589931
          ],
          [
            34.9270253,
            48.4591061
          ],
          [
            34.926233,
            48.4595146
          ],
          [
            34.9253545,
            48.4600294
          ]
        ]
      },
      "id": "way/38754631"
    },
    {
      "type": "Feature",
      "properties": {
        "@id": "way/38758895",
        "highway": "residential",
        "name": "вулиця Волновахи",
        "name:de": "Wolnowachy-Straße",
        "name:en": "Volnovakhy Street",
        "name:fr": "Rue Volnovakhy",
        "name:it": "Via Volnovachy",
        "name:ru": "Волновахи улица",
        "name:uk": "вулиця Волновахи",
        "old_name:uk": "Дагестанська вулиця"
      },
      "geometry": {
        "type": "LineString",
        "coordinates": [
          [
            34.9404953,
            48.4595767
          ],
          [
            34.9409516,
            48.4591816
          ],
          [
            34.9413649,
            48.4587863
          ],
          [
            34.941474,
            48.4585969
          ],
          [
            34.9415332,
            48.4582729
          ],
          [
            34.941519,
            48.4574875
          ],
          [
            34.9415032,
            48.4573147
          ],
          [
            34.9414587,
            48.457121
          ],
          [
            34.94129,
            48.4567567
          ],
          [
            34.9410832,
            48.456534
          ],
          [
            34.9409869,
            48.4564629
          ],
          [
            34.9408029,
            48.4563401
          ],
          [
            34.9406828,
            48.4562915
          ]
        ]
      },
      "id": "way/38758895"
    },
    {
      "type": "Feature",
      "properties": {
        "@id": "way/38758910",
        "highway": "residential",
        "name": "вулиця Амундсена",
        "name:ru": "Амундсена улица",
        "name:uk": "вулиця Амундсена"
      },
      "geometry": {
        "type": "LineString",
        "coordinates": [
          [
            34.9333375,
            48.4584143
          ],
          [
            34.9333031,
            48.4584399
          ],
          [
            34.9332048,
            48.4584951
          ],
          [
            34.9330718,
            48.4585756
          ],
          [
            34.9327325,
            48.4588597
          ],
          [
            34.9325808,
            48.4590091
          ],
          [
            34.9324553,
            48.4591132
          ],
          [
            34.9324328,
            48.4591429
          ],
          [
            34.9324255,
            48.4591732
          ],
          [
            34.9324344,
            48.4593279
          ],
          [
            34.9324499,
            48.459601
          ],
          [
            34.9324741,
            48.4600266
          ],
          [
            34.9324797,
            48.4600591
          ],
          [
            34.9328861,
            48.4602998
          ],
          [
            34.9328669,
            48.460433
          ],
          [
            34.9331722,
            48.4605978
          ],
          [
            34.9342552,
            48.4612746
          ],
          [
            34.9343773,
            48.4613375
          ],
          [
            34.9345441,
            48.4613726
          ],
          [
            34.9357833,
            48.4615507
          ],
          [
            34.9359503,
            48.4615619
          ],
          [
            34.9360704,
            48.4615249
          ]
        ]
      },
      "id": "way/38758910"
    },
    {
      "type": "Feature",
      "properties": {
        "@id": "way/38758911",
        "highway": "residential",
        "name": "Кустанайська вулиця",
        "name:en": "Kustanaiska Street",
        "name:ru": "Кустанайская улица",
        "name:uk": "Кустанайська вулиця",
        "surface": "asphalt"
      },
      "geometry": {
        "type": "LineString",
        "coordinates": [
          [
            34.9346547,
            48.459017
          ],
          [
            34.9336458,
            48.4597351
          ],
          [
            34.9328861,
            48.4602998
          ]
        ]
      },
      "id": "way/38758911"
    },
    {
      "type": "Feature",
      "properties": {
        "@id": "way/38758912",
        "highway": "service",
        "name": "Фосфорна вулиця",
        "name:ru": "Фосфорная улица",
        "name:uk": "Фосфорна вулиця"
      },
      "geometry": {
        "type": "LineString",
        "coordinates": [
          [
            34.9353591,
            48.4607985
          ],
          [
            34.9352786,
            48.4609203
          ],
          [
            34.9351971,
            48.4609817
          ],
          [
            34.9350612,
            48.4610315
          ],
          [
            34.9349282,
            48.4610343
          ],
          [
            34.9348088,
            48.4610088
          ],
          [
            34.9342057,
            48.4606662
          ],
          [
            34.9341573,
            48.4606012
          ],
          [
            34.9341427,
            48.460521
          ],
          [
            34.9336896,
            48.4602586
          ],
          [
            34.933573,
            48.460282
          ],
          [
            34.9331722,
            48.4605978
          ]
        ]
      },
      "id": "way/38758912"
    },
    {
      "type": "Feature",
      "properties": {
        "@id": "way/38758913",
        "highway": "service",
        "name": "Фосфорна вулиця",
        "name:ru": "Фосфорная улица",
        "name:uk": "Фосфорна вулиця"
      },
      "geometry": {
        "type": "LineString",
        "coordinates": [
          [
            34.9360704,
            48.4615249
          ],
          [
            34.9362492,
            48.4616362
          ],
          [
            34.9365273,
            48.4618504
          ],
          [
            34.936639,
            48.4618855
          ],
          [
            34.9368406,
            48.4618984
          ],
          [
            34.9376077,
            48.4618892
          ],
          [
            34.9378343,
            48.4618743
          ],
          [
            34.9386419,
            48.4618585
          ],
          [
            34.9392851,
            48.4618479
          ]
        ]
      },
      "id": "way/38758913"
    },
    {
      "type": "Feature",
      "properties": {
        "@id": "way/39130458",
        "highway": "residential",
        "name": "Фортечна вулиця",
        "name:en": "Fortechna Street",
        "name:ru": "Фортечная улица",
        "name:uk": "Фортечна вулиця",
        "old_name": "вулиця Жовтенят",
        "old_name:en": "Zhovteniat Street",
        "old_name:uk": "вулиця Жовтенят",
        "smoothness": "bad",
        "surface": "asphalt"
      },
      "geometry": {
        "type": "LineString",
        "coordinates": [
          [
            34.9533102,
            48.4895397
          ],
          [
            34.9533865,
            48.4893868
          ],
          [
            34.9536488,
            48.4890864
          ],
          [
            34.9537258,
            48.4890171
          ],
          [
            34.9538192,
            48.4889661
          ],
          [
            34.9539648,
            48.4888139
          ],
          [
            34.9540711,
            48.4886574
          ],
          [
            34.9543617,
            48.4883491
          ],
          [
            34.9547414,
            48.4878955
          ],
          [
            34.9550241,
            48.4878393
          ],
          [
            34.9552423,
            48.4878119
          ],
          [
            34.9554622,
            48.4877159
          ],
          [
            34.9567892,
            48.4867689
          ],
          [
            34.95683,
            48.4867354
          ],
          [
            34.9572995,
            48.4862666
          ],
          [
            34.9580475,
            48.4856165
          ],
          [
            34.9581093,
            48.4855628
          ],
          [
            34.9581691,
            48.485511
          ],
          [
            34.9587561,
            48.4850031
          ],
          [
            34.9593007,
            48.4845452
          ],
          [
            34.95975,
            48.4841798
          ],
          [
            34.9600773,
            48.4839443
          ],
          [
            34.9607652,
            48.4834349
          ],
          [
            34.9608618,
            48.4833469
          ]
        ]
      },
      "id": "way/39130458"
    },
    {
      "type": "Feature",
      "properties": {
        "@id": "way/39130465",
        "highway": "residential",
        "name": "Погоріла вулиця",
        "name:en": "Pohorila Street",
        "name:ru": "Погорелая улица",
        "name:uk": "Погоріла вулиця",
        "surface": "gravel"
      },
      "geometry": {
        "type": "LineString",
        "coordinates": [
          [
            34.9466994,
            48.4880689
          ],
          [
            34.9478918,
            48.4887268
          ],
          [
            34.9490591,
            48.4894131
          ],
          [
            34.9496902,
            48.4897811
          ],
          [
            34.9503488,
            48.4901512
          ],
          [
            34.9507695,
            48.4902833
          ],
          [
            34.9509595,
            48.4903207
          ],
          [
            34.9510383,
            48.4903342
          ],
          [
            34.951205,
            48.4903501
          ],
          [
            34.9521319,
            48.4905579
          ]
        ]
      },
      "id": "way/39130465"
    },
    {
      "type": "Feature",
      "properties": {
        "@id": "way/39130475",
        "highway": "residential",
        "name": "Двірцева вулиця",
        "name:en": "Dvirtseva Street",
        "name:uk": "Двірцева вулиця",
        "old_name": "Алеутська вулиця",
        "old_name:ru": "Алеутская улица",
        "old_name:uk": "Алеутська вулиця"
      },
      "geometry": {
        "type": "LineString",
        "coordinates": [
          [
            34.9533102,
            48.4895397
          ],
          [
            34.953935,
            48.4898932
          ],
          [
            34.9541858,
            48.4900071
          ],
          [
            34.9544617,
            48.4900938
          ],
          [
            34.9545776,
            48.4901162
          ],
          [
            34.9547309,
            48.4901205
          ],
          [
            34.9550241,
            48.490105
          ],
          [
            34.9553359,
            48.4900713
          ]
        ]
      },
      "id": "way/39130475"
    },
    {
      "type": "Feature",
      "properties": {
        "@id": "way/39130484",
        "highway": "residential",
        "name": "Річкова вулиця",
        "name:pl": "ulica Rzeczna",
        "name:ru": "Речная улица",
        "name:uk": "Річкова вулиця",
        "surface": "gravel"
      },
      "geometry": {
        "type": "LineString",
        "coordinates": [
          [
            34.9512368,
            48.4916441
          ],
          [
            34.9512821,
            48.4915718
          ],
          [
            34.9514544,
            48.49135
          ],
          [
            34.9516127,
            48.4912126
          ],
          [
            34.9517698,
            48.4910933
          ],
          [
            34.9520307,
            48.490679
          ],
          [
            34.9521319,
            48.4905579
          ],
          [
            34.9523141,
            48.4905267
          ],
          [
            34.9526944,
            48.4905392
          ],
          [
            34.952863,
            48.4905266
          ],
          [
            34.9529648,
            48.4904863
          ],
          [
            34.9530589,
            48.4904364
          ],
          [
            34.9531622,
            48.4902682
          ],
          [
            34.9533102,
            48.4895397
          ]
        ]
      },
      "id": "way/39130484"
    },
    {
      "type": "Feature",
      "properties": {
        "@id": "way/39130506",
        "highway": "residential",
        "name": "вулиця Марії Грінченко",
        "name:en": "Marii Hrinchenko Street",
        "name:ru": "Марии Гринченко улица",
        "name:uk": "вулиця Марії Грінченко",
        "old_name": "вулиця Щаденка",
        "old_name:uk": "вулиця Щаденка"
      },
      "geometry": {
        "type": "LineString",
        "coordinates": [
          [
            34.9630907,
            48.4859647
          ],
          [
            34.9632128,
            48.4860048
          ],
          [
            34.9632396,
            48.4860812
          ],
          [
            34.963316,
            48.4863843
          ],
          [
            34.9633858,
            48.4864936
          ],
          [
            34.9635632,
            48.4866094
          ],
          [
            34.9638834,
            48.4869639
          ],
          [
            34.9641402,
            48.4872279
          ],
          [
            34.9647381,
            48.4878616
          ]
        ]
      },
      "id": "way/39130506"
    },
    {
      "type": "Feature",
      "properties": {
        "@id": "way/39130516",
        "highway": "residential",
        "name": "вулиця Артема Мураховського",
        "name:uk": "вулиця Артема Мураховського",
        "old_name": "вулиця Платона Петряєва",
        "old_name:uk": "вулиця Платона Петряєва",
        "surface": "sett"
      },
      "geometry": {
        "type": "LineString",
        "coordinates": [
          [
            34.9624334,
            48.4889214
          ],
          [
            34.9618312,
            48.4883039
          ],
          [
            34.9622807,
            48.4880713
          ],
          [
            34.9629338,
            48.4877771
          ],
          [
            34.9641402,
            48.4872279
          ]
        ]
      },
      "id": "way/39130516"
    },
    {
      "type": "Feature",
      "properties": {
        "@id": "way/39130525",
        "highway": "residential",
        "name": "вулиця Павла Бута",
        "name:en": "Pavla Buta Street",
        "name:ru": "Павла Бута улица",
        "name:uk": "вулиця Павла Бута",
        "old_name": "вулиця Бібікова",
        "old_name:uk": "вулиця Бібікова"
      },
      "geometry": {
        "type": "LineString",
        "coordinates": [
          [
            34.9628456,
            48.4869435
          ],
          [
            34.9634174,
            48.4866899
          ],
          [
            34.9635632,
            48.4866094
          ],
          [
            34.9645568,
            48.4864473
          ],
          [
            34.9653873,
            48.4862877
          ],
          [
            34.9657921,
            48.4862348
          ],
          [
            34.9662071,
            48.4862085
          ],
          [
            34.9668821,
            48.4862001
          ]
        ]
      },
      "id": "way/39130525"
    },
    {
      "type": "Feature",
      "properties": {
        "@id": "way/39130534",
        "highway": "residential",
        "name": "Курінна вулиця",
        "name:en": "Kurinna Street",
        "name:ru": "Куренная улица",
        "name:uk": "Курінна вулиця",
        "old_name": "вулиця Аверіна",
        "old_name:uk": "вулиця Аверіна",
        "smoothness": "intermediate",
        "surface": "asphalt"
      },
      "geometry": {
        "type": "LineString",
        "coordinates": [
          [
            34.9630907,
            48.4859647
          ],
          [
            34.9632314,
            48.4859277
          ],
          [
            34.9634134,
            48.4858107
          ]
        ]
      },
      "id": "way/39130534"
    },
    {
      "type": "Feature",
      "properties": {
        "@id": "way/39217422",
        "highway": "residential",
        "name": "Старокоротка вулиця",
        "name:en": "Starokorotka Street",
        "name:ru": "Старокороткая улица",
        "name:uk": "Старокоротка вулиця",
        "surface": "ground"
      },
      "geometry": {
        "type": "LineString",
        "coordinates": [
          [
            34.9586048,
            48.4583189
          ],
          [
            34.9584679,
            48.4583278
          ],
          [
            34.9567421,
            48.4588669
          ],
          [
            34.9566583,
            48.4589907
          ]
        ]
      },
      "id": "way/39217422"
    },
    {
      "type": "Feature",
      "properties": {
        "@id": "way/39217423",
        "highway": "residential",
        "name": "вулиця Петра Сокальського",
        "name:en": "Petra Sokalskoho Street",
        "name:ru": "Петра Сокальского улица",
        "name:uk": "вулиця Петра Сокальського",
        "old_name": "вулиця Митрофана Андреєва",
        "old_name:en": "Mytrofana Anrjejeva Street",
        "old_name:uk": "вулиця Митрофана Андреєва",
        "surface": "gravel"
      },
      "geometry": {
        "type": "LineString",
        "coordinates": [
          [
            34.9555822,
            48.460747
          ],
          [
            34.9592717,
            48.4611667
          ],
          [
            34.9627734,
            48.4615138
          ],
          [
            34.9639251,
            48.4616083
          ],
          [
            34.9646599,
            48.4615531
          ],
          [
            34.965207,
            48.4615437
          ],
          [
            34.9653192,
            48.4615602
          ]
        ]
      },
      "id": "way/39217423"
    },
    {
      "type": "Feature",
      "properties": {
        "@id": "way/39217424",
        "highway": "residential",
        "name": "вулиця Кропивницького",
        "name:en": "Kropyvnytskoho Street",
        "name:pl": "ulica Kropiwnickiego",
        "name:ru": "Кропивницкого улица",
        "name:uk": "вулиця Кропивницького"
      },
      "geometry": {
        "type": "LineString",
        "coordinates": [
          [
            34.9646527,
            48.462644
          ],
          [
            34.9645096,
            48.4626065
          ],
          [
            34.9642655,
            48.4625736
          ],
          [
            34.9635628,
            48.4625113
          ],
          [
            34.9625595,
            48.462425
          ],
          [
            34.9590673,
            48.4620968
          ],
          [
            34.9552341,
            48.4616907
          ],
          [
            34.9543655,
            48.4615987
          ]
        ]
      },
      "id": "way/39217424"
    },
    {
      "type": "Feature",
      "properties": {
        "@id": "way/39217425",
        "highway": "residential",
        "name": "Черкаська вулиця",
        "name:ru": "Черкасская улица",
        "name:uk": "Черкаська вулиця"
      },
      "geometry": {
        "type": "LineString",
        "coordinates": [
          [
            34.9520238,
            48.4624173
          ],
          [
            34.9525671,
            48.4624195
          ],
          [
            34.9531281,
            48.4624194
          ],
          [
            34.9537955,
            48.4624606
          ],
          [
            34.9544608,
            48.4625054
          ],
          [
            34.9549215,
            48.4625507
          ],
          [
            34.955371,
            48.4625953
          ],
          [
            34.9558359,
            48.4626897
          ],
          [
            34.9569035,
            48.4628131
          ],
          [
            34.9575395,
            48.4628724
          ],
          [
            34.9584822,
            48.4629731
          ],
          [
            34.9588534,
            48.4630069
          ],
          [
            34.9604271,
            48.46317
          ],
          [
            34.9623324,
            48.4633688
          ],
          [
            34.9640667,
            48.4635134
          ]
        ]
      },
      "id": "way/39217425"
    },
    {
      "type": "Feature",
      "properties": {
        "@id": "way/39217427",
        "highway": "residential",
        "name": "вулиця Андрія Штогаренка",
        "name:en": "Andriia Shtoharenka Street",
        "name:ru": "Андрея Штогаренко улица",
        "name:uk": "вулиця Андрія Штогаренка",
        "old_name": "вулиця Лукашенка",
        "old_name:en": "Lukashenka Street",
        "old_name:uk": "вулиця Лукашенка",
        "surface": "gravel"
      },
      "geometry": {
        "type": "LineString",
        "coordinates": [
          [
            34.9606495,
            48.4576215
          ],
          [
            34.9612979,
            48.4585848
          ],
          [
            34.9619378,
            48.4595533
          ],
          [
            34.9626019,
            48.4605754
          ]
        ]
      },
      "id": "way/39217427"
    },
    {
      "type": "Feature",
      "properties": {
        "@id": "way/39217428",
        "highway": "residential",
        "name": "вулиця Танцюрина Балка",
        "name:uk": "вулиця Танцюрина Балка",
        "old_name": "вулиця Юдіна",
        "old_name:en": "Yudina Street",
        "old_name:ru": "Юдина улица",
        "old_name:uk": "вулиця Юдіна",
        "surface": "asphalt"
      },
      "geometry": {
        "type": "LineString",
        "coordinates": [
          [
            34.9657315,
            48.4599662
          ],
          [
            34.9655013,
            48.4608659
          ],
          [
            34.9653192,
            48.4615602
          ],
          [
            34.9651325,
            48.4619867
          ],
          [
            34.9650017,
            48.4621727
          ],
          [
            34.9646527,
            48.462644
          ],
          [
            34.9640667,
            48.4635134
          ],
          [
            34.9638221,
            48.4638978
          ],
          [
            34.9633937,
            48.4645629
          ],
          [
            34.9629533,
            48.4651975
          ],
          [
            34.9627605,
            48.4655018
          ],
          [
            34.9619353,
            48.4668044
          ],
          [
            34.9616398,
            48.4671512
          ]
        ]
      },
      "id": "way/39217428"
    },
    {
      "type": "Feature",
      "properties": {
        "@id": "way/39217433",
        "highway": "residential",
        "name": "Карпатська вулиця",
        "name:en": "Karpatska Street",
        "name:pl": "ulica Karpacka",
        "name:ru": "Карпатская улица",
        "name:uk": "Карпатська вулиця",
        "old_name": "вулиця Тихона Бондарева",
        "old_name:en": "Tyhona Bondarieva Street",
        "old_name:uk": "вулиця Тихона Бондарева",
        "surface": "ground"
      },
      "geometry": {
        "type": "LineString",
        "coordinates": [
          [
            34.9588534,
            48.4630069
          ],
          [
            34.9590673,
            48.4620968
          ],
          [
            34.9592717,
            48.4611667
          ],
          [
            34.9595018,
            48.460204
          ],
          [
            34.9597067,
            48.4593202
          ],
          [
            34.960151,
            48.4575466
          ],
          [
            34.9603496,
            48.4566722
          ],
          [
            34.9605385,
            48.4558885
          ],
          [
            34.9605554,
            48.4558185
          ],
          [
            34.9605898,
            48.4556408
          ],
          [
            34.960797,
            48.4549658
          ],
          [
            34.9609867,
            48.4541295
          ],
          [
            34.9611979,
            48.4532933
          ]
        ]
      },
      "id": "way/39217433"
    },
    {
      "type": "Feature",
      "properties": {
        "@id": "way/39217436",
        "highway": "residential",
        "name": "вулиця Станіслава Оріховського",
        "name:en": "Stanislava Orikhovskoho Street",
        "name:ru": "Станислава Ореховского улица",
        "name:uk": "вулиця Станіслава Оріховського",
        "old_name": "вулиця Суханова",
        "old_name:en": "Sukhanova Street",
        "old_name:uk": "вулиця Суханова",
        "surface": "gravel"
      },
      "geometry": {
        "type": "LineString",
        "coordinates": [
          [
            34.9681104,
            48.4591845
          ],
          [
            34.9678369,
            48.4592546
          ],
          [
            34.9676217,
            48.4592859
          ],
          [
            34.9668183,
            48.4591814
          ],
          [
            34.9659316,
            48.4590881
          ],
          [
            34.9634304,
            48.4588122
          ],
          [
            34.9612979,
            48.4585848
          ]
        ]
      },
      "id": "way/39217436"
    },
    {
      "type": "Feature",
      "properties": {
        "@id": "way/39217437",
        "highway": "tertiary",
        "name": "Діамантна вулиця",
        "name:en": "Diamantna Street",
        "name:ru": "Алмазная улица",
        "name:uk": "Діамантна вулиця"
      },
      "geometry": {
        "type": "LineString",
        "coordinates": [
          [
            34.9556933,
            48.4588952
          ],
          [
            34.9566583,
            48.4589907
          ],
          [
            34.9584377,
            48.4591753
          ],
          [
            34.9597067,
            48.4593202
          ],
          [
            34.9619378,
            48.4595533
          ],
          [
            34.9632437,
            48.4597008
          ],
          [
            34.9657315,
            48.4599662
          ]
        ]
      },
      "id": "way/39217437"
    },
    {
      "type": "Feature",
      "properties": {
        "@id": "way/39217438",
        "highway": "residential",
        "name": "вулиця Віталія Білахіва",
        "name:en": "Vitalia Bilakhiva Street",
        "name:uk": "вулиця Віталія Білахіва",
        "old_name": "вулиця Ахматової",
        "old_name:en": "Akhmatovoi Street",
        "old_name:ru": "Ахматовой улица",
        "old_name:uk": "вулиця Ахматової",
        "surface": "gravel"
      },
      "geometry": {
        "type": "LineString",
        "coordinates": [
          [
            34.9678264,
            48.460909
          ],
          [
            34.9673738,
            48.4607051
          ],
          [
            34.9665228,
            48.4607502
          ],
          [
            34.9659189,
            48.4607301
          ],
          [
            34.9655013,
            48.4608659
          ],
          [
            34.964181,
            48.4607149
          ],
          [
            34.9629888,
            48.4606077
          ],
          [
            34.9626019,
            48.4605754
          ],
          [
            34.9595018,
            48.460204
          ],
          [
            34.9556693,
            48.4598515
          ]
        ]
      },
      "id": "way/39217438"
    },
    {
      "type": "Feature",
      "properties": {
        "@id": "way/39217763",
        "highway": "residential",
        "name": "Тираспільська вулиця",
        "name:en": "Tyraspolska Street",
        "name:pl": "ulica Tyraspolska",
        "name:ru": "Тираспольская улица",
        "name:uk": "Тираспільська вулиця",
        "surface": "ground"
      },
      "geometry": {
        "type": "LineString",
        "coordinates": [
          [
            34.9598756,
            48.4531476
          ],
          [
            34.9596735,
            48.4539868
          ],
          [
            34.959487,
            48.4548276
          ],
          [
            34.9592686,
            48.4556771
          ],
          [
            34.9590637,
            48.4564227
          ],
          [
            34.9588264,
            48.457422
          ],
          [
            34.9586048,
            48.4583189
          ],
          [
            34.9584377,
            48.4591753
          ]
        ]
      },
      "id": "way/39217763"
    },
    {
      "type": "Feature",
      "properties": {
        "@id": "way/39294472",
        "highway": "secondary",
        "lanes": "3",
        "lit": "yes",
        "maxspeed": "70",
        "maxspeed:conditional": "70 @ (May-Sep); 50 @ (Oct-Apr)",
        "name": "вулиця Набережна Заводська",
        "name:ru": "Набережная Заводская улица",
        "name:uk": "вулиця Набережна Заводська",
        "oneway": "yes",
        "placement": "right_of:2",
        "source:maxspeed": "UA:urban",
        "surface": "asphalt",
        "trolley_wire": "yes"
      },
      "geometry": {
        "type": "LineString",
        "coordinates": [
          [
            34.9578227,
            48.4930332
          ],
          [
            34.9576602,
            48.4930169
          ],
          [
            34.9575395,
            48.4930015
          ],
          [
            34.9573831,
            48.4929654
          ],
          [
            34.9566892,
            48.4927667
          ],
          [
            34.9564817,
            48.4927048
          ],
          [
            34.9562922,
            48.4926677
          ],
          [
            34.9561054,
            48.492646
          ],
          [
            34.9559256,
            48.4926337
          ],
          [
            34.9553734,
            48.4926081
          ],
          [
            34.9545445,
            48.4925609
          ],
          [
            34.9541008,
            48.4925083
          ],
          [
            34.9536478,
            48.492407
          ],
          [
            34.9530279,
            48.4922313
          ],
          [
            34.9516612,
            48.4918873
          ],
          [
            34.9515203,
            48.4918509
          ],
          [
            34.9511677,
            48.49176
          ]
        ]
      },
      "id": "way/39294472"
    },
    {
      "type": "Feature",
      "properties": {
        "@id": "way/39351184",
        "highway": "residential",
        "name": "Корсунська вулиця",
        "name:en": "Korsunska Street",
        "name:ru": "Корсунская улица",
        "name:uk": "Корсунська вулиця",
        "old_name": "вулиця Замарайкіна",
        "old_name:uk": "вулиця Замарайкіна"
      },
      "geometry": {
        "type": "LineString",
        "coordinates": [
          [
            34.9474051,
            48.4874507
          ],
          [
            34.9486935,
            48.4882721
          ],
          [
            34.9492088,
            48.4886392
          ]
        ]
      },
      "id": "way/39351184"
    },
    {
      "type": "Feature",
      "properties": {
        "@id": "way/39363039",
        "bicycle": "yes",
        "highway": "trunk",
        "int_ref": "E 50",
        "maxspeed": "50",
        "name": "вулиця Кайдацький Шлях",
        "name:en": "Kaidatskyi Shliakh Street",
        "name:ru": "Кайдакский Шлях улица",
        "name:uk": "вулиця Кайдацький Шлях",
        "nat_ref": "М-30",
        "old_ref": "М-04",
        "oneway": "yes",
        "ref": "М-30",
        "smoothness": "excellent",
        "source:maxspeed": "UA:urban",
        "surface": "asphalt"
      },
      "geometry": {
        "type": "LineString",
        "coordinates": [
          [
            34.9615468,
            48.4917588
          ],
          [
            34.9617949,
            48.4921477
          ]
        ]
      },
      "id": "way/39363039"
    },
    {
      "type": "Feature",
      "properties": {
        "@id": "way/39381039",
        "foot": "no",
        "highway": "secondary",
        "lanes": "4",
        "lit": "yes",
        "maxspeed": "70",
        "maxspeed:conditional": "70 @ (May-Sep); 50 @ (Oct-Apr)",
        "name": "вулиця Набережна Заводська",
        "name:ru": "Набережная Заводская улица",
        "name:uk": "вулиця Набережна Заводська",
        "oneway": "yes",
        "sidewalk": "no",
        "smoothness": "excellent",
        "source:maxspeed": "UA:urban",
        "surface": "asphalt",
        "trolley_wire": "yes"
      },
      "geometry": {
        "type": "LineString",
        "coordinates": [
          [
            34.9318835,
            48.4875771
          ],
          [
            34.9317469,
            48.4875509
          ],
          [
            34.9316329,
            48.487529
          ],
          [
            34.9284084,
            48.4869108
          ],
          [
            34.9261332,
            48.4864593
          ],
          [
            34.9238745,
            48.486013
          ],
          [
            34.9237668,
            48.4859917
          ],
          [
            34.9232362,
            48.4858871
          ],
          [
            34.9231576,
            48.4858729
          ]
        ]
      },
      "id": "way/39381039"
    },
    {
      "type": "Feature",
      "properties": {
        "@id": "way/39381042",
        "highway": "tertiary",
        "lanes": "4",
        "lit": "yes",
        "name": "вулиця Набережна Заводська",
        "name:uk": "вулиця Набережна Заводська",
        "oneway": "yes",
        "smoothness": "excellent",
        "surface": "asphalt"
      },
      "geometry": {
        "type": "LineString",
        "coordinates": [
          [
            34.9077287,
            48.483748
          ],
          [
            34.9078569,
            48.4837631
          ],
          [
            34.9080529,
            48.4837783
          ],
          [
            34.9093217,
            48.4838552
          ],
          [
            34.9113476,
            48.4839674
          ],
          [
            34.9113835,
            48.4839694
          ],
          [
            34.9114163,
            48.4839712
          ],
          [
            34.9114706,
            48.483974
          ],
          [
            34.9117251,
            48.4840029
          ]
        ]
      },
      "id": "way/39381042"
    },
    {
      "type": "Feature",
      "properties": {
        "@id": "way/39465713",
        "highway": "residential",
        "name": "Правобережна вулиця",
        "name:ru": "Правобережная улица",
        "name:uk": "Правобережна вулиця"
      },
      "geometry": {
        "type": "LineString",
        "coordinates": [
          [
            34.9448438,
            48.4621286
          ],
          [
            34.9447452,
            48.4621243
          ],
          [
            34.9446176,
            48.4620868
          ],
          [
            34.944043,
            48.4620275
          ],
          [
            34.9439255,
            48.4620039
          ],
          [
            34.9438812,
            48.4620818
          ],
          [
            34.9437989,
            48.4623988
          ],
          [
            34.9435284,
            48.4624908
          ],
          [
            34.9434633,
            48.4625807
          ],
          [
            34.9439087,
            48.4625948
          ],
          [
            34.9442781,
            48.4627086
          ],
          [
            34.945064,
            48.462894
          ]
        ]
      },
      "id": "way/39465713"
    },
    {
      "type": "Feature",
      "properties": {
        "@id": "way/39465714",
        "highway": "residential",
        "name": "Волинська вулиця",
        "name:en": "Volynska Street",
        "name:pl": "ulica Wołyńska",
        "name:ru": "Волынская улица",
        "name:uk": "Волинська вулиця"
      },
      "geometry": {
        "type": "LineString",
        "coordinates": [
          [
            34.9427295,
            48.4589904
          ],
          [
            34.9433137,
            48.4584605
          ],
          [
            34.9434395,
            48.4584444
          ],
          [
            34.9435356,
            48.4584797
          ],
          [
            34.9435763,
            48.458552
          ],
          [
            34.9436621,
            48.4588321
          ],
          [
            34.9437031,
            48.4592332
          ],
          [
            34.9437085,
            48.4593368
          ],
          [
            34.943695,
            48.4599575
          ],
          [
            34.9436402,
            48.4600717
          ],
          [
            34.9436421,
            48.4603618
          ],
          [
            34.9436643,
            48.4607089
          ],
          [
            34.9436341,
            48.4609365
          ],
          [
            34.9436524,
            48.4612
          ],
          [
            34.943765,
            48.4613851
          ],
          [
            34.9437594,
            48.4618571
          ],
          [
            34.943863,
            48.4618586
          ],
          [
            34.9439255,
            48.4620039
          ]
        ]
      },
      "id": "way/39465714"
    },
    {
      "type": "Feature",
      "properties": {
        "@id": "way/39465717",
        "highway": "residential",
        "name": "Пряма вулиця",
        "name:ru": "Прямая улица",
        "name:uk": "Пряма вулиця"
      },
      "geometry": {
        "type": "LineString",
        "coordinates": [
          [
            34.9440779,
            48.4582953
          ],
          [
            34.9441032,
            48.4586722
          ],
          [
            34.9441943,
            48.4592972
          ],
          [
            34.944402,
            48.46028
          ],
          [
            34.9444416,
            48.4604683
          ],
          [
            34.9444373,
            48.4605486
          ],
          [
            34.9444156,
            48.4606271
          ],
          [
            34.9441948,
            48.46102
          ],
          [
            34.9441687,
            48.4611957
          ],
          [
            34.9442174,
            48.4613532
          ],
          [
            34.9446176,
            48.4620868
          ]
        ]
      },
      "id": "way/39465717"
    },
    {
      "type": "Feature",
      "properties": {
        "@id": "way/39465718",
        "highway": "residential",
        "name": "Узбецька вулиця",
        "name:ru": "Узбекская улица",
        "name:uk": "Узбецька вулиця",
        "surface": "unhewn_cobblestone"
      },
      "geometry": {
        "type": "LineString",
        "coordinates": [
          [
            34.9437085,
            48.4593368
          ],
          [
            34.9441943,
            48.4592972
          ],
          [
            34.9449742,
            48.4591726
          ],
          [
            34.9458671,
            48.4590022
          ],
          [
            34.9467578,
            48.4588765
          ],
          [
            34.9475202,
            48.4587257
          ],
          [
            34.9476474,
            48.4587278
          ],
          [
            34.9482825,
            48.4587176
          ]
        ]
      },
      "id": "way/39465718"
    },
    {
      "type": "Feature",
      "properties": {
        "@id": "way/39465719",
        "highway": "residential",
        "name": "Прямий провулок",
        "name:ru": "Прямой переулок",
        "name:uk": "Прямий провулок"
      },
      "geometry": {
        "type": "LineString",
        "coordinates": [
          [
            34.9444416,
            48.4604683
          ],
          [
            34.9445392,
            48.4604276
          ],
          [
            34.9448012,
            48.4603486
          ],
          [
            34.9451118,
            48.4601523
          ],
          [
            34.9451492,
            48.4601145
          ],
          [
            34.9451619,
            48.4600757
          ],
          [
            34.9449742,
            48.4591726
          ]
        ]
      },
      "id": "way/39465719"
    },
    {
      "type": "Feature",
      "properties": {
        "@id": "way/39465720",
        "highway": "residential",
        "name": "Волинський провулок",
        "name:ru": "Волынский переулок",
        "name:uk": "Волинський провулок"
      },
      "geometry": {
        "type": "LineString",
        "coordinates": [
          [
            34.9456794,
            48.4583941
          ],
          [
            34.9458671,
            48.4590022
          ],
          [
            34.9461908,
            48.4600008
          ],
          [
            34.9461688,
            48.4601816
          ]
        ]
      },
      "id": "way/39465720"
    },
    {
      "type": "Feature",
      "properties": {
        "@id": "way/39465721",
        "highway": "residential",
        "name": "Бойчуківський провулок",
        "name:uk": "Бойчуківський провулок",
        "old_name": "провулок Брюллова",
        "old_name:ru": "Брюллова переулок",
        "old_name:uk": "провулок Брюллова"
      },
      "geometry": {
        "type": "LineString",
        "coordinates": [
          [
            34.9466164,
            48.4582089
          ],
          [
            34.9467578,
            48.4588765
          ],
          [
            34.9471758,
            48.4600769
          ],
          [
            34.9472201,
            48.460176
          ]
        ]
      },
      "id": "way/39465721"
    },
    {
      "type": "Feature",
      "properties": {
        "@id": "way/39472234",
        "highway": "residential",
        "name": "вулиця Шаляпіна",
        "name:uk": "вулиця Шаляпіна",
        "old_name": "вулиця Олександра Мишуги",
        "old_name:uk": "вулиця Олександра Мишуги"
      },
      "geometry": {
        "type": "LineString",
        "coordinates": [
          [
            34.9462593,
            48.4638481
          ],
          [
            34.9460084,
            48.4629703
          ],
          [
            34.945784,
            48.4621096
          ]
        ]
      },
      "id": "way/39472234"
    },
    {
      "type": "Feature",
      "properties": {
        "@id": "way/39486982",
        "cutting": "yes",
        "highway": "trunk",
        "int_ref": "E 50",
        "name": "вулиця Західний Шлях",
        "name:en": "Zakhidnyi Shliakh Street",
        "name:uk": "вулиця Західний Шлях",
        "nat_ref": "М-30",
        "old_name": "вулиця Маяковського",
        "old_name:en": "Maiakovskoho Street",
        "old_name:pl": "ulica Majakowskiego",
        "old_name:uk": "вулиця Маяковського",
        "old_ref": "М-04",
        "ref": "М-30",
        "smoothness": "bad"
      },
      "geometry": {
        "type": "LineString",
        "coordinates": [
          [
            34.9579079,
            48.4756661
          ],
          [
            34.9573573,
            48.4755905
          ],
          [
            34.9571625,
            48.4755622
          ]
        ]
      },
      "id": "way/39486982"
    },
    {
      "type": "Feature",
      "properties": {
        "@id": "way/39486983",
        "highway": "trunk",
        "int_ref": "E 50",
        "name": "вулиця Західний Шлях",
        "name:en": "Zakhidnyi Shliakh Street",
        "name:uk": "вулиця Західний Шлях",
        "nat_ref": "М-30",
        "old_name": "вулиця Маяковського",
        "old_name:en": "Maiakovskoho Street",
        "old_name:pl": "ulica Majakowskiego",
        "old_name:uk": "вулиця Маяковського",
        "old_ref": "М-04",
        "ref": "М-30",
        "smoothness": "bad"
      },
      "geometry": {
        "type": "LineString",
        "coordinates": [
          [
            34.9571625,
            48.4755622
          ],
          [
            34.9567153,
            48.4754815
          ],
          [
            34.9562447,
            48.4754109
          ],
          [
            34.955341,
            48.4752124
          ],
          [
            34.955056,
            48.4751669
          ],
          [
            34.9540953,
            48.4750453
          ],
          [
            34.9537068,
            48.4749964
          ]
        ]
      },
      "id": "way/39486983"
    },
    {
      "type": "Feature",
      "properties": {
        "@id": "way/39576407",
        "highway": "residential",
        "name": "вулиця Міцкевича",
        "name:en": "Mitskevycha Street",
        "name:uk": "вулиця Міцкевича"
      },
      "geometry": {
        "type": "LineString",
        "coordinates": [
          [
            34.902559,
            48.4696089
          ],
          [
            34.9025085,
            48.4693345
          ],
          [
            34.9024875,
            48.4691611
          ],
          [
            34.90233,
            48.4690132
          ],
          [
            34.9023036,
            48.4689884
          ],
          [
            34.9020557,
            48.4688105
          ],
          [
            34.901828,
            48.4687307
          ],
          [
            34.9017595,
            48.4688008
          ],
          [
            34.9015315,
            48.4687468
          ],
          [
            34.9005835,
            48.4684344
          ],
          [
            34.9002068,
            48.468366
          ],
          [
            34.8999657,
            48.4683486
          ],
          [
            34.8990522,
            48.4683323
          ]
        ]
      },
      "id": "way/39576407"
    },
    {
      "type": "Feature",
      "properties": {
        "@id": "way/39576410",
        "highway": "residential",
        "name": "вулиця Слави",
        "name:en": "Slavy Street",
        "name:ru": "Славы улица",
        "name:uk": "вулиця Слави"
      },
      "geometry": {
        "type": "LineString",
        "coordinates": [
          [
            34.901828,
            48.4687307
          ],
          [
            34.9022473,
            48.4685641
          ],
          [
            34.9026655,
            48.4683764
          ],
          [
            34.9027972,
            48.4682924
          ],
          [
            34.9027928,
            48.4682098
          ],
          [
            34.9027902,
            48.4681637
          ],
          [
            34.9024676,
            48.4681464
          ],
          [
            34.9020254,
            48.4680641
          ],
          [
            34.9011342,
            48.4678026
          ],
          [
            34.9003509,
            48.4675206
          ],
          [
            34.8992273,
            48.4673426
          ],
          [
            34.8984625,
            48.4672388
          ],
          [
            34.8963424,
            48.4669908
          ],
          [
            34.8951481,
            48.4668708
          ],
          [
            34.8942466,
            48.4667569
          ],
          [
            34.8941148,
            48.4667107
          ],
          [
            34.8936072,
            48.4664901
          ],
          [
            34.8933399,
            48.4663645
          ],
          [
            34.8932745,
            48.4663496
          ],
          [
            34.8932236,
            48.4663553
          ],
          [
            34.8931736,
            48.4663782
          ],
          [
            34.8929728,
            48.4665608
          ],
          [
            34.8925396,
            48.4670207
          ],
          [
            34.8923625,
            48.4672393
          ],
          [
            34.8920123,
            48.4676056
          ],
          [
            34.8916689,
            48.4678974
          ],
          [
            34.8914669,
            48.4680382
          ],
          [
            34.8912163,
            48.4683418
          ],
          [
            34.8905495,
            48.4691221
          ],
          [
            34.8902649,
            48.4693724
          ],
          [
            34.890065,
            48.4696083
          ],
          [
            34.8900914,
            48.469684
          ],
          [
            34.8907117,
            48.4696762
          ],
          [
            34.8909287,
            48.4697145
          ]
        ]
      },
      "id": "way/39576410"
    },
    {
      "type": "Feature",
      "properties": {
        "@id": "way/39576411",
        "highway": "residential",
        "name": "Фермерська вулиця",
        "name:en": "Fermerska Street",
        "name:ru": "Фермерская улица",
        "name:uk": "Фермерська вулиця",
        "old_name": "Колгоспна вулиця",
        "old_name:en": "Kolhospna Street",
        "old_name:uk": "Колгоспна вулиця"
      },
      "geometry": {
        "type": "LineString",
        "coordinates": [
          [
            34.9027902,
            48.4681637
          ],
          [
            34.9027852,
            48.4679929
          ],
          [
            34.9027698,
            48.4677162
          ],
          [
            34.9027316,
            48.467238
          ],
          [
            34.9027487,
            48.4671083
          ],
          [
            34.9027828,
            48.4670335
          ]
        ]
      },
      "id": "way/39576411"
    },
    {
      "type": "Feature",
      "properties": {
        "@id": "way/39578714",
        "highway": "residential",
        "name": "Пʼятихатська вулиця",
        "name:en": "Piatykhatska Street",
        "name:ru": "Пятихатская улица",
        "name:uk": "Пʼятихатська вулиця"
      },
      "geometry": {
        "type": "LineString",
        "coordinates": [
          [
            34.9028125,
            48.464333
          ],
          [
            34.9027114,
            48.464301
          ],
          [
            34.9011155,
            48.4639341
          ],
          [
            34.9005244,
            48.4637217
          ],
          [
            34.899171,
            48.4632552
          ],
          [
            34.8987782,
            48.4631164
          ],
          [
            34.8980017,
            48.4628485
          ],
          [
            34.8977705,
            48.4627655
          ],
          [
            34.8973667,
            48.4626107
          ],
          [
            34.8970108,
            48.4625479
          ]
        ]
      },
      "id": "way/39578714"
    },
    {
      "type": "Feature",
      "properties": {
        "@id": "way/39578715",
        "highway": "footway",
        "name": "вулиця Олени Теліги",
        "name:en": "Oleny Telihy Street",
        "name:ru": "Елены Телиги улица",
        "name:uk": "вулиця Олени Теліги",
        "old_name": "вулиця Фурманова",
        "old_name:en": "Furmanova Street",
        "old_name:uk": "вулиця Фурманова"
      },
      "geometry": {
        "type": "LineString",
        "coordinates": [
          [
            34.9002993,
            48.4655537
          ],
          [
            34.9003876,
            48.4652844
          ],
          [
            34.9004567,
            48.4650197
          ],
          [
            34.9006254,
            48.4649094
          ]
        ]
      },
      "id": "way/39578715"
    },
    {
      "type": "Feature",
      "properties": {
        "@id": "way/39581435",
        "highway": "residential",
        "name": "Квітковий провулок",
        "name:en": "Kvitkovyi Lane",
        "name:pl": "zaułek Kwiatowy",
        "name:uk": "Квітковий провулок"
      },
      "geometry": {
        "type": "LineString",
        "coordinates": [
          [
            34.9050862,
            48.4720015
          ],
          [
            34.9054119,
            48.4720195
          ],
          [
            34.9058201,
            48.4719804
          ],
          [
            34.9059525,
            48.4719932
          ]
        ]
      },
      "id": "way/39581435"
    },
    {
      "type": "Feature",
      "properties": {
        "@id": "way/39581776",
        "highway": "residential",
        "name": "Зерновий провулок",
        "name:en": "Zernovyi Lane",
        "name:uk": "Зерновий провулок",
        "old_name": "Рязанський провулок",
        "old_name:en": "Riazanskyi Lane",
        "old_name:ru": "Рязанский переулок",
        "old_name:uk": "Рязанський провулок"
      },
      "geometry": {
        "type": "LineString",
        "coordinates": [
          [
            34.9093658,
            48.4658258
          ],
          [
            34.9094907,
            48.4658202
          ],
          [
            34.9104556,
            48.4661533
          ],
          [
            34.9105337,
            48.4661515
          ],
          [
            34.9105905,
            48.4661343
          ],
          [
            34.9108432,
            48.4659098
          ]
        ]
      },
      "id": "way/39581776"
    },
    {
      "type": "Feature",
      "properties": {
        "@id": "way/39582354",
        "highway": "residential",
        "name": "вулиця Кринична Балка",
        "name:de": "Krynytschna-Balka-Straße",
        "name:en": "Krynychna Balka Street",
        "name:fr": "Rue Krynytchna Balka",
        "name:it": "Via Krynyčna Balka",
        "name:ru": "Криничная Балка улица",
        "name:uk": "вулиця Кринична Балка",
        "old_name:en": "Tiumenskyi Lane",
        "old_name:uk": "Тюменський провулок"
      },
      "geometry": {
        "type": "LineString",
        "coordinates": [
          [
            34.9240045,
            48.4667654
          ],
          [
            34.923739,
            48.4673061
          ],
          [
            34.9236957,
            48.4675803
          ],
          [
            34.9236277,
            48.4680374
          ]
        ]
      },
      "id": "way/39582354"
    },
    {
      "type": "Feature",
      "properties": {
        "@id": "way/39582833",
        "highway": "residential",
        "name": "вулиця Кринична Балка",
        "name:de": "Krynytschna-Balka-Straße",
        "name:en": "Krynychna Balka Street",
        "name:fr": "Rue Krynytchna Balka",
        "name:it": "Via Krynyčna Balka",
        "name:ru": "Криничная Балка улица",
        "name:uk": "вулиця Кринична Балка",
        "old_name:en": "Tiumenskyi Lane",
        "old_name:uk": "Тюменський провулок"
      },
      "geometry": {
        "type": "LineString",
        "coordinates": [
          [
            34.9244211,
            48.468494
          ],
          [
            34.9234186,
            48.468313
          ],
          [
            34.9233096,
            48.4682692
          ],
          [
            34.9232217,
            48.4682326
          ],
          [
            34.9213692,
            48.4677997
          ],
          [
            34.920111,
            48.467489
          ],
          [
            34.9199827,
            48.4673442
          ]
        ]
      },
      "id": "way/39582833"
    },
    {
      "type": "Feature",
      "properties": {
        "@id": "way/39582834",
        "highway": "residential",
        "name": "Фронтова вулиця",
        "name:en": "Frontova Street",
        "name:ru": "Фронтовая улица",
        "name:uk": "Фронтова вулиця",
        "surface": "gravel"
      },
      "geometry": {
        "type": "LineString",
        "coordinates": [
          [
            34.9139138,
            48.4641634
          ],
          [
            34.9157746,
            48.4647613
          ],
          [
            34.915986,
            48.4647162
          ],
          [
            34.9161336,
            48.4647278
          ],
          [
            34.9164312,
            48.46487
          ],
          [
            34.9168268,
            48.4650591
          ],
          [
            34.9172797,
            48.4652015
          ],
          [
            34.9197738,
            48.4654568
          ],
          [
            34.9201476,
            48.4655304
          ],
          [
            34.9206628,
            48.4656924
          ],
          [
            34.9215623,
            48.4660646
          ],
          [
            34.9225015,
            48.4664132
          ],
          [
            34.9233332,
            48.4665794
          ],
          [
            34.9234633,
            48.4665456
          ],
          [
            34.9235975,
            48.4665396
          ],
          [
            34.9237757,
            48.4666704
          ],
          [
            34.9240045,
            48.4667654
          ]
        ]
      },
      "id": "way/39582834"
    },
    {
      "type": "Feature",
      "properties": {
        "@id": "way/39583056",
        "highway": "residential",
        "name": "Прияружна вулиця",
        "name:en": "Pryiaruzhna Street",
        "name:ru": "Приовражная улица",
        "name:uk": "Прияружна вулиця",
        "surface": "gravel"
      },
      "geometry": {
        "type": "LineString",
        "coordinates": [
          [
            34.9129024,
            48.4674695
          ],
          [
            34.913046,
            48.4674237
          ],
          [
            34.913428,
            48.4670634
          ],
          [
            34.9136219,
            48.4669383
          ],
          [
            34.9137732,
            48.4667897
          ],
          [
            34.9139157,
            48.466649
          ],
          [
            34.9139922,
            48.4665376
          ],
          [
            34.9141093,
            48.4664201
          ],
          [
            34.9143296,
            48.4662036
          ],
          [
            34.9144313,
            48.4661556
          ],
          [
            34.9147843,
            48.4658037
          ],
          [
            34.9150304,
            48.4655177
          ],
          [
            34.9156089,
            48.4649186
          ],
          [
            34.9157746,
            48.4647613
          ]
        ]
      },
      "id": "way/39583056"
    },
    {
      "type": "Feature",
      "properties": {
        "@id": "way/39585187",
        "highway": "service",
        "name": "Повстанська вулиця",
        "name:en": "Povstanska Street",
        "name:pl": "ulica powstańcza",
        "name:uk": "Повстанська вулиця"
      },
      "geometry": {
        "type": "LineString",
        "coordinates": [
          [
            34.9120198,
            48.4733906
          ],
          [
            34.9118506,
            48.4733813
          ],
          [
            34.9117125,
            48.4733251
          ],
          [
            34.9114749,
            48.4731167
          ],
          [
            34.9113089,
            48.4726679
          ],
          [
            34.911133,
            48.4722001
          ],
          [
            34.9110895,
            48.4719769
          ]
        ]
      },
      "id": "way/39585187"
    },
    {
      "type": "Feature",
      "properties": {
        "@id": "way/39585188",
        "highway": "residential",
        "name": "вулиця Великий Яр",
        "name:uk": "вулиця Великий Яр",
        "old_name": "вулиця Єрмака",
        "old_name:en": "Yermaka Street",
        "old_name:ru": "Ермака улица",
        "old_name:uk": "вулиця Єрмака"
      },
      "geometry": {
        "type": "LineString",
        "coordinates": [
          [
            34.9150757,
            48.468424
          ],
          [
            34.9149866,
            48.4684132
          ],
          [
            34.9149089,
            48.4684471
          ],
          [
            34.9147509,
            48.4686658
          ],
          [
            34.9146648,
            48.4686684
          ],
          [
            34.9145642,
            48.4687058
          ],
          [
            34.9145092,
            48.4687743
          ],
          [
            34.9144699,
            48.4688499
          ],
          [
            34.914395,
            48.4689253
          ],
          [
            34.913532,
            48.469841
          ],
          [
            34.9130054,
            48.470438
          ],
          [
            34.9129416,
            48.4705141
          ],
          [
            34.9120671,
            48.4721536
          ],
          [
            34.9120457,
            48.4722348
          ],
          [
            34.9120422,
            48.4723083
          ],
          [
            34.9120827,
            48.472534
          ],
          [
            34.9120956,
            48.4726914
          ],
          [
            34.9120365,
            48.4730372
          ],
          [
            34.9120198,
            48.4733906
          ],
          [
            34.912039,
            48.4735613
          ],
          [
            34.9120337,
            48.4738643
          ],
          [
            34.9117171,
            48.4744201
          ]
        ]
      },
      "id": "way/39585188"
    },
    {
      "type": "Feature",
      "properties": {
        "@id": "way/40322155",
        "highway": "secondary",
        "maxspeed": "50",
        "name": "проспект Свободи",
        "name:en": "Svobody Avenue",
        "name:pl": "prospekt Wolności",
        "name:ru": "Свободы проспект",
        "name:uk": "проспект Свободи",
        "oneway": "yes",
        "smoothness": "intermediate",
        "source:maxspeed": "UA:urban",
        "surface": "asphalt"
      },
      "geometry": {
        "type": "LineString",
        "coordinates": [
          [
            34.9425371,
            48.4800244
          ],
          [
            34.9428123,
            48.4800346
          ],
          [
            34.9429488,
            48.4800418
          ],
          [
            34.9439225,
            48.4801155
          ],
          [
            34.9440421,
            48.4801246
          ],
          [
            34.9441215,
            48.4801317
          ],
          [
            34.9445379,
            48.480155
          ]
        ]
      },
      "id": "way/40322155"
    },
    {
      "type": "Feature",
      "properties": {
        "@id": "way/40322159",
        "highway": "trunk",
        "int_ref": "E 50",
        "maxspeed": "50",
        "name": "проспект Свободи",
        "name:en": "Svobody Avenue",
        "name:pl": "prospekt Wolności",
        "name:ru": "Свободы проспект",
        "name:uk": "проспект Свободи",
        "nat_ref": "М-30",
        "old_ref": "М-04",
        "oneway": "yes",
        "ref": "М-30",
        "smoothness": "excellent",
        "source:maxspeed": "UA:urban",
        "surface": "asphalt"
      },
      "geometry": {
        "type": "LineString",
        "coordinates": [
          [
            34.963503,
            48.4822941
          ],
          [
            34.9622468,
            48.482116
          ],
          [
            34.9614577,
            48.4820318
          ],
          [
            34.9612083,
            48.4820068
          ],
          [
            34.9585846,
            48.4817851
          ],
          [
            34.9576163,
            48.4817021
          ],
          [
            34.9562829,
            48.4815846
          ]
        ]
      },
      "id": "way/40322159"
    },
    {
      "type": "Feature",
      "properties": {
        "@id": "way/46045740",
        "highway": "residential",
        "name": "Карʼєрний провулок",
        "name:ru": "Карьерный переулок",
        "name:uk": "Карʼєрний провулок"
      },
      "geometry": {
        "type": "LineString",
        "coordinates": [
          [
            34.9437213,
            48.485032
          ],
          [
            34.9432184,
            48.4852506
          ],
          [
            34.9430396,
            48.4850951
          ],
          [
            34.9429656,
            48.4850205
          ],
          [
            34.9428886,
            48.4849174
          ],
          [
            34.9428077,
            48.4847515
          ],
          [
            34.9426313,
            48.4845682
          ],
          [
            34.9423748,
            48.4843512
          ],
          [
            34.9422277,
            48.4842818
          ],
          [
            34.9419928,
            48.4839887
          ],
          [
            34.941774,
            48.4836615
          ]
        ]
      },
      "id": "way/46045740"
    },
    {
      "type": "Feature",
      "properties": {
        "@id": "way/54564285",
        "highway": "residential",
        "name": "Дніпрельстанівська вулиця",
        "name:en": "Dniprelstanivska Street",
        "name:ru": "Днепрельстановская улица",
        "name:uk": "Дніпрельстанівська вулиця",
        "smoothness": "bad",
        "surface": "gravel"
      },
      "geometry": {
        "type": "LineString",
        "coordinates": [
          [
            34.9003357,
            48.4758107
          ],
          [
            34.8997946,
            48.4757467
          ],
          [
            34.8992529,
            48.4757034
          ],
          [
            34.8986084,
            48.4756639
          ],
          [
            34.8978624,
            48.4755679
          ],
          [
            34.8971444,
            48.4754348
          ],
          [
            34.8963912,
            48.4753176
          ],
          [
            34.8949238,
            48.475061
          ],
          [
            34.8944498,
            48.4750168
          ],
          [
            34.8939431,
            48.4749549
          ],
          [
            34.8934469,
            48.4748675
          ],
          [
            34.8929414,
            48.4748086
          ],
          [
            34.8926553,
            48.4747823
          ],
          [
            34.8923716,
            48.4747761
          ],
          [
            34.8918077,
            48.4748226
          ],
          [
            34.8911819,
            48.4748644
          ],
          [
            34.8902103,
            48.4749201
          ]
        ]
      },
      "id": "way/54564285"
    },
    {
      "type": "Feature",
      "properties": {
        "@id": "way/55461761",
        "highway": "secondary",
        "lanes": "4",
        "lit": "yes",
        "maxspeed": "50",
        "maxspeed:conditional": "70 @ (May-Sep); 50 @ (Oct-Apr)",
        "name": "вулиця Набережна Заводська",
        "name:ru": "Набережная Заводская улица",
        "name:uk": "вулиця Набережна Заводська",
        "oneway": "yes",
        "smoothness": "excellent",
        "source:maxspeed": "UA:urban",
        "surface": "asphalt"
      },
      "geometry": {
        "type": "LineString",
        "coordinates": [
          [
            34.9117251,
            48.4840029
          ],
          [
            34.9127549,
            48.4841518
          ],
          [
            34.9130273,
            48.4841971
          ],
          [
            34.9134472,
            48.4842625
          ],
          [
            34.9145455,
            48.4844273
          ],
          [
            34.915816,
            48.4846178
          ],
          [
            34.9164783,
            48.4847228
          ],
          [
            34.9167056,
            48.4847554
          ],
          [
            34.9169206,
            48.484786
          ],
          [
            34.9179239,
            48.4849361
          ],
          [
            34.9181636,
            48.4849725
          ],
          [
            34.9187915,
            48.485068
          ],
          [
            34.9196375,
            48.4851966
          ],
          [
            34.9207695,
            48.4853696
          ],
          [
            34.9210536,
            48.4854118
          ],
          [
            34.9218866,
            48.4855355
          ],
          [
            34.9227793,
            48.4856754
          ],
          [
            34.9229054,
            48.4856945
          ],
          [
            34.9230338,
            48.4857167
          ]
        ]
      },
      "id": "way/55461761"
    },
    {
      "type": "Feature",
      "properties": {
        "@id": "way/57898957",
        "highway": "tertiary",
        "lanes": "2",
        "maxspeed": "50",
        "name": "вулиця Данила Галицького",
        "name:en": "Danyla Halytskoho Street",
        "name:pl": "ulica Daniela Halickiego",
        "name:ru": "Даниила Галицкого улица",
        "name:uk": "вулиця Данила Галицького",
        "old_name": "вулиця Будьонного",
        "old_name:en": "Budonnoho Street",
        "old_name:uk": "вулиця Будьонного",
        "smoothness": "good",
        "source:maxspeed": "UA:urban",
        "surface": "asphalt"
      },
      "geometry": {
        "type": "LineString",
        "coordinates": [
          [
            34.9358756,
            48.470167
          ],
          [
            34.935821,
            48.4701369
          ],
          [
            34.9357755,
            48.4701055
          ],
          [
            34.9357421,
            48.470072
          ],
          [
            34.9357192,
            48.4700372
          ],
          [
            34.9357064,
            48.4699999
          ],
          [
            34.9357026,
            48.4699549
          ],
          [
            34.9357063,
            48.4699113
          ],
          [
            34.9357182,
            48.4698701
          ],
          [
            34.9357396,
            48.4698228
          ],
          [
            34.9357656,
            48.4697732
          ],
          [
            34.9357974,
            48.469729
          ],
          [
            34.9359628,
            48.4695202
          ],
          [
            34.9360094,
            48.469459
          ],
          [
            34.9363231,
            48.4690605
          ],
          [
            34.9366434,
            48.4687002
          ],
          [
            34.9372062,
            48.4681632
          ],
          [
            34.9375467,
            48.4678361
          ],
          [
            34.9381401,
            48.467264
          ],
          [
            34.9382027,
            48.4672046
          ],
          [
            34.9393157,
            48.4661452
          ],
          [
            34.9395713,
            48.4658985
          ],
          [
            34.940353,
            48.4651514
          ],
          [
            34.9407895,
            48.464728
          ],
          [
            34.9409181,
            48.46458
          ],
          [
            34.9409769,
            48.4645107
          ],
          [
            34.9411335,
            48.4643086
          ],
          [
            34.9412606,
            48.4641003
          ],
          [
            34.9413634,
            48.4638731
          ],
          [
            34.9414133,
            48.4636501
          ],
          [
            34.9414165,
            48.4633818
          ],
          [
            34.9413989,
            48.4630704
          ],
          [
            34.9413907,
            48.4628844
          ],
          [
            34.941341,
            48.462714
          ],
          [
            34.9412207,
            48.4625006
          ],
          [
            34.9411604,
            48.4624152
          ]
        ]
      },
      "id": "way/57898957"
    },
    {
      "type": "Feature",
      "properties": {
        "@id": "way/59964014",
        "highway": "secondary",
        "lanes": "2",
        "name": "Велика Діївська вулиця",
        "name:en": "Velyka Diivska Street",
        "name:uk": "Велика Діївська вулиця",
        "old_name": "вулиця Братів Трофімових",
        "old_name:en": "Brativ Trofimovykh Street",
        "old_name:uk": "вулиця Братів Трофімових",
        "oneway": "yes",
        "smoothness": "intermediate",
        "surface": "asphalt"
      },
      "geometry": {
        "type": "LineString",
        "coordinates": [
          [
            34.9294116,
            48.4792749
          ],
          [
            34.9294933,
            48.4793332
          ],
          [
            34.9295716,
            48.4793931
          ],
          [
            34.9296315,
            48.4794483
          ],
          [
            34.9297065,
            48.4795049
          ],
          [
            34.9297885,
            48.4795553
          ],
          [
            34.9298633,
            48.479598
          ],
          [
            34.9299197,
            48.4796222
          ],
          [
            34.9299841,
            48.4796491
          ],
          [
            34.930058,
            48.4796791
          ],
          [
            34.9302038,
            48.479725
          ]
        ]
      },
      "id": "way/59964014"
    },
    {
      "type": "Feature",
      "properties": {
        "@id": "way/59964027",
        "highway": "secondary",
        "lanes": "2",
        "maxspeed": "50",
        "name": "Велика Діївська вулиця",
        "name:en": "Velyka Diivska Street",
        "name:ru": "Большая Диёвская улица",
        "name:uk": "Велика Діївська вулиця",
        "old_name": "вулиця Братів Трофімових",
        "old_name:en": "Brativ Trofimovykh Street",
        "old_name:uk": "вулиця Братів Трофімових",
        "oneway": "yes",
        "smoothness": "intermediate",
        "surface": "asphalt"
      },
      "geometry": {
        "type": "LineString",
        "coordinates": [
          [
            34.9233173,
            48.478948
          ],
          [
            34.9231543,
            48.478997
          ],
          [
            34.9230845,
            48.4790121
          ],
          [
            34.9230061,
            48.4790155
          ],
          [
            34.9229311,
            48.4790155
          ],
          [
            34.9228474,
            48.4790017
          ],
          [
            34.9226977,
            48.4789744
          ],
          [
            34.9220554,
            48.4788342
          ],
          [
            34.9219023,
            48.4787982
          ],
          [
            34.9202783,
            48.4784226
          ],
          [
            34.9202182,
            48.4784083
          ],
          [
            34.9200891,
            48.4783741
          ],
          [
            34.9189203,
            48.4781016
          ],
          [
            34.9172339,
            48.4776896
          ],
          [
            34.9166435,
            48.4775446
          ],
          [
            34.9160472,
            48.4773982
          ],
          [
            34.915925,
            48.4773707
          ],
          [
            34.9154777,
            48.4772721
          ],
          [
            34.9150099,
            48.477169
          ],
          [
            34.9142918,
            48.4770146
          ],
          [
            34.9139709,
            48.4769478
          ],
          [
            34.9135331,
            48.4769179
          ],
          [
            34.9134491,
            48.4769162
          ],
          [
            34.9133592,
            48.4769128
          ],
          [
            34.9132861,
            48.4769101
          ],
          [
            34.9131714,
            48.476909
          ]
        ]
      },
      "id": "way/59964027"
    },
    {
      "type": "Feature",
      "properties": {
        "@id": "way/59964029",
        "highway": "secondary",
        "lanes": "1",
        "name": "Велика Діївська вулиця",
        "name:en": "Velyka Diivska Street",
        "name:ru": "Большая Диёвская улица",
        "name:uk": "Велика Діївська вулиця",
        "old_name": "вулиця Братів Трофімових",
        "old_name:en": "Brativ Trofimovykh Street",
        "old_name:uk": "вулиця Братів Трофімових",
        "oneway": "yes",
        "surface": "asphalt"
      },
      "geometry": {
        "type": "LineString",
        "coordinates": [
          [
            34.9234819,
            48.4789368
          ],
          [
            34.9233897,
            48.478942
          ],
          [
            34.9233173,
            48.478948
          ]
        ]
      },
      "id": "way/59964029"
    },
    {
      "type": "Feature",
      "properties": {
        "@id": "way/59964033",
        "highway": "secondary",
        "lanes": "2",
        "maxspeed": "50",
        "name": "Велика Діївська вулиця",
        "name:en": "Velyka Diivska Street",
        "name:ru": "Большая Диёвская улица",
        "name:uk": "Велика Діївська вулиця",
        "old_name": "вулиця Братів Трофімових",
        "old_name:en": "Brativ Trofimovykh Street",
        "old_name:uk": "вулиця Братів Трофімових",
        "oneway": "yes",
        "source:maxspeed": "UA:urban",
        "surface": "asphalt"
      },
      "geometry": {
        "type": "LineString",
        "coordinates": [
          [
            34.9232803,
            48.4787954
          ],
          [
            34.9232594,
            48.4787621
          ],
          [
            34.9232411,
            48.4787005
          ],
          [
            34.9232477,
            48.4786372
          ],
          [
            34.9232777,
            48.4785804
          ],
          [
            34.923326,
            48.4785355
          ],
          [
            34.9233893,
            48.4784988
          ],
          [
            34.923466,
            48.4784737
          ],
          [
            34.9235543,
            48.4784555
          ],
          [
            34.9236434,
            48.4784448
          ],
          [
            34.9237187,
            48.4784467
          ]
        ]
      },
      "id": "way/59964033"
    },
    {
      "type": "Feature",
      "properties": {
        "@id": "way/59964039",
        "highway": "secondary",
        "lanes": "4",
        "name": "Велика Діївська вулиця",
        "name:en": "Velyka Diivska Street",
        "name:uk": "Велика Діївська вулиця",
        "old_name": "вулиця Братів Трофімових",
        "old_name:en": "Brativ Trofimovykh Street",
        "old_name:uk": "вулиця Братів Трофімових",
        "oneway": "yes",
        "smoothness": "intermediate",
        "surface": "asphalt"
      },
      "geometry": {
        "type": "LineString",
        "coordinates": [
          [
            34.9302038,
            48.479725
          ],
          [
            34.9301444,
            48.4797222
          ],
          [
            34.9301087,
            48.4797198
          ],
          [
            34.9297047,
            48.4796931
          ],
          [
            34.9292762,
            48.4796686
          ],
          [
            34.9290729,
            48.479657
          ]
        ]
      },
      "id": "way/59964039"
    },
    {
      "type": "Feature",
      "properties": {
        "@id": "way/59964041",
        "highway": "service",
        "name": "Велика Діївська вулиця",
        "name:en": "Velyka Diivska Street",
        "name:ru": "Большая Диёвская улица",
        "name:uk": "Велика Діївська вулиця",
        "old_name": "вулиця Братів Трофімових",
        "old_name:en": "Brativ Trofimovykh Street",
        "old_name:uk": "вулиця Братів Трофімових",
        "oneway": "no"
      },
      "geometry": {
        "type": "LineString",
        "coordinates": [
          [
            34.9232477,
            48.4786372
          ],
          [
            34.9232468,
            48.4785998
          ],
          [
            34.9232294,
            48.4785709
          ],
          [
            34.9232067,
            48.4785408
          ],
          [
            34.9231951,
            48.4785284
          ],
          [
            34.9231753,
            48.4785073
          ],
          [
            34.9231422,
            48.4784715
          ],
          [
            34.9231021,
            48.4784357
          ],
          [
            34.9230533,
            48.4783952
          ],
          [
            34.923001,
            48.4783617
          ],
          [
            34.9229574,
            48.4783386
          ],
          [
            34.9229068,
            48.4783155
          ],
          [
            34.9228563,
            48.4782935
          ],
          [
            34.92279,
            48.4782658
          ],
          [
            34.9227238,
            48.478238
          ],
          [
            34.9226423,
            48.4782001
          ]
        ]
      },
      "id": "way/59964041"
    },
    {
      "type": "Feature",
      "properties": {
        "@id": "way/59964043",
        "highway": "secondary",
        "maxspeed": "50",
        "name": "Велика Діївська вулиця",
        "name:en": "Velyka Diivska Street",
        "name:ru": "Большая Диёвская улица",
        "name:uk": "Велика Діївська вулиця",
        "old_name": "вулиця Братів Трофімових",
        "old_name:en": "Brativ Trofimovykh Street",
        "old_name:uk": "вулиця Братів Трофімових",
        "oneway": "yes",
        "source:maxspeed": "UA:urban",
        "surface": "asphalt"
      },
      "geometry": {
        "type": "LineString",
        "coordinates": [
          [
            34.9226423,
            48.4782001
          ],
          [
            34.9234518,
            48.4783855
          ],
          [
            34.9237187,
            48.4784467
          ]
        ]
      },
      "id": "way/59964043"
    },
    {
      "type": "Feature",
      "properties": {
        "@id": "way/59966772",
        "highway": "secondary",
        "lanes": "2",
        "lit": "yes",
        "maxspeed": "50",
        "name": "вулиця Юрія Кондратюка",
        "name:en": "Yuriia Kondratiuka Street",
        "name:uk": "вулиця Юрія Кондратюка",
        "old_name": "Комунарівська вулиця",
        "old_name:en": "Komunarivska Street",
        "old_name:uk": "Комунарівська вулиця",
        "oneway": "yes",
        "smoothness": "excellent",
        "source:maxspeed": "UA:urban",
        "surface": "asphalt"
      },
      "geometry": {
        "type": "LineString",
        "coordinates": [
          [
            34.9232978,
            48.4851669
          ],
          [
            34.9233195,
            48.4851221
          ],
          [
            34.923336,
            48.4850906
          ],
          [
            34.923445,
            48.4848975
          ],
          [
            34.9237044,
            48.4845764
          ],
          [
            34.9237621,
            48.484499
          ],
          [
            34.9241026,
            48.4840785
          ],
          [
            34.9241961,
            48.483963
          ],
          [
            34.9244334,
            48.4836416
          ],
          [
            34.9246798,
            48.4833347
          ],
          [
            34.9248916,
            48.4830882
          ],
          [
            34.9251114,
            48.4828487
          ],
          [
            34.9251822,
            48.4827676
          ],
          [
            34.9254156,
            48.4825004
          ],
          [
            34.9254768,
            48.4824324
          ],
          [
            34.9260023,
            48.4818481
          ],
          [
            34.9263529,
            48.4814548
          ],
          [
            34.9264256,
            48.4813686
          ],
          [
            34.9270702,
            48.4806305
          ],
          [
            34.9272875,
            48.4803877
          ],
          [
            34.9273869,
            48.4802765
          ],
          [
            34.9276307,
            48.4800027
          ],
          [
            34.9276803,
            48.479947
          ],
          [
            34.9277247,
            48.4798696
          ],
          [
            34.9277381,
            48.4798059
          ],
          [
            34.9277366,
            48.4797645
          ],
          [
            34.9276873,
            48.4797011
          ],
          [
            34.9276375,
            48.4796649
          ],
          [
            34.9275718,
            48.4796384
          ],
          [
            34.9274885,
            48.4796117
          ],
          [
            34.9273016,
            48.4795732
          ]
        ]
      },
      "id": "way/59966772"
    },
    {
      "type": "Feature",
      "properties": {
        "@id": "way/60488962",
        "highway": "residential",
        "name": "Старшинська вулиця",
        "name:en": "Starshynska Street",
        "name:uk": "Старшинська вулиця",
        "old_name": "вулиця Тарана",
        "old_name:en": "Tarana Street",
        "old_name:uk": "вулиця Тарана"
      },
      "geometry": {
        "type": "LineString",
        "coordinates": [
          [
            34.9470957,
            48.4892752
          ],
          [
            34.9476628,
            48.4895087
          ],
          [
            34.9483751,
            48.4898358
          ],
          [
            34.9490808,
            48.4902419
          ],
          [
            34.9493841,
            48.4903773
          ],
          [
            34.9498421,
            48.4905373
          ],
          [
            34.9500696,
            48.4906021
          ]
        ]
      },
      "id": "way/60488962"
    },
    {
      "type": "Feature",
      "properties": {
        "@id": "way/60675765",
        "highway": "residential",
        "name": "Заливна вулиця",
        "name:en": "Zalyvna Street",
        "name:ru": "Заливная улица",
        "name:uk": "Заливна вулиця"
      },
      "geometry": {
        "type": "LineString",
        "coordinates": [
          [
            34.9004035,
            48.4766467
          ],
          [
            34.9002844,
            48.4768818
          ],
          [
            34.9002091,
            48.4770208
          ],
          [
            34.9000693,
            48.4771663
          ],
          [
            34.899871,
            48.4772535
          ],
          [
            34.8996291,
            48.4772685
          ],
          [
            34.8995539,
            48.4773143
          ],
          [
            34.8991732,
            48.4774946
          ]
        ]
      },
      "id": "way/60675765"
    },
    {
      "type": "Feature",
      "properties": {
        "@id": "way/64272966",
        "highway": "residential",
        "name": "Макіївська вулиця",
        "name:en": "Makiivska Street",
        "name:pl": "ulica Makiiwska",
        "name:ru": "Макеевская улица",
        "name:uk": "Макіївська вулиця"
      },
      "geometry": {
        "type": "LineString",
        "coordinates": [
          [
            34.9284237,
            48.4788221
          ],
          [
            34.9286299,
            48.4789314
          ],
          [
            34.9288604,
            48.4789874
          ],
          [
            34.9289001,
            48.4789908
          ],
          [
            34.9289399,
            48.4789883
          ],
          [
            34.9289765,
            48.4789804
          ],
          [
            34.9290097,
            48.4789675
          ],
          [
            34.9291967,
            48.4788208
          ],
          [
            34.9292888,
            48.4787396
          ],
          [
            34.9293205,
            48.4787234
          ],
          [
            34.929357,
            48.4787124
          ],
          [
            34.929396,
            48.4787073
          ],
          [
            34.9294357,
            48.4787082
          ],
          [
            34.929751,
            48.4787366
          ],
          [
            34.9302263,
            48.4788279
          ],
          [
            34.9304123,
            48.4788598
          ],
          [
            34.9306059,
            48.4788765
          ],
          [
            34.9310259,
            48.4788765
          ],
          [
            34.931785,
            48.478926
          ],
          [
            34.9324076,
            48.4789585
          ]
        ]
      },
      "id": "way/64272966"
    },
    {
      "type": "Feature",
      "properties": {
        "@id": "way/64295732",
        "highway": "residential",
        "name": "проспект Свободи",
        "name:en": "Svobody Avenue",
        "name:pl": "prospekt Wolności",
        "name:ru": "Свободы проспект",
        "name:uk": "проспект Свободи"
      },
      "geometry": {
        "type": "LineString",
        "coordinates": [
          [
            34.9354716,
            48.478659
          ],
          [
            34.9353603,
            48.4790572
          ],
          [
            34.9352755,
            48.4793611
          ],
          [
            34.9353313,
            48.4794518
          ],
          [
            34.9354748,
            48.4796626
          ],
          [
            34.9354725,
            48.4798263
          ],
          [
            34.9354727,
            48.4798372
          ],
          [
            34.9354718,
            48.4799079
          ]
        ]
      },
      "id": "way/64295732"
    },
    {
      "type": "Feature",
      "properties": {
        "@id": "way/64744944",
        "highway": "residential",
        "name": "Орбітальна вулиця",
        "name:en": "Orbitalna Street",
        "name:ru": "Орбитальная улица",
        "name:uk": "Орбітальна вулиця",
        "surface": "gravel"
      },
      "geometry": {
        "type": "LineString",
        "coordinates": [
          [
            34.9329779,
            48.4709366
          ],
          [
            34.9327936,
            48.4707396
          ],
          [
            34.9325702,
            48.4704985
          ],
          [
            34.932317,
            48.470253
          ],
          [
            34.9320774,
            48.4699568
          ],
          [
            34.9319762,
            48.4698827
          ],
          [
            34.9318993,
            48.4698688
          ],
          [
            34.9318068,
            48.4698537
          ],
          [
            34.9316095,
            48.4698157
          ],
          [
            34.9313872,
            48.4698177
          ],
          [
            34.9312118,
            48.4698163
          ],
          [
            34.9311071,
            48.4698156
          ],
          [
            34.9308042,
            48.4698308
          ],
          [
            34.930616,
            48.4698515
          ],
          [
            34.9305264,
            48.469856
          ],
          [
            34.9304504,
            48.4698392
          ],
          [
            34.9303722,
            48.4697932
          ],
          [
            34.9302392,
            48.4697518
          ],
          [
            34.9300953,
            48.4697296
          ],
          [
            34.9298259,
            48.4697212
          ],
          [
            34.9295794,
            48.4697559
          ],
          [
            34.9293944,
            48.4698013
          ],
          [
            34.9292141,
            48.4698325
          ],
          [
            34.9291527,
            48.469811
          ],
          [
            34.9290847,
            48.4697238
          ],
          [
            34.9290222,
            48.4696323
          ],
          [
            34.9289392,
            48.469509
          ],
          [
            34.9288529,
            48.4694041
          ],
          [
            34.9288461,
            48.4693373
          ],
          [
            34.9288705,
            48.4693183
          ],
          [
            34.9289103,
            48.4693037
          ],
          [
            34.9290873,
            48.4692324
          ],
          [
            34.9291704,
            48.4691647
          ],
          [
            34.9291985,
            48.4690872
          ],
          [
            34.9292277,
            48.4688949
          ],
          [
            34.9292183,
            48.4687878
          ],
          [
            34.9291494,
            48.4686935
          ],
          [
            34.9290008,
            48.4685423
          ],
          [
            34.9288909,
            48.468432
          ],
          [
            34.9287819,
            48.4683326
          ],
          [
            34.9286628,
            48.4682385
          ],
          [
            34.928668,
            48.4681901
          ],
          [
            34.9287102,
            48.4681333
          ],
          [
            34.9288613,
            48.4679984
          ],
          [
            34.9293023,
            48.4677417
          ]
        ]
      },
      "id": "way/64744944"
    },
    {
      "type": "Feature",
      "properties": {
        "@id": "way/64744953",
        "highway": "residential",
        "name": "Орбітальна вулиця",
        "name:en": "Orbitalna Street",
        "name:ru": "Орбитальная улица",
        "name:uk": "Орбітальна вулиця"
      },
      "geometry": {
        "type": "LineString",
        "coordinates": [
          [
            34.93083,
            48.4690999
          ],
          [
            34.9315726,
            48.4691092
          ],
          [
            34.9320728,
            48.4691266
          ]
        ]
      },
      "id": "way/64744953"
    },
    {
      "type": "Feature",
      "properties": {
        "@id": "way/64744956",
        "highway": "residential",
        "name": "Орбітальна вулиця",
        "name:en": "Orbitalna Street",
        "name:ru": "Орбитальная улица",
        "name:uk": "Орбітальна вулиця",
        "surface": "gravel"
      },
      "geometry": {
        "type": "LineString",
        "coordinates": [
          [
            34.9277835,
            48.4664113
          ],
          [
            34.9284968,
            48.4670253
          ],
          [
            34.9291171,
            48.4675453
          ],
          [
            34.9293023,
            48.4677417
          ],
          [
            34.9297283,
            48.4680253
          ],
          [
            34.9302626,
            48.4682827
          ],
          [
            34.930774,
            48.4685188
          ],
          [
            34.9312398,
            48.4687277
          ],
          [
            34.931564,
            48.4688821
          ],
          [
            34.9320728,
            48.4691266
          ],
          [
            34.9324773,
            48.469309
          ],
          [
            34.9326416,
            48.4693454
          ],
          [
            34.9327621,
            48.4694075
          ]
        ]
      },
      "id": "way/64744956"
    },
    {
      "type": "Feature",
      "properties": {
        "@id": "way/64744967",
        "highway": "residential",
        "name": "Чорноземна вулиця",
        "name:en": "Chornozemna Street",
        "name:ru": "Чернозёмная улица",
        "name:uk": "Чорноземна вулиця",
        "smoothness": "impassable",
        "surface": "gravel"
      },
      "geometry": {
        "type": "LineString",
        "coordinates": [
          [
            34.932504,
            48.4715097
          ],
          [
            34.9327737,
            48.4714703
          ],
          [
            34.9329491,
            48.4714813
          ],
          [
            34.9330501,
            48.4715056
          ],
          [
            34.9332316,
            48.4715961
          ],
          [
            34.9334839,
            48.471718
          ],
          [
            34.9337011,
            48.4718393
          ],
          [
            34.9338872,
            48.471943
          ],
          [
            34.9340706,
            48.4720289
          ],
          [
            34.9342556,
            48.4720898
          ],
          [
            34.9344514,
            48.4721349
          ],
          [
            34.9346696,
            48.4721917
          ],
          [
            34.934794,
            48.472213
          ],
          [
            34.9349457,
            48.4722302
          ],
          [
            34.9352617,
            48.4721969
          ]
        ]
      },
      "id": "way/64744967"
    },
    {
      "type": "Feature",
      "properties": {
        "@id": "way/64744969",
        "highway": "residential",
        "name": "вулиця Миколи Хвильового",
        "name:en": "Mykoly Khvylovoho Street",
        "name:ru": "Николая Хвылевого улица",
        "name:uk": "вулиця Миколи Хвильового",
        "old_name": "Леніногорська вулиця",
        "old_name:en": "Leninohorska Street",
        "old_name:uk": "Леніногорська вулиця"
      },
      "geometry": {
        "type": "LineString",
        "coordinates": [
          [
            34.9482468,
            48.4752746
          ],
          [
            34.9481825,
            48.4752334
          ],
          [
            34.9479948,
            48.4751962
          ],
          [
            34.9473337,
            48.4751978
          ],
          [
            34.9463311,
            48.4752036
          ],
          [
            34.9454948,
            48.4752036
          ],
          [
            34.9450132,
            48.4751745
          ],
          [
            34.9445973,
            48.4751237
          ],
          [
            34.9432017,
            48.4750113
          ],
          [
            34.9424191,
            48.4749242
          ],
          [
            34.9420672,
            48.4748472
          ],
          [
            34.9417663,
            48.4747979
          ],
          [
            34.941525,
            48.4748118
          ]
        ]
      },
      "id": "way/64744969"
    },
    {
      "type": "Feature",
      "properties": {
        "@id": "way/64744972",
        "highway": "tertiary",
        "name": "вулиця Миколи Хвильового",
        "name:en": "Mykoly Khvylovoho Street",
        "name:uk": "вулиця Миколи Хвильового",
        "old_name": "Леніногорська вулиця",
        "old_name:en": "Leninohorska Street",
        "old_name:uk": "Леніногорська вулиця"
      },
      "geometry": {
        "type": "LineString",
        "coordinates": [
          [
            34.9583309,
            48.4762831
          ],
          [
            34.9581023,
            48.4762248
          ],
          [
            34.957034,
            48.476069
          ],
          [
            34.9568437,
            48.4760453
          ],
          [
            34.9543472,
            48.4757348
          ],
          [
            34.9534471,
            48.4756023
          ],
          [
            34.9525987,
            48.4754293
          ],
          [
            34.9507715,
            48.4751609
          ],
          [
            34.950385,
            48.4751141
          ],
          [
            34.950248,
            48.4750508
          ],
          [
            34.9501437,
            48.4749833
          ],
          [
            34.9500673,
            48.4749125
          ]
        ]
      },
      "id": "way/64744972"
    },
    {
      "type": "Feature",
      "properties": {
        "@id": "way/64744975",
        "highway": "trunk",
        "int_ref": "E 50",
        "motor_vehicle:conditional": "no @ (2021 Dec 08-2021 Dec 30)",
        "name": "Посполита вулиця",
        "name:de": "Posspolyta-Straße",
        "name:en": "Pospolyta Street",
        "name:fr": "Rue Pospolyta",
        "name:ru": "Посполитая улица",
        "name:uk": "Посполита вулиця",
        "nat_ref": "М-30",
        "old_name": "Гвардійська вулиця",
        "old_name:en": "Hvardiiska Street",
        "old_name:pl": "ulica Gwardyjska",
        "old_name:uk": "Гвардійська вулиця",
        "old_ref": "М-04",
        "oneway": "no",
        "ref": "М-30",
        "smoothness": "excellent",
        "surface": "asphalt"
      },
      "geometry": {
        "type": "LineString",
        "coordinates": [
          [
            34.9482468,
            48.4752746
          ],
          [
            34.9482608,
            48.4753645
          ],
          [
            34.9483125,
            48.4755108
          ],
          [
            34.9484078,
            48.4757564
          ],
          [
            34.9486878,
            48.4764496
          ],
          [
            34.9487945,
            48.4767514
          ],
          [
            34.9488451,
            48.4770017
          ],
          [
            34.9489063,
            48.4775069
          ],
          [
            34.9489378,
            48.4777147
          ],
          [
            34.9489473,
            48.4777906
          ],
          [
            34.9489906,
            48.4781362
          ],
          [
            34.9490313,
            48.4785065
          ],
          [
            34.9490446,
            48.4785854
          ],
          [
            34.9490667,
            48.4786908
          ],
          [
            34.9491298,
            48.478942
          ],
          [
            34.9492327,
            48.4792131
          ],
          [
            34.9493661,
            48.4796983
          ],
          [
            34.9495386,
            48.4801714
          ],
          [
            34.949665,
            48.480571
          ],
          [
            34.949662,
            48.4806353
          ],
          [
            34.949667,
            48.4807225
          ],
          [
            34.9496663,
            48.4807556
          ]
        ]
      },
      "id": "way/64744975"
    },
    {
      "type": "Feature",
      "properties": {
        "@id": "way/64744981",
        "highway": "service",
        "living_street": "yes",
        "name": "Вербний провулок",
        "name:pl": "zaułek Wierzbowy",
        "name:ru": "Вербный переулок",
        "name:uk": "Вербний провулок",
        "service": "alley"
      },
      "geometry": {
        "type": "LineString",
        "coordinates": [
          [
            34.9363276,
            48.4710258
          ],
          [
            34.9345764,
            48.4712239
          ]
        ]
      },
      "id": "way/64744981"
    },
    {
      "type": "Feature",
      "properties": {
        "@id": "way/64744982",
        "highway": "unclassified",
        "motor_vehicle": "destination",
        "name": "вулиця Миколи Хвильового",
        "name:en": "Mykoly Khvylovoho Street",
        "name:ru": "Николая Хвылевого улица",
        "name:uk": "вулиця Миколи Хвильового",
        "old_name": "Леніногорська вулиця",
        "old_name:en": "Leninohorska Street",
        "old_name:uk": "Леніногорська вулиця",
        "surface": "gravel"
      },
      "geometry": {
        "type": "LineString",
        "coordinates": [
          [
            34.9423142,
            48.4727128
          ],
          [
            34.9421287,
            48.4728074
          ],
          [
            34.941991,
            48.4729994
          ],
          [
            34.9405109,
            48.4726387
          ],
          [
            34.9402851,
            48.4726474
          ],
          [
            34.9400065,
            48.4725788
          ],
          [
            34.939833,
            48.4724879
          ],
          [
            34.9398804,
            48.4722856
          ],
          [
            34.9398974,
            48.4721633
          ],
          [
            34.9398759,
            48.472116
          ],
          [
            34.9398398,
            48.4720875
          ],
          [
            34.9391412,
            48.4718846
          ],
          [
            34.9382259,
            48.4716249
          ],
          [
            34.9363276,
            48.4710258
          ],
          [
            34.9356717,
            48.470693
          ],
          [
            34.9343413,
            48.4701331
          ],
          [
            34.9342035,
            48.4700906
          ],
          [
            34.9341163,
            48.4700638
          ],
          [
            34.9338951,
            48.4700449
          ],
          [
            34.9336797,
            48.4700393
          ]
        ]
      },
      "id": "way/64744982"
    },
    {
      "type": "Feature",
      "properties": {
        "@id": "way/76127170",
        "highway": "residential",
        "name": "Вільнюський провулок",
        "name:en": "Vilniuskyi Lane",
        "name:ru": "Валдайский переулок",
        "name:uk": "Вільнюський провулок",
        "old_name": "Валдайський провулок",
        "old_name:en": "Valdaiskyi Lane",
        "old_name:uk": "Валдайський провулок"
      },
      "geometry": {
        "type": "LineString",
        "coordinates": [
          [
            34.9183158,
            48.4616638
          ],
          [
            34.9180344,
            48.4616955
          ],
          [
            34.9175663,
            48.4617358
          ],
          [
            34.9171705,
            48.4617528
          ],
          [
            34.9170607,
            48.4617482
          ]
        ]
      },
      "id": "way/76127170"
    },
    {
      "type": "Feature",
      "properties": {
        "@id": "way/76127174",
        "highway": "residential",
        "name": "Вільнюський провулок",
        "name:en": "Vilniuskyi Lane",
        "name:uk": "Вільнюський провулок",
        "old_name": "Валдайський провулок",
        "old_name:en": "Valdaiskyi Lane",
        "old_name:ru": "Валдайский переулок",
        "old_name:uk": "Валдайський провулок"
      },
      "geometry": {
        "type": "LineString",
        "coordinates": [
          [
            34.9165701,
            48.4626089
          ],
          [
            34.9167397,
            48.4622003
          ],
          [
            34.9169627,
            48.4618325
          ],
          [
            34.9170607,
            48.4617482
          ],
          [
            34.9165852,
            48.4610528
          ],
          [
            34.9165383,
            48.4609995
          ]
        ]
      },
      "id": "way/76127174"
    },
    {
      "type": "Feature",
      "properties": {
        "@id": "way/76127185",
        "highway": "residential",
        "name": "Квітуча вулиця",
        "name:en": "Kvitucha Street",
        "name:ru": "Цветущая улица",
        "name:uk": "Квітуча вулиця"
      },
      "geometry": {
        "type": "LineString",
        "coordinates": [
          [
            34.9188248,
            48.4606147
          ],
          [
            34.9195452,
            48.4609229
          ],
          [
            34.9201412,
            48.460256
          ]
        ]
      },
      "id": "way/76127185"
    },
    {
      "type": "Feature",
      "properties": {
        "@id": "way/76130932",
        "highway": "residential",
        "name": "провулок Вінграновського",
        "name:uk": "провулок Вінграновського",
        "old_name": "Першотравневий провулок",
        "old_name:en": "Pershotravnevyi Lane",
        "old_name:pl": "zaułek Pierwszomajowy",
        "old_name:ru": "Первомайский переулок",
        "old_name:uk": "Першотравневий провулок"
      },
      "geometry": {
        "type": "LineString",
        "coordinates": [
          [
            34.9100683,
            48.4598177
          ],
          [
            34.9097131,
            48.4601742
          ]
        ]
      },
      "id": "way/76130932"
    },
    {
      "type": "Feature",
      "properties": {
        "@id": "way/76130933",
        "highway": "residential",
        "name": "вулиця Данила Сахненка",
        "name:en": "Danyla Sakhnenka Street",
        "name:ru": "Даниила Сахненко улица",
        "name:uk": "вулиця Данила Сахненка",
        "old_name": "вулиця Большунова",
        "old_name:en": "Bolshunova Street",
        "old_name:uk": "вулиця Большунова"
      },
      "geometry": {
        "type": "LineString",
        "coordinates": [
          [
            34.9120287,
            48.4597031
          ],
          [
            34.9121638,
            48.4590633
          ]
        ]
      },
      "id": "way/76130933"
    },
    {
      "type": "Feature",
      "properties": {
        "@id": "way/76130937",
        "highway": "residential",
        "name": "Рудна вулиця",
        "name:en": "Rudna Street",
        "name:ru": "Рудная улица",
        "name:uk": "Рудна вулиця"
      },
      "geometry": {
        "type": "LineString",
        "coordinates": [
          [
            34.9121638,
            48.4590633
          ],
          [
            34.9122301,
            48.4588022
          ],
          [
            34.9123708,
            48.4582383
          ]
        ]
      },
      "id": "way/76130937"
    },
    {
      "type": "Feature",
      "properties": {
        "@id": "way/78054863",
        "highway": "residential",
        "name": "вулиця Данила Апостола",
        "name:en": "Danyla Apostola Street",
        "name:ru": "Даниила Апостола улица",
        "name:uk": "вулиця Данила Апостола",
        "old_name": "вулиця Валявки",
        "old_name:en": "Valyavky Street",
        "old_name:uk": "вулиця Валявки"
      },
      "geometry": {
        "type": "LineString",
        "coordinates": [
          [
            34.9640666,
            48.4561994
          ],
          [
            34.9638716,
            48.4570698
          ],
          [
            34.9636497,
            48.4579424
          ],
          [
            34.9634304,
            48.4588122
          ],
          [
            34.9632437,
            48.4597008
          ],
          [
            34.9629888,
            48.4606077
          ],
          [
            34.9627734,
            48.4615138
          ],
          [
            34.9625595,
            48.462425
          ],
          [
            34.9623324,
            48.4633688
          ]
        ]
      },
      "id": "way/78054863"
    },
    {
      "type": "Feature",
      "properties": {
        "@id": "way/80262690",
        "highway": "tertiary",
        "maxspeed": "50",
        "name": "вулиця Західний Шлях",
        "name:en": "Zakhidnyi Shliakh Street",
        "name:uk": "вулиця Західний Шлях",
        "old_name": "вулиця Маяковського",
        "old_name:en": "Maiakovskoho Street",
        "old_name:pl": "ulica Majakowskiego",
        "old_name:uk": "вулиця Маяковського",
        "sidewalk": "left",
        "smoothness": "good",
        "source:maxspeed": "UA:urban",
        "surface": "asphalt"
      },
      "geometry": {
        "type": "LineString",
        "coordinates": [
          [
            34.9486778,
            48.4738091
          ],
          [
            34.9483047,
            48.4737169
          ],
          [
            34.9479103,
            48.4736188
          ],
          [
            34.9471429,
            48.473411
          ],
          [
            34.9429305,
            48.4723361
          ],
          [
            34.9407882,
            48.4717834
          ],
          [
            34.9404707,
            48.4716938
          ],
          [
            34.940221,
            48.4716133
          ],
          [
            34.9399029,
            48.4714825
          ],
          [
            34.9397418,
            48.4714167
          ],
          [
            34.9396162,
            48.4713744
          ],
          [
            34.9394814,
            48.4713394
          ],
          [
            34.9393743,
            48.4713198
          ],
          [
            34.9392703,
            48.4713043
          ],
          [
            34.9390505,
            48.4712737
          ],
          [
            34.9389411,
            48.4712545
          ],
          [
            34.9388317,
            48.471232
          ],
          [
            34.9386088,
            48.4711803
          ],
          [
            34.9383832,
            48.4711223
          ],
          [
            34.9381677,
            48.4710636
          ],
          [
            34.9378828,
            48.4709719
          ],
          [
            34.9376094,
            48.4708696
          ],
          [
            34.9371379,
            48.4706796
          ],
          [
            34.9365671,
            48.4704477
          ],
          [
            34.9360064,
            48.4702288
          ],
          [
            34.9359384,
            48.4701981
          ],
          [
            34.9358756,
            48.470167
          ]
        ]
      },
      "id": "way/80262690"
    },
    {
      "type": "Feature",
      "properties": {
        "@id": "way/81869829",
        "highway": "tertiary",
        "lanes": "2",
        "lit": "yes",
        "maxspeed": "40",
        "name": "Парусний провулок",
        "name:en": "Parusnyi Lane",
        "name:ru": "Парусный переулок",
        "name:uk": "Парусний провулок",
        "smoothness": "intermediate",
        "surface": "asphalt"
      },
      "geometry": {
        "type": "LineString",
        "coordinates": [
          [
            34.9063784,
            48.4798845
          ],
          [
            34.9064641,
            48.479727
          ],
          [
            34.9065296,
            48.4796067
          ],
          [
            34.9067028,
            48.4792885
          ],
          [
            34.9068616,
            48.4789967
          ],
          [
            34.9068945,
            48.4789362
          ],
          [
            34.9070632,
            48.4786264
          ],
          [
            34.9071335,
            48.4785036
          ],
          [
            34.9072399,
            48.4783608
          ],
          [
            34.9073857,
            48.4781579
          ],
          [
            34.9074617,
            48.4780085
          ],
          [
            34.9075006,
            48.4778787
          ],
          [
            34.907518,
            48.477765
          ],
          [
            34.9075987,
            48.4776353
          ]
        ]
      },
      "id": "way/81869829"
    },
    {
      "type": "Feature",
      "properties": {
        "@id": "way/81869874",
        "highway": "tertiary",
        "lanes": "2",
        "lit": "yes",
        "maxspeed": "40",
        "name": "Парусний провулок",
        "name:en": "Parusnyi Lane",
        "name:ru": "Парусный переулок",
        "name:uk": "Парусний провулок",
        "oneway": "yes",
        "sidewalk": "right",
        "smoothness": "intermediate",
        "surface": "asphalt",
        "trolley_wire": "yes"
      },
      "geometry": {
        "type": "LineString",
        "coordinates": [
          [
            34.9077379,
            48.480434
          ],
          [
            34.9075048,
            48.4803719
          ],
          [
            34.907215,
            48.4803049
          ]
        ]
      },
      "id": "way/81869874"
    },
    {
      "type": "Feature",
      "properties": {
        "@id": "way/83924174",
        "highway": "residential",
        "name": "вулиця Фатіми Гафурової",
        "name:ru": "Фатимы Гафуровой улица",
        "name:uk": "вулиця Фатіми Гафурової",
        "surface": "asphalt"
      },
      "geometry": {
        "type": "LineString",
        "coordinates": [
          [
            34.9449104,
            48.4900063
          ],
          [
            34.9449176,
            48.4899969
          ],
          [
            34.9449626,
            48.4899324
          ],
          [
            34.9452538,
            48.4896585
          ],
          [
            34.9455569,
            48.489335
          ],
          [
            34.945811,
            48.4890301
          ],
          [
            34.9460575,
            48.488711
          ],
          [
            34.9466994,
            48.4880689
          ],
          [
            34.9474051,
            48.4874507
          ],
          [
            34.9480677,
            48.4867981
          ]
        ]
      },
      "id": "way/83924174"
    },
    {
      "type": "Feature",
      "properties": {
        "@id": "way/83924177",
        "highway": "residential",
        "lit": "yes",
        "name": "вулиця Максима Дія",
        "name:en": "Maksyma Diia Street",
        "name:ru": "Максима Дия улица",
        "name:uk": "вулиця Максима Дія",
        "old_name": "вулиця Шелгунова",
        "old_name:uk": "вулиця Шелгунова",
        "surface": "asphalt"
      },
      "geometry": {
        "type": "LineString",
        "coordinates": [
          [
            34.9134472,
            48.4842625
          ],
          [
            34.9134693,
            48.4841848
          ],
          [
            34.9134753,
            48.4841636
          ],
          [
            34.9136017,
            48.4837187
          ],
          [
            34.9136184,
            48.4836597
          ],
          [
            34.9138286,
            48.4829604
          ],
          [
            34.9140219,
            48.4823146
          ],
          [
            34.9140898,
            48.482151
          ],
          [
            34.9141271,
            48.4820612
          ],
          [
            34.9141621,
            48.4819771
          ],
          [
            34.9142911,
            48.4816878
          ]
        ]
      },
      "id": "way/83924177"
    },
    {
      "type": "Feature",
      "properties": {
        "@id": "way/83924184",
        "highway": "secondary",
        "lanes": "4",
        "lanes:backward": "2",
        "lanes:forward": "2",
        "lit": "yes",
        "maxspeed": "50",
        "name": "Метробудівська вулиця",
        "name:en": "Metrobudivska Street",
        "name:pl": "ulica Metrostroewska",
        "name:ru": "Метростроевская улица",
        "name:uk": "Метробудівська вулиця",
        "smoothness": "excellent",
        "source:maxspeed": "UA:urban",
        "surface": "asphalt"
      },
      "geometry": {
        "type": "LineString",
        "coordinates": [
          [
            34.9117251,
            48.4840029
          ],
          [
            34.9117412,
            48.4839442
          ],
          [
            34.9117483,
            48.4839177
          ],
          [
            34.9117613,
            48.4838687
          ],
          [
            34.9118659,
            48.483474
          ],
          [
            34.9120228,
            48.4828766
          ],
          [
            34.9120536,
            48.4827673
          ],
          [
            34.912177,
            48.4822953
          ],
          [
            34.9122642,
            48.481977
          ],
          [
            34.9123742,
            48.4815503
          ],
          [
            34.9124736,
            48.481179
          ],
          [
            34.9125028,
            48.4810536
          ],
          [
            34.912529,
            48.4809535
          ],
          [
            34.9126022,
            48.480688
          ],
          [
            34.9127059,
            48.4802845
          ],
          [
            34.9129417,
            48.4793682
          ],
          [
            34.9130138,
            48.4790846
          ],
          [
            34.913025,
            48.4790448
          ],
          [
            34.9130382,
            48.4789862
          ]
        ]
      },
      "id": "way/83924184"
    },
    {
      "type": "Feature",
      "properties": {
        "@id": "way/83924203",
        "foot": "no",
        "highway": "secondary",
        "lit": "yes",
        "maxspeed": "50",
        "name": "вулиця Юрія Кондратюка",
        "name:en": "Yuriia Kondratiuka Street",
        "name:ru": "Юрия Кондратюка улица",
        "name:uk": "вулиця Юрія Кондратюка",
        "old_name": "Комунарівська вулиця",
        "old_name:en": "Komunarivska Street",
        "old_name:uk": "Комунарівська вулиця",
        "oneway": "yes",
        "sidewalk": "no",
        "smoothness": "excellent",
        "source:maxspeed": "UA:urban",
        "surface": "asphalt"
      },
      "geometry": {
        "type": "LineString",
        "coordinates": [
          [
            34.9232169,
            48.4857491
          ],
          [
            34.9231576,
            48.4858729
          ]
        ]
      },
      "id": "way/83924203"
    },
    {
      "type": "Feature",
      "properties": {
        "@id": "way/83924207",
        "highway": "secondary",
        "lanes": "2",
        "maxspeed": "50",
        "name": "вулиця Юрія Кондратюка",
        "name:en": "Yuriia Kondratiuka Street",
        "name:ru": "Юрия Кондратюка улица",
        "name:uk": "вулиця Юрія Кондратюка",
        "old_name": "Комунарівська вулиця",
        "old_name:en": "Komunarivska Street",
        "old_name:uk": "Комунарівська вулиця",
        "oneway": "yes",
        "smoothness": "excellent",
        "source:maxspeed": "UA:urban",
        "surface": "asphalt"
      },
      "geometry": {
        "type": "LineString",
        "coordinates": [
          [
            34.9230338,
            48.4857167
          ],
          [
            34.9230739,
            48.4856383
          ],
          [
            34.9231805,
            48.4854056
          ],
          [
            34.9232978,
            48.4851669
          ]
        ]
      },
      "id": "way/83924207"
    },
    {
      "type": "Feature",
      "properties": {
        "@id": "way/87294485",
        "highway": "service",
        "name": "Крамнича вулиця",
        "name:ru": "Магазинная улица",
        "name:uk": "Крамнича вулиця"
      },
      "geometry": {
        "type": "LineString",
        "coordinates": [
          [
            34.9556661,
            48.4848479
          ],
          [
            34.9564877,
            48.4849171
          ],
          [
            34.9566151,
            48.4849543
          ],
          [
            34.9568516,
            48.4851122
          ]
        ]
      },
      "id": "way/87294485"
    },
    {
      "type": "Feature",
      "properties": {
        "@id": "way/87294489",
        "highway": "service",
        "name": "Крамничий провулок",
        "name:ru": "Магазинный переулок",
        "name:uk": "Крамничий провулок"
      },
      "geometry": {
        "type": "LineString",
        "coordinates": [
          [
            34.9557351,
            48.4842425
          ],
          [
            34.9570397,
            48.484579
          ],
          [
            34.9573251,
            48.4846736
          ],
          [
            34.9575048,
            48.4847672
          ]
        ]
      },
      "id": "way/87294489"
    },
    {
      "type": "Feature",
      "properties": {
        "@id": "way/87294496",
        "highway": "service",
        "name": "Старобазарна вулиця",
        "name:en": "Starobazarna Street",
        "name:ru": "Старобазарная улица",
        "name:uk": "Старобазарна вулиця",
        "old_name": "Союзна вулиця",
        "old_name:en": "Soyuzna Street",
        "old_name:uk": "Союзна вулиця",
        "service": "driveway"
      },
      "geometry": {
        "type": "LineString",
        "coordinates": [
          [
            34.9564559,
            48.4880893
          ],
          [
            34.9566105,
            48.4878536
          ],
          [
            34.9567677,
            48.4875837
          ],
          [
            34.956809,
            48.4875656
          ],
          [
            34.9568546,
            48.4875656
          ],
          [
            34.9573001,
            48.4876021
          ]
        ]
      },
      "id": "way/87294496"
    },
    {
      "type": "Feature",
      "properties": {
        "@id": "way/87294519",
        "highway": "residential",
        "name": "вулиця Павла Бута",
        "name:en": "Pavla Buta Street",
        "name:ru": "Павла Бута улица",
        "name:uk": "вулиця Павла Бута",
        "old_name": "вулиця Бібікова",
        "old_name:uk": "вулиця Бібікова"
      },
      "geometry": {
        "type": "LineString",
        "coordinates": [
          [
            34.9597218,
            48.4882642
          ],
          [
            34.9599344,
            48.4882246
          ],
          [
            34.9607745,
            48.4878604
          ],
          [
            34.9609129,
            48.4877844
          ],
          [
            34.9610101,
            48.4876841
          ],
          [
            34.9610466,
            48.4876138
          ],
          [
            34.9610485,
            48.4875612
          ],
          [
            34.9610211,
            48.4875091
          ],
          [
            34.9605127,
            48.4870114
          ]
        ]
      },
      "id": "way/87294519"
    },
    {
      "type": "Feature",
      "properties": {
        "@id": "way/87294522",
        "highway": "residential",
        "name": "Радний провулок",
        "name:uk": "Радний провулок",
        "old_name": "провулок Гребьонкіна",
        "old_name:uk": "провулок Гребьонкіна"
      },
      "geometry": {
        "type": "LineString",
        "coordinates": [
          [
            34.9572995,
            48.4862666
          ],
          [
            34.9577079,
            48.4863897
          ],
          [
            34.9580044,
            48.4864091
          ],
          [
            34.9586266,
            48.4864284
          ],
          [
            34.9587821,
            48.4864477
          ],
          [
            34.9594043,
            48.4865572
          ],
          [
            34.9595312,
            48.4863506
          ],
          [
            34.960231,
            48.4864707
          ]
        ]
      },
      "id": "way/87294522"
    },
    {
      "type": "Feature",
      "properties": {
        "@id": "way/87594543",
        "highway": "service",
        "name": "Нагорний провулок",
        "name:ru": "Нагорный переулок",
        "name:uk": "Нагорний провулок"
      },
      "geometry": {
        "type": "LineString",
        "coordinates": [
          [
            34.9521048,
            48.4835412
          ],
          [
            34.9521493,
            48.4835769
          ],
          [
            34.9523699,
            48.4836321
          ],
          [
            34.9526063,
            48.4836923
          ],
          [
            34.9526927,
            48.4837104
          ],
          [
            34.9526063,
            48.483831
          ]
        ]
      },
      "id": "way/87594543"
    },
    {
      "type": "Feature",
      "properties": {
        "@id": "way/87594554",
        "highway": "residential",
        "name": "вулиця Семена Бардадима",
        "name:en": "Semena Bardadyma Street",
        "name:ru": "Семена Бардадыма улица",
        "name:uk": "вулиця Семена Бардадима",
        "old_name": "вулиця Курочкіна",
        "old_name:uk": "вулиця Курочкіна"
      },
      "geometry": {
        "type": "LineString",
        "coordinates": [
          [
            34.9520916,
            48.4846691
          ],
          [
            34.9522699,
            48.484753
          ],
          [
            34.9526057,
            48.4849412
          ]
        ]
      },
      "id": "way/87594554"
    },
    {
      "type": "Feature",
      "properties": {
        "@id": "way/87594638",
        "highway": "residential",
        "name": "провулок Тараса Трясила",
        "name:uk": "провулок Тараса Трясила",
        "old_name": "провулок Кибальчича",
        "old_name:uk": "провулок Кибальчича"
      },
      "geometry": {
        "type": "LineString",
        "coordinates": [
          [
            34.9558397,
            48.483424
          ],
          [
            34.9563158,
            48.4834573
          ],
          [
            34.9569199,
            48.4835068
          ],
          [
            34.9570348,
            48.4830139
          ]
        ]
      },
      "id": "way/87594638"
    },
    {
      "type": "Feature",
      "properties": {
        "@id": "way/87594642",
        "highway": "residential",
        "name": "Танковий провулок",
        "name:ru": "Танковый переулок",
        "name:uk": "Танковий провулок"
      },
      "geometry": {
        "type": "LineString",
        "coordinates": [
          [
            34.9608618,
            48.4833469
          ],
          [
            34.9609905,
            48.4833193
          ],
          [
            34.9612282,
            48.4833222
          ],
          [
            34.9615112,
            48.4833212
          ],
          [
            34.9616242,
            48.4833114
          ],
          [
            34.9619595,
            48.4832662
          ],
          [
            34.9624674,
            48.4831613
          ],
          [
            34.9627658,
            48.4831175
          ],
          [
            34.9628212,
            48.483106
          ],
          [
            34.9628549,
            48.4830825
          ],
          [
            34.9628586,
            48.4830191
          ]
        ]
      },
      "id": "way/87594642"
    },
    {
      "type": "Feature",
      "properties": {
        "@id": "way/87594671",
        "highway": "residential",
        "name": "Старшинська вулиця",
        "name:en": "Starshynska Street",
        "name:uk": "Старшинська вулиця",
        "old_name": "вулиця Тарана",
        "old_name:en": "Tarana Street",
        "old_name:uk": "вулиця Тарана"
      },
      "geometry": {
        "type": "LineString",
        "coordinates": [
          [
            34.9500513,
            48.4906542
          ],
          [
            34.9506864,
            48.4908462
          ],
          [
            34.9507265,
            48.4908584
          ],
          [
            34.9512629,
            48.4909789
          ],
          [
            34.9516448,
            48.4910512
          ],
          [
            34.9517698,
            48.4910933
          ]
        ]
      },
      "id": "way/87594671"
    },
    {
      "type": "Feature",
      "properties": {
        "@id": "way/88367639",
        "highway": "residential",
        "name": "Електрозварна вулиця",
        "name:ru": "Электросварочная улица",
        "name:uk": "Електрозварна вулиця"
      },
      "geometry": {
        "type": "LineString",
        "coordinates": [
          [
            34.9478847,
            48.4630249
          ],
          [
            34.9477688,
            48.4627225
          ],
          [
            34.9476613,
            48.4623406
          ],
          [
            34.9475621,
            48.462008
          ],
          [
            34.9475554,
            48.4619546
          ],
          [
            34.9475674,
            48.4619235
          ],
          [
            34.9476023,
            48.4618977
          ]
        ]
      },
      "id": "way/88367639"
    },
    {
      "type": "Feature",
      "properties": {
        "@id": "way/88367650",
        "highway": "service",
        "name": "Аральська вулиця",
        "name:pl": "ulica Aralska",
        "name:ru": "Аральская улица",
        "name:uk": "Аральська вулиця"
      },
      "geometry": {
        "type": "LineString",
        "coordinates": [
          [
            34.9519281,
            48.4582386
          ],
          [
            34.951981,
            48.4586805
          ],
          [
            34.9520395,
            48.4589065
          ],
          [
            34.9523564,
            48.4594508
          ],
          [
            34.9525986,
            48.4598669
          ]
        ]
      },
      "id": "way/88367650"
    },
    {
      "type": "Feature",
      "properties": {
        "@id": "way/102713548",
        "highway": "residential",
        "name": "Гранітна вулиця",
        "name:ru": "Гранитная улица",
        "name:uk": "Гранітна вулиця",
        "smoothness": "very_horrible"
      },
      "geometry": {
        "type": "LineString",
        "coordinates": [
          [
            34.9405654,
            48.4841312
          ],
          [
            34.9402664,
            48.4840012
          ],
          [
            34.9399105,
            48.4839501
          ],
          [
            34.9397664,
            48.4834583
          ],
          [
            34.9395125,
            48.4826367
          ],
          [
            34.9394934,
            48.4825568
          ],
          [
            34.9395788,
            48.4825186
          ]
        ]
      },
      "id": "way/102713548"
    },
    {
      "type": "Feature",
      "properties": {
        "@id": "way/112178100",
        "highway": "service",
        "name": "Шодуарівська вулиця",
        "name:en": "Shoduarivska Street",
        "name:ru": "Шодуаровская улица",
        "name:uk": "Шодуарівська вулиця",
        "old_name": "провулок Людмили Сталь",
        "old_name:en": "Ludmyly Stal Lane",
        "old_name:uk": "провулок Людмили Сталь"
      },
      "geometry": {
        "type": "LineString",
        "coordinates": [
          [
            34.9347365,
            48.485344
          ],
          [
            34.9347836,
            48.4852117
          ],
          [
            34.9347664,
            48.4851224
          ],
          [
            34.9349227,
            48.4847232
          ],
          [
            34.9350734,
            48.4843379
          ],
          [
            34.9351007,
            48.4842682
          ],
          [
            34.9351569,
            48.4841244
          ],
          [
            34.9351754,
            48.484077
          ],
          [
            34.9352464,
            48.4840673
          ],
          [
            34.935363,
            48.4837721
          ],
          [
            34.9354063,
            48.4836626
          ],
          [
            34.9354139,
            48.4836433
          ],
          [
            34.9356505,
            48.4830446
          ],
          [
            34.9358911,
            48.4825634
          ],
          [
            34.9357512,
            48.4822894
          ]
        ]
      },
      "id": "way/112178100"
    },
    {
      "type": "Feature",
      "properties": {
        "@id": "way/122009361",
        "highway": "tertiary",
        "lanes": "2",
        "maxspeed": "50",
        "name": "вулиця Юрія Кондратюка",
        "name:en": "Yuriia Kondratiuka Street",
        "name:ru": "Юрия Кондратюка улица",
        "name:uk": "вулиця Юрія Кондратюка",
        "old_name": "Комунарівська вулиця",
        "old_name:en": "Komunarivska Street",
        "old_name:uk": "Комунарівська вулиця",
        "oneway": "no",
        "smoothness": "good",
        "source:maxspeed": "UA:urban",
        "surface": "asphalt"
      },
      "geometry": {
        "type": "LineString",
        "coordinates": [
          [
            34.9190113,
            48.4676714
          ],
          [
            34.9191155,
            48.467815
          ],
          [
            34.9192527,
            48.4680531
          ],
          [
            34.9196874,
            48.4688778
          ],
          [
            34.9197885,
            48.4690696
          ],
          [
            34.9199333,
            48.4693242
          ],
          [
            34.9200285,
            48.4694475
          ],
          [
            34.920162,
            48.4695639
          ],
          [
            34.9203357,
            48.4696625
          ],
          [
            34.9207992,
            48.4698503
          ],
          [
            34.9213321,
            48.47005
          ],
          [
            34.9216051,
            48.4701553
          ],
          [
            34.9225227,
            48.4705615
          ],
          [
            34.9235068,
            48.4710262
          ],
          [
            34.9237022,
            48.4711339
          ],
          [
            34.9242056,
            48.4714115
          ],
          [
            34.9246229,
            48.4716409
          ],
          [
            34.925009,
            48.471871
          ],
          [
            34.9253973,
            48.4721248
          ],
          [
            34.9257828,
            48.4723768
          ],
          [
            34.9260397,
            48.4725554
          ],
          [
            34.9263954,
            48.472808
          ],
          [
            34.926955,
            48.4732127
          ],
          [
            34.9271162,
            48.4733038
          ],
          [
            34.9274432,
            48.4734681
          ],
          [
            34.9277297,
            48.4735945
          ],
          [
            34.9277651,
            48.4736101
          ],
          [
            34.9279167,
            48.473677
          ],
          [
            34.9280302,
            48.4737399
          ],
          [
            34.9280808,
            48.4737801
          ],
          [
            34.9281994,
            48.4739023
          ],
          [
            34.9282753,
            48.4740407
          ],
          [
            34.9283148,
            48.474173
          ],
          [
            34.9283594,
            48.4743006
          ],
          [
            34.9284019,
            48.4744302
          ],
          [
            34.9284452,
            48.4745392
          ],
          [
            34.9285117,
            48.4747064
          ],
          [
            34.9285933,
            48.4748446
          ],
          [
            34.9287029,
            48.474974
          ],
          [
            34.9289207,
            48.4752079
          ],
          [
            34.9291987,
            48.4754755
          ],
          [
            34.929315,
            48.475612
          ],
          [
            34.9293792,
            48.4757201
          ],
          [
            34.9294326,
            48.4758592
          ],
          [
            34.9294273,
            48.475985
          ],
          [
            34.9293792,
            48.4761073
          ],
          [
            34.9291631,
            48.4764178
          ],
          [
            34.9288365,
            48.4768869
          ],
          [
            34.9287982,
            48.4769409
          ],
          [
            34.928518,
            48.477389
          ],
          [
            34.9282209,
            48.4779136
          ],
          [
            34.9278514,
            48.4784873
          ],
          [
            34.9277942,
            48.4785777
          ],
          [
            34.9277643,
            48.4786754
          ]
        ]
      },
      "id": "way/122009361"
    },
    {
      "type": "Feature",
      "properties": {
        "@id": "way/134225354",
        "highway": "service",
        "name": "Зенітний провулок",
        "name:pl": "zaułek Zenitowy",
        "name:ru": "Зенитный переулок",
        "name:uk": "Зенітний провулок"
      },
      "geometry": {
        "type": "LineString",
        "coordinates": [
          [
            34.915745,
            48.4655583
          ],
          [
            34.9159645,
            48.4653392
          ],
          [
            34.9160383,
            48.4652557
          ],
          [
            34.9164312,
            48.46487
          ]
        ]
      },
      "id": "way/134225354"
    },
    {
      "type": "Feature",
      "properties": {
        "@id": "way/135187142",
        "highway": "residential",
        "name": "Вереснева площа",
        "name:ru": "Сентябрьская площадь",
        "name:uk": "Вереснева площа"
      },
      "geometry": {
        "type": "LineString",
        "coordinates": [
          [
            34.9540248,
            48.4854272
          ],
          [
            34.9539497,
            48.4854243
          ],
          [
            34.9538817,
            48.4854295
          ],
          [
            34.9537566,
            48.4855016
          ],
          [
            34.9534844,
            48.485778
          ],
          [
            34.9523929,
            48.4866922
          ]
        ]
      },
      "id": "way/135187142"
    },
    {
      "type": "Feature",
      "properties": {
        "@id": "way/135652248",
        "highway": "residential",
        "name": "Танковий провулок",
        "name:ru": "Танковый переулок",
        "name:uk": "Танковий провулок"
      },
      "geometry": {
        "type": "LineString",
        "coordinates": [
          [
            34.9615112,
            48.4833212
          ],
          [
            34.9615946,
            48.4834079
          ],
          [
            34.9616992,
            48.4834549
          ],
          [
            34.961815,
            48.483466
          ],
          [
            34.9625771,
            48.4835267
          ]
        ]
      },
      "id": "way/135652248"
    },
    {
      "type": "Feature",
      "properties": {
        "@id": "way/135967738",
        "highway": "service",
        "name": "Байдаківська вулиця",
        "name:en": "Baidakivska Street",
        "name:ru": "Байдаковская улица",
        "name:uk": "Байдаківська вулиця",
        "old_name": "вулиця Братів Ковальчуків",
        "old_name:uk": "вулиця Братів Ковальчуків"
      },
      "geometry": {
        "type": "LineString",
        "coordinates": [
          [
            34.9605472,
            48.4818551
          ],
          [
            34.9605908,
            48.4817121
          ],
          [
            34.9604427,
            48.481599
          ],
          [
            34.9576648,
            48.4800603
          ],
          [
            34.9573721,
            48.4799126
          ]
        ]
      },
      "id": "way/135967738"
    },
    {
      "type": "Feature",
      "properties": {
        "@id": "way/136021577",
        "highway": "residential",
        "name": "вулиця Квітки-Основʼяненка",
        "name:ru": "Квитки-Основьяненко улица",
        "name:uk": "вулиця Квітки-Основʼяненка"
      },
      "geometry": {
        "type": "LineString",
        "coordinates": [
          [
            34.9652675,
            48.4884173
          ],
          [
            34.9644286,
            48.4887424
          ],
          [
            34.9643942,
            48.4887954
          ],
          [
            34.9624605,
            48.4895275
          ]
        ]
      },
      "id": "way/136021577"
    },
    {
      "type": "Feature",
      "properties": {
        "@id": "way/136021588",
        "highway": "residential",
        "name": "Мармуровий провулок",
        "name:ru": "Мраморный переулок",
        "name:uk": "Мармуровий провулок"
      },
      "geometry": {
        "type": "LineString",
        "coordinates": [
          [
            34.9636081,
            48.4846964
          ],
          [
            34.9638572,
            48.4846734
          ],
          [
            34.9661677,
            48.4849119
          ],
          [
            34.9662209,
            48.4849158
          ],
          [
            34.9662568,
            48.4848994
          ],
          [
            34.9662931,
            48.4848466
          ],
          [
            34.9663174,
            48.4846698
          ]
        ]
      },
      "id": "way/136021588"
    },
    {
      "type": "Feature",
      "properties": {
        "@id": "way/136024704",
        "highway": "service",
        "name": "вулиця Каховки",
        "name:ru": "Каховки улица",
        "name:uk": "вулиця Каховки"
      },
      "geometry": {
        "type": "LineString",
        "coordinates": [
          [
            34.9616358,
            48.4819657
          ],
          [
            34.9617807,
            48.4817545
          ],
          [
            34.962862,
            48.4806942
          ],
          [
            34.9628743,
            48.4805239
          ],
          [
            34.9632662,
            48.4797528
          ],
          [
            34.963301,
            48.4797166
          ]
        ]
      },
      "id": "way/136024704"
    },
    {
      "type": "Feature",
      "properties": {
        "@id": "way/136111009",
        "highway": "residential",
        "name": "Рельєфна вулиця",
        "name:ru": "Рельефная улица",
        "name:uk": "Рельєфна вулиця"
      },
      "geometry": {
        "type": "LineString",
        "coordinates": [
          [
            34.9598546,
            48.4643151
          ],
          [
            34.9598726,
            48.4643515
          ],
          [
            34.9598617,
            48.4644147
          ],
          [
            34.9597255,
            48.4650477
          ],
          [
            34.9596991,
            48.4651124
          ],
          [
            34.9596653,
            48.4651458
          ],
          [
            34.9595407,
            48.4651619
          ],
          [
            34.9593854,
            48.4651534
          ],
          [
            34.9582381,
            48.4649974
          ],
          [
            34.9572766,
            48.4649091
          ],
          [
            34.9568317,
            48.4648666
          ],
          [
            34.9564848,
            48.4648349
          ],
          [
            34.9557043,
            48.4647495
          ]
        ]
      },
      "id": "way/136111009"
    },
    {
      "type": "Feature",
      "properties": {
        "@id": "way/136111010",
        "highway": "service",
        "name": "Зовнішня вулиця",
        "name:ru": "Внешняя улица",
        "name:uk": "Зовнішня вулиця"
      },
      "geometry": {
        "type": "LineString",
        "coordinates": [
          [
            34.9600408,
            48.4662808
          ],
          [
            34.9599939,
            48.4662473
          ],
          [
            34.9598387,
            48.4662024
          ],
          [
            34.9596957,
            48.4661599
          ],
          [
            34.9595774,
            48.4661125
          ],
          [
            34.9591286,
            48.4660193
          ],
          [
            34.9588303,
            48.4659523
          ],
          [
            34.958757,
            48.4659352
          ],
          [
            34.9586133,
            48.4659016
          ],
          [
            34.9584604,
            48.4658672
          ],
          [
            34.958278,
            48.4658591
          ],
          [
            34.9580117,
            48.4658444
          ],
          [
            34.9576616,
            48.4658329
          ],
          [
            34.9573701,
            48.4658297
          ]
        ]
      },
      "id": "way/136111010"
    },
    {
      "type": "Feature",
      "properties": {
        "@id": "way/136111011",
        "highway": "service",
        "name": "Чигиринська вулиця",
        "name:ru": "Чигиринская улица",
        "name:uk": "Чигиринська вулиця"
      },
      "geometry": {
        "type": "LineString",
        "coordinates": [
          [
            34.9549637,
            48.463179
          ],
          [
            34.9548496,
            48.4631604
          ],
          [
            34.9547205,
            48.4631447
          ],
          [
            34.9530992,
            48.4630805
          ],
          [
            34.9525072,
            48.4630562
          ],
          [
            34.9522637,
            48.4630624
          ],
          [
            34.9521009,
            48.4630839
          ],
          [
            34.9520293,
            48.463156
          ],
          [
            34.9519772,
            48.4632691
          ],
          [
            34.9520704,
            48.4634799
          ],
          [
            34.9522395,
            48.4636717
          ],
          [
            34.9524299,
            48.4638684
          ],
          [
            34.9525296,
            48.4639372
          ],
          [
            34.9525335,
            48.4641307
          ],
          [
            34.9525431,
            48.4642342
          ]
        ]
      },
      "id": "way/136111011"
    },
    {
      "type": "Feature",
      "properties": {
        "@id": "way/136111013",
        "highway": "residential",
        "name": "вулиця Миколи Береславського",
        "name:uk": "вулиця Миколи Береславського",
        "old_name": "вулиця Машукова",
        "old_name:uk": "вулиця Машукова"
      },
      "geometry": {
        "type": "LineString",
        "coordinates": [
          [
            34.9595692,
            48.4666124
          ],
          [
            34.959604,
            48.4665333
          ],
          [
            34.9597642,
            48.4664251
          ],
          [
            34.9600408,
            48.4662808
          ],
          [
            34.9602115,
            48.4662211
          ],
          [
            34.9602905,
            48.4661751
          ],
          [
            34.9603473,
            48.4661174
          ],
          [
            34.9603985,
            48.4659699
          ],
          [
            34.9604003,
            48.4656939
          ],
          [
            34.9604404,
            48.4649884
          ],
          [
            34.9604541,
            48.4647087
          ],
          [
            34.9604649,
            48.4644471
          ],
          [
            34.9604531,
            48.4643742
          ],
          [
            34.9604021,
            48.4643148
          ],
          [
            34.9603202,
            48.4642645
          ],
          [
            34.9600631,
            48.464167
          ]
        ]
      },
      "id": "way/136111013"
    },
    {
      "type": "Feature",
      "properties": {
        "@id": "way/136111014",
        "highway": "service",
        "name": "Зовнішня вулиця",
        "name:ru": "Внешняя улица",
        "name:uk": "Зовнішня вулиця"
      },
      "geometry": {
        "type": "LineString",
        "coordinates": [
          [
            34.9557043,
            48.4647495
          ],
          [
            34.9557775,
            48.4648603
          ],
          [
            34.9557933,
            48.4649739
          ],
          [
            34.9557978,
            48.4651098
          ],
          [
            34.9558113,
            48.4652143
          ],
          [
            34.9558383,
            48.4652995
          ],
          [
            34.9559375,
            48.4653995
          ],
          [
            34.9560156,
            48.4654583
          ],
          [
            34.9561338,
            48.4655179
          ],
          [
            34.9562489,
            48.4655567
          ],
          [
            34.9563739,
            48.4656121
          ],
          [
            34.9565158,
            48.46567
          ],
          [
            34.9567681,
            48.4657533
          ],
          [
            34.9570038,
            48.4658166
          ],
          [
            34.9570877,
            48.4658412
          ],
          [
            34.9573701,
            48.4658297
          ]
        ]
      },
      "id": "way/136111014"
    },
    {
      "type": "Feature",
      "properties": {
        "@id": "way/136111020",
        "highway": "service",
        "name": "Черкаська вулиця",
        "name:ru": "Черкасская улица",
        "name:uk": "Черкаська вулиця"
      },
      "geometry": {
        "type": "LineString",
        "coordinates": [
          [
            34.955371,
            48.4625953
          ],
          [
            34.9554181,
            48.4628656
          ],
          [
            34.9553147,
            48.4634203
          ],
          [
            34.9552255,
            48.4637129
          ],
          [
            34.9551111,
            48.4639536
          ]
        ]
      },
      "id": "way/136111020"
    },
    {
      "type": "Feature",
      "properties": {
        "@id": "way/136111021",
        "highway": "service",
        "name": "Ажурна вулиця",
        "name:ru": "Ажурная улица",
        "name:uk": "Ажурна вулиця"
      },
      "geometry": {
        "type": "LineString",
        "coordinates": [
          [
            34.9525296,
            48.4639372
          ],
          [
            34.9527526,
            48.4638793
          ],
          [
            34.9529616,
            48.4638117
          ],
          [
            34.9532835,
            48.4637534
          ],
          [
            34.9539517,
            48.4637812
          ],
          [
            34.9545101,
            48.463844
          ],
          [
            34.9548594,
            48.4639107
          ],
          [
            34.9550042,
            48.4639309
          ],
          [
            34.9551111,
            48.4639536
          ]
        ]
      },
      "id": "way/136111021"
    },
    {
      "type": "Feature",
      "properties": {
        "@id": "way/136111024",
        "highway": "service",
        "name": "Черкаський провулок",
        "name:ru": "Черкасский переулок",
        "name:uk": "Черкаський провулок"
      },
      "geometry": {
        "type": "LineString",
        "coordinates": [
          [
            34.9552255,
            48.4637129
          ],
          [
            34.9560734,
            48.4637459
          ],
          [
            34.9561647,
            48.4637602
          ],
          [
            34.957071,
            48.4639017
          ],
          [
            34.9581717,
            48.4639996
          ]
        ]
      },
      "id": "way/136111024"
    },
    {
      "type": "Feature",
      "properties": {
        "@id": "way/136111028",
        "highway": "residential",
        "name": "Черкаський провулок",
        "name:ru": "Черкасский переулок",
        "name:uk": "Черкаський провулок"
      },
      "geometry": {
        "type": "LineString",
        "coordinates": [
          [
            34.9581735,
            48.4641038
          ],
          [
            34.9582383,
            48.4641571
          ],
          [
            34.9583862,
            48.4642219
          ],
          [
            34.9585445,
            48.4642722
          ],
          [
            34.9589414,
            48.4643086
          ],
          [
            34.9596835,
            48.4643442
          ],
          [
            34.9598546,
            48.4643151
          ]
        ]
      },
      "id": "way/136111028"
    },
    {
      "type": "Feature",
      "properties": {
        "@id": "way/136437327",
        "highway": "service",
        "name": "Зовнішня вулиця",
        "name:ru": "Внешняя улица",
        "name:uk": "Зовнішня вулиця"
      },
      "geometry": {
        "type": "LineString",
        "coordinates": [
          [
            34.9544598,
            48.4646211
          ],
          [
            34.9546719,
            48.4647973
          ],
          [
            34.9550747,
            48.4649772
          ],
          [
            34.9551553,
            48.465052
          ],
          [
            34.9550533,
            48.4652887
          ],
          [
            34.9550067,
            48.4654758
          ]
        ]
      },
      "id": "way/136437327"
    },
    {
      "type": "Feature",
      "properties": {
        "@id": "way/146602897",
        "bicycle": "yes",
        "highway": "trunk",
        "int_ref": "E 50",
        "maxspeed": "50",
        "name": "вулиця Кайдацький Шлях",
        "name:en": "Kaidatskyi Shliakh Street",
        "name:ru": "Кайдакский Шлях улица",
        "name:uk": "вулиця Кайдацький Шлях",
        "nat_ref": "М-30",
        "old_ref": "М-04",
        "oneway": "yes",
        "ref": "М-30",
        "smoothness": "excellent",
        "source:maxspeed": "UA:urban"
      },
      "geometry": {
        "type": "LineString",
        "coordinates": [
          [
            34.9604007,
            48.4900143
          ],
          [
            34.9603924,
            48.4898936
          ],
          [
            34.9603949,
            48.4897729
          ],
          [
            34.9604068,
            48.489656
          ],
          [
            34.9604362,
            48.4894244
          ],
          [
            34.9605399,
            48.4889709
          ],
          [
            34.960607,
            48.4888002
          ],
          [
            34.9607733,
            48.4884829
          ],
          [
            34.9611756,
            48.4879354
          ],
          [
            34.9616182,
            48.4874474
          ],
          [
            34.9621452,
            48.4868572
          ]
        ]
      },
      "id": "way/146602897"
    },
    {
      "type": "Feature",
      "properties": {
        "@id": "way/146602898",
        "highway": "secondary",
        "lanes": "4",
        "lit": "yes",
        "maxspeed": "50",
        "name": "вулиця Набережна Заводська",
        "name:ru": "Набережная Заводская улица",
        "name:uk": "вулиця Набережна Заводська",
        "oneway": "yes",
        "smoothness": "excellent",
        "source:maxspeed": "UA:urban",
        "surface": "asphalt"
      },
      "geometry": {
        "type": "LineString",
        "coordinates": [
          [
            34.934944,
            48.4879986
          ],
          [
            34.9366203,
            48.4881275
          ],
          [
            34.9373513,
            48.4881852
          ],
          [
            34.9377177,
            48.4882343
          ],
          [
            34.9378219,
            48.4882503
          ],
          [
            34.938675,
            48.4883892
          ],
          [
            34.9389492,
            48.4884315
          ],
          [
            34.9394635,
            48.4885109
          ]
        ]
      },
      "id": "way/146602898"
    },
    {
      "type": "Feature",
      "properties": {
        "@id": "way/146602899",
        "highway": "secondary",
        "incline": "up",
        "lanes": "4",
        "lanes:backward": "2",
        "lanes:forward": "2",
        "lit": "yes",
        "maxspeed": "50",
        "name": "вулиця Панаса Мирного",
        "name:en": "Panasa Myrnoho Street",
        "name:ru": "Панаса Мирного улица",
        "name:uk": "вулиця Панаса Мирного",
        "sidewalk": "separate",
        "smoothness": "good",
        "source:maxspeed": "UA:urban",
        "surface": "asphalt"
      },
      "geometry": {
        "type": "LineString",
        "coordinates": [
          [
            34.9403242,
            48.488211
          ],
          [
            34.9404214,
            48.4881213
          ],
          [
            34.9412137,
            48.4874962
          ],
          [
            34.9429257,
            48.4861322
          ],
          [
            34.942963,
            48.4861016
          ],
          [
            34.944,
            48.485254
          ],
          [
            34.9446196,
            48.4847322
          ],
          [
            34.9447397,
            48.4846276
          ],
          [
            34.9448608,
            48.4844868
          ],
          [
            34.9449602,
            48.4843308
          ],
          [
            34.9450349,
            48.4841777
          ],
          [
            34.945058,
            48.4840722
          ],
          [
            34.9450713,
            48.4837846
          ],
          [
            34.9450581,
            48.483163
          ],
          [
            34.9450382,
            48.4827347
          ],
          [
            34.9450269,
            48.4825158
          ],
          [
            34.9449974,
            48.4821931
          ],
          [
            34.9449584,
            48.481938
          ],
          [
            34.9448654,
            48.4815565
          ],
          [
            34.9447494,
            48.4811953
          ],
          [
            34.9446831,
            48.4810052
          ],
          [
            34.9446047,
            48.4807821
          ],
          [
            34.944497,
            48.4804965
          ],
          [
            34.9444941,
            48.4804386
          ],
          [
            34.944514,
            48.4802656
          ]
        ]
      },
      "id": "way/146602899"
    },
    {
      "type": "Feature",
      "properties": {
        "@id": "way/146614772",
        "highway": "tertiary",
        "lanes": "2",
        "maxspeed": "50",
        "name": "Воздвиженський узвіз",
        "name:de": "Wosdwyschensskyj-Steig",
        "name:en": "Vozdvyzhenskyi Descent",
        "name:fr": "Descente Vozdvyjenskyï",
        "name:ru": "Воздвиженский спуск",
        "name:uk": "Воздвиженський узвіз",
        "old_name": "вулиця Ватутіна",
        "old_name:en": "Vatutina Street",
        "old_name:pl": "ulica Watutina",
        "old_name:uk": "вулиця Ватутіна",
        "smoothness": "good",
        "source:maxspeed": "UA:urban",
        "surface": "asphalt"
      },
      "geometry": {
        "type": "LineString",
        "coordinates": [
          [
            34.9129342,
            48.476205
          ],
          [
            34.9129427,
            48.4760827
          ],
          [
            34.9129802,
            48.4759745
          ],
          [
            34.9130381,
            48.4758101
          ],
          [
            34.913081,
            48.4757085
          ],
          [
            34.913123,
            48.475609
          ],
          [
            34.913216,
            48.4754089
          ],
          [
            34.9132559,
            48.4753181
          ],
          [
            34.9133073,
            48.4751515
          ],
          [
            34.9133016,
            48.4747925
          ],
          [
            34.9132894,
            48.4744512
          ],
          [
            34.9132812,
            48.4742528
          ],
          [
            34.9132983,
            48.4740657
          ],
          [
            34.9133669,
            48.473904
          ],
          [
            34.9134631,
            48.4737504
          ],
          [
            34.913521,
            48.473679
          ],
          [
            34.9136344,
            48.4735736
          ],
          [
            34.9137674,
            48.4734735
          ],
          [
            34.9140496,
            48.4732799
          ],
          [
            34.9143326,
            48.4730739
          ],
          [
            34.9145675,
            48.4728917
          ],
          [
            34.9148098,
            48.4726775
          ],
          [
            34.9150162,
            48.4724142
          ],
          [
            34.9151736,
            48.4721811
          ],
          [
            34.9153384,
            48.471948
          ],
          [
            34.9154583,
            48.4717669
          ],
          [
            34.9155342,
            48.4716576
          ],
          [
            34.9156519,
            48.4714879
          ],
          [
            34.915841,
            48.4712152
          ],
          [
            34.9159644,
            48.4710373
          ],
          [
            34.9162325,
            48.4706484
          ],
          [
            34.9165414,
            48.4702197
          ],
          [
            34.9167296,
            48.4699585
          ],
          [
            34.9168337,
            48.4698171
          ],
          [
            34.9170355,
            48.4695597
          ],
          [
            34.917257,
            48.469288
          ],
          [
            34.9173795,
            48.4691554
          ],
          [
            34.9180307,
            48.4685242
          ],
          [
            34.9184253,
            48.4681507
          ],
          [
            34.9188165,
            48.4677673
          ],
          [
            34.9189121,
            48.4677054
          ],
          [
            34.9190113,
            48.4676714
          ]
        ]
      },
      "id": "way/146614772"
    },
    {
      "type": "Feature",
      "properties": {
        "@id": "way/146614774",
        "bicycle": "yes",
        "highway": "trunk",
        "int_ref": "E 50",
        "maxspeed": "50",
        "name": "вулиця Кайдацький Шлях",
        "name:en": "Kaidatskyi Shliakh Street",
        "name:ru": "Кайдакский Шлях улица",
        "name:uk": "вулиця Кайдацький Шлях",
        "nat_ref": "М-30",
        "old_ref": "М-04",
        "oneway": "yes",
        "ref": "М-30",
        "source:maxspeed": "UA:urban",
        "surface": "asphalt"
      },
      "geometry": {
        "type": "LineString",
        "coordinates": [
          [
            34.9615527,
            48.4922216
          ],
          [
            34.9614239,
            48.4920257
          ],
          [
            34.9612755,
            48.4918336
          ]
        ]
      },
      "id": "way/146614774"
    },
    {
      "type": "Feature",
      "properties": {
        "@id": "way/146614775",
        "highway": "tertiary",
        "name": "Деревлянська вулиця",
        "name:en": "Derevlianska Street",
        "name:ru": "Деревлянская улица",
        "name:uk": "Деревлянська вулиця",
        "old_name": "Кірінаківська вулиця",
        "old_name:en": "Kirinakivska Street",
        "old_name:uk": "Кірінаківська вулиця"
      },
      "geometry": {
        "type": "LineString",
        "coordinates": [
          [
            34.9562829,
            48.4815846
          ],
          [
            34.9562943,
            48.4815417
          ],
          [
            34.9563013,
            48.4815154
          ],
          [
            34.9563137,
            48.4814623
          ]
        ]
      },
      "id": "way/146614775"
    },
    {
      "type": "Feature",
      "properties": {
        "@id": "way/146614776",
        "highway": "secondary",
        "lanes": "2",
        "lit": "yes",
        "maxspeed": "50",
        "name": "вулиця Юрія Кондратюка",
        "name:en": "Yuriia Kondratiuka Street",
        "name:uk": "вулиця Юрія Кондратюка",
        "old_name": "Комунарівська вулиця",
        "old_name:en": "Komunarivska Street",
        "old_name:uk": "Комунарівська вулиця",
        "oneway": "yes",
        "smoothness": "excellent",
        "source:maxspeed": "UA:urban",
        "surface": "asphalt"
      },
      "geometry": {
        "type": "LineString",
        "coordinates": [
          [
            34.928334,
            48.47963
          ],
          [
            34.9282309,
            48.4796585
          ],
          [
            34.9281434,
            48.4796906
          ],
          [
            34.9281031,
            48.4797152
          ],
          [
            34.9280342,
            48.479777
          ],
          [
            34.9279887,
            48.4798262
          ],
          [
            34.9279176,
            48.4799028
          ],
          [
            34.9278604,
            48.4799667
          ],
          [
            34.9277811,
            48.4800602
          ],
          [
            34.9274698,
            48.4804272
          ],
          [
            34.9274469,
            48.480452
          ],
          [
            34.9272307,
            48.4806866
          ],
          [
            34.9267886,
            48.4811845
          ],
          [
            34.9266233,
            48.481373
          ],
          [
            34.9261513,
            48.4819008
          ],
          [
            34.9259035,
            48.482196
          ],
          [
            34.9256459,
            48.4824942
          ],
          [
            34.9255343,
            48.4826235
          ],
          [
            34.9253436,
            48.4828257
          ],
          [
            34.9252677,
            48.4829063
          ],
          [
            34.9250445,
            48.4831497
          ],
          [
            34.9248469,
            48.483396
          ],
          [
            34.924606,
            48.4836918
          ],
          [
            34.9243584,
            48.4840152
          ],
          [
            34.9242787,
            48.4841129
          ],
          [
            34.9239075,
            48.4845585
          ],
          [
            34.9238572,
            48.4846238
          ],
          [
            34.9236081,
            48.4849479
          ],
          [
            34.923503,
            48.4851608
          ],
          [
            34.9234109,
            48.4853635
          ],
          [
            34.9233706,
            48.4854395
          ],
          [
            34.9232585,
            48.4856655
          ],
          [
            34.9232457,
            48.4856901
          ],
          [
            34.9232169,
            48.4857491
          ]
        ]
      },
      "id": "way/146614776"
    },
    {
      "type": "Feature",
      "properties": {
        "@id": "way/146614779",
        "highway": "trunk",
        "int_ref": "E 50",
        "lanes": "2",
        "maxspeed": "50",
        "motor_vehicle": "yes",
        "name": "вулиця Західний Шлях",
        "name:en": "Zakhidnyi Shliakh Street",
        "name:uk": "вулиця Західний Шлях",
        "nat_ref": "М-30name=вулиця Західний Шлях",
        "old_name": "вулиця Маяковського",
        "old_name:en": "Maiakovskoho Street",
        "old_name:pl": "ulica Majakowskiego",
        "old_name:uk": "вулиця Маяковського",
        "old_ref": "М-04",
        "ref": "М-30",
        "smoothness": "intermediate",
        "source:maxspeed": "UA:urban",
        "surface": "asphalt"
      },
      "geometry": {
        "type": "LineString",
        "coordinates": [
          [
            34.9691492,
            48.4762746
          ],
          [
            34.9681613,
            48.4762946
          ],
          [
            34.9676937,
            48.4762872
          ],
          [
            34.967399,
            48.4762814
          ],
          [
            34.9670682,
            48.4762748
          ],
          [
            34.9664058,
            48.4762622
          ],
          [
            34.9658755,
            48.4762475
          ],
          [
            34.9657082,
            48.4762275
          ],
          [
            34.965194,
            48.4761553
          ],
          [
            34.9650084,
            48.476144
          ],
          [
            34.9643984,
            48.4761239
          ],
          [
            34.9638875,
            48.4761108
          ],
          [
            34.9636837,
            48.476127
          ],
          [
            34.9633533,
            48.4761673
          ],
          [
            34.9630334,
            48.4761901
          ],
          [
            34.9626046,
            48.476175
          ],
          [
            34.9620742,
            48.4761348
          ],
          [
            34.9605059,
            48.4759809
          ],
          [
            34.9600836,
            48.475937
          ],
          [
            34.9599449,
            48.4759239
          ],
          [
            34.9592341,
            48.4758369
          ],
          [
            34.9585768,
            48.4757444
          ],
          [
            34.9579079,
            48.4756661
          ]
        ]
      },
      "id": "way/146614779"
    },
    {
      "type": "Feature",
      "properties": {
        "@id": "way/146614780",
        "highway": "secondary",
        "incline": "up",
        "lanes": "4",
        "lit": "yes",
        "maxspeed": "50",
        "name": "проспект Свободи",
        "name:en": "Svobody Avenue",
        "name:pl": "prospekt Wolności",
        "name:uk": "проспект Свободи",
        "smoothness": "excellent",
        "surface": "asphalt"
      },
      "geometry": {
        "type": "LineString",
        "coordinates": [
          [
            34.9302038,
            48.479725
          ],
          [
            34.9303693,
            48.4797357
          ],
          [
            34.9304585,
            48.4797415
          ],
          [
            34.9309353,
            48.4797847
          ],
          [
            34.9316411,
            48.4798538
          ],
          [
            34.9322876,
            48.479879
          ],
          [
            34.9328425,
            48.4798708
          ],
          [
            34.9329342,
            48.4798693
          ],
          [
            34.9330694,
            48.4798672
          ],
          [
            34.9332175,
            48.4798648
          ],
          [
            34.9332836,
            48.4798638
          ],
          [
            34.9333564,
            48.4798626
          ],
          [
            34.9343681,
            48.4798693
          ],
          [
            34.9344164,
            48.4798696
          ],
          [
            34.9354718,
            48.4799079
          ],
          [
            34.9364358,
            48.4799503
          ],
          [
            34.9369069,
            48.4799669
          ],
          [
            34.9371298,
            48.4799705
          ],
          [
            34.937467,
            48.4799808
          ],
          [
            34.9377512,
            48.4799895
          ],
          [
            34.9380713,
            48.4799983
          ],
          [
            34.938338,
            48.4800053
          ],
          [
            34.9390568,
            48.4800035
          ],
          [
            34.9395536,
            48.4800022
          ],
          [
            34.9401623,
            48.480001
          ],
          [
            34.9407728,
            48.4799998
          ],
          [
            34.9410789,
            48.4800022
          ],
          [
            34.9419496,
            48.4800068
          ],
          [
            34.9424466,
            48.4800187
          ],
          [
            34.9425371,
            48.4800244
          ]
        ]
      },
      "id": "way/146614780"
    },
    {
      "type": "Feature",
      "properties": {
        "@id": "way/150059109",
        "highway": "residential",
        "name": "Новокодацька вулиця",
        "name:ru": "Новокодакская улица",
        "name:uk": "Новокодацька вулиця"
      },
      "geometry": {
        "type": "LineString",
        "coordinates": [
          [
            34.9376389,
            48.481372
          ],
          [
            34.9371622,
            48.4809473
          ],
          [
            34.9369729,
            48.4807271
          ],
          [
            34.9369419,
            48.4805766
          ],
          [
            34.9369367,
            48.4804579
          ],
          [
            34.9369367,
            48.4803769
          ],
          [
            34.9369117,
            48.4801619
          ],
          [
            34.9368977,
            48.4800416
          ],
          [
            34.9369069,
            48.4799669
          ]
        ]
      },
      "id": "way/150059109"
    },
    {
      "type": "Feature",
      "properties": {
        "@id": "way/150067983",
        "highway": "service",
        "name": "Рубіновий бульвар",
        "name:ru": "Рубиновый бульвар",
        "name:uk": "Рубіновий бульвар",
        "surface": "asphalt"
      },
      "geometry": {
        "type": "LineString",
        "coordinates": [
          [
            34.9274698,
            48.4804272
          ],
          [
            34.9275114,
            48.4804439
          ],
          [
            34.9275363,
            48.4804532
          ],
          [
            34.9277909,
            48.4805459
          ],
          [
            34.9279421,
            48.4806054
          ],
          [
            34.928246,
            48.4807173
          ],
          [
            34.9283327,
            48.480815
          ],
          [
            34.9287737,
            48.4810415
          ],
          [
            34.9292134,
            48.4815245
          ],
          [
            34.9296548,
            48.4820482
          ],
          [
            34.9295574,
            48.4822779
          ],
          [
            34.9293691,
            48.4823165
          ],
          [
            34.9292033,
            48.4826346
          ]
        ]
      },
      "id": "way/150067983"
    },
    {
      "type": "Feature",
      "properties": {
        "@id": "way/150106482",
        "highway": "residential",
        "name": "Покровський житловий масив",
        "surface": "asphalt"
      },
      "geometry": {
        "type": "LineString",
        "coordinates": [
          [
            34.9203485,
            48.484231
          ],
          [
            34.9203659,
            48.4841553
          ],
          [
            34.9204196,
            48.4839603
          ],
          [
            34.9205465,
            48.4835741
          ],
          [
            34.9207378,
            48.4830216
          ],
          [
            34.9201672,
            48.4823744
          ],
          [
            34.9198539,
            48.4823231
          ],
          [
            34.918995,
            48.482188
          ],
          [
            34.9189502,
            48.482226
          ],
          [
            34.9188523,
            48.4822717
          ],
          [
            34.9187509,
            48.4822567
          ]
        ]
      },
      "id": "way/150106482"
    },
    {
      "type": "Feature",
      "properties": {
        "@id": "way/150180184",
        "highway": "residential",
        "name": "вулиця Олени Теліги",
        "name:en": "Oleny Telihy Street",
        "name:ru": "Елены Телиги улица",
        "name:uk": "вулиця Олени Теліги",
        "old_name": "вулиця Фурманова",
        "old_name:en": "Furmanova Street",
        "old_name:uk": "вулиця Фурманова"
      },
      "geometry": {
        "type": "LineString",
        "coordinates": [
          [
            34.9008255,
            48.4645162
          ],
          [
            34.9008365,
            48.4644558
          ],
          [
            34.9011155,
            48.4639341
          ]
        ]
      },
      "id": "way/150180184"
    },
    {
      "type": "Feature",
      "properties": {
        "@id": "way/150321373",
        "highway": "residential",
        "name": "Фронтовий провулок",
        "name:en": "Frontovyi Lane",
        "name:ru": "Фронтовой переулок",
        "name:uk": "Фронтовий провулок"
      },
      "geometry": {
        "type": "LineString",
        "coordinates": [
          [
            34.9219397,
            48.4675173
          ],
          [
            34.9223503,
            48.4676685
          ],
          [
            34.9226315,
            48.4677822
          ],
          [
            34.9227766,
            48.4678293
          ],
          [
            34.9229328,
            48.4678658
          ],
          [
            34.9232316,
            48.4678996
          ]
        ]
      },
      "id": "way/150321373"
    },
    {
      "type": "Feature",
      "properties": {
        "@id": "way/150322016",
        "highway": "service",
        "name": "Воздвиженський узвіз",
        "name:en": "Vozdvyzhenskyi Descent",
        "name:ru": "Воздвиженский спуск",
        "name:uk": "Воздвиженський узвіз",
        "old_name": "вулиця Ватутіна",
        "old_name:en": "Vatutina Street",
        "old_name:pl": "ulica Watutina",
        "old_name:uk": "вулиця Ватутіна"
      },
      "geometry": {
        "type": "LineString",
        "coordinates": [
          [
            34.9154796,
            48.4737734
          ],
          [
            34.9156277,
            48.4734297
          ],
          [
            34.9157425,
            48.4730235
          ]
        ]
      },
      "id": "way/150322016"
    },
    {
      "type": "Feature",
      "properties": {
        "@id": "way/150949007",
        "highway": "residential",
        "name": "вулиця Кармалюка",
        "name:en": "Karmaliuka Street",
        "name:ru": "Кармелюка улица",
        "name:uk": "вулиця Кармалюка"
      },
      "geometry": {
        "type": "LineString",
        "coordinates": [
          [
            34.9256809,
            48.4725575
          ],
          [
            34.9257492,
            48.4725135
          ],
          [
            34.9257707,
            48.4724793
          ],
          [
            34.9257833,
            48.4724431
          ],
          [
            34.9257868,
            48.47241
          ],
          [
            34.9257828,
            48.4723768
          ]
        ]
      },
      "id": "way/150949007"
    },
    {
      "type": "Feature",
      "properties": {
        "@id": "way/150949008",
        "highway": "residential",
        "name": "вулиця Кармалюка",
        "name:en": "Karmaliuka Street",
        "name:ru": "Кармелюка улица",
        "name:uk": "вулиця Кармалюка"
      },
      "geometry": {
        "type": "LineString",
        "coordinates": [
          [
            34.9212135,
            48.4744632
          ],
          [
            34.9204465,
            48.4744239
          ],
          [
            34.9201139,
            48.4743535
          ]
        ]
      },
      "id": "way/150949008"
    },
    {
      "type": "Feature",
      "properties": {
        "@id": "way/150954688",
        "highway": "service",
        "name": "Червонокалиновий провулок",
        "name:en": "Chervonokalynovyi Lane",
        "name:ru": "Краснокалиновый переулок",
        "name:uk": "Червонокалиновий провулок",
        "old_name": "Червоноармійський провулок",
        "old_name:en": "Chervonoarmiiskyi Lane",
        "old_name:uk": "Червоноармійський провулок"
      },
      "geometry": {
        "type": "LineString",
        "coordinates": [
          [
            34.9201931,
            48.4761314
          ],
          [
            34.920097,
            48.4762083
          ],
          [
            34.919872,
            48.4762876
          ],
          [
            34.9199039,
            48.4764106
          ],
          [
            34.9199219,
            48.476478
          ],
          [
            34.9199854,
            48.4766068
          ],
          [
            34.9200198,
            48.4767414
          ],
          [
            34.920075,
            48.4771229
          ],
          [
            34.9200578,
            48.4773572
          ],
          [
            34.9200264,
            48.4774268
          ],
          [
            34.9200053,
            48.4774659
          ]
        ]
      },
      "id": "way/150954688"
    },
    {
      "type": "Feature",
      "properties": {
        "@id": "way/150954908",
        "highway": "service",
        "name": "вулиця Торговиця",
        "name:en": "Torhovytsia Street",
        "name:uk": "вулиця Торговиця",
        "old_name": "Арзамаська вулиця",
        "old_name:en": "Arzamaska Street",
        "old_name:uk": "Арзамаська вулиця",
        "surface": "ground"
      },
      "geometry": {
        "type": "LineString",
        "coordinates": [
          [
            34.9163197,
            48.476847
          ],
          [
            34.9163104,
            48.4768721
          ],
          [
            34.9162868,
            48.4769193
          ],
          [
            34.9160573,
            48.4773786
          ],
          [
            34.9160472,
            48.4773982
          ]
        ]
      },
      "id": "way/150954908"
    },
    {
      "type": "Feature",
      "properties": {
        "@id": "way/151072764",
        "highway": "service",
        "name": "Новокодацька площа",
        "name:en": "Novokodatska Square",
        "name:ru": "Новокодакская площадь",
        "name:uk": "Новокодацька площа",
        "old_name": "площа Дзержинського",
        "old_name:uk": "площа Дзержинського",
        "smoothness": "bad",
        "surface": "asphalt"
      },
      "geometry": {
        "type": "LineString",
        "coordinates": [
          [
            34.943856,
            48.4802055
          ],
          [
            34.9436312,
            48.4802583
          ],
          [
            34.9435882,
            48.4802863
          ],
          [
            34.9435201,
            48.4803307
          ],
          [
            34.9434938,
            48.480383
          ],
          [
            34.9434792,
            48.480412
          ],
          [
            34.9434822,
            48.4805801
          ]
        ]
      },
      "id": "way/151072764"
    },
    {
      "type": "Feature",
      "properties": {
        "@id": "way/151077766",
        "highway": "residential",
        "name": "Чорноморський тупик",
        "name:ru": "Черноморский тупик",
        "name:uk": "Чорноморський тупик"
      },
      "geometry": {
        "type": "LineString",
        "coordinates": [
          [
            34.9364358,
            48.4799503
          ],
          [
            34.9364405,
            48.4798774
          ],
          [
            34.9364443,
            48.4798609
          ],
          [
            34.9365127,
            48.4795637
          ],
          [
            34.9364411,
            48.4792361
          ],
          [
            34.9363937,
            48.4791053
          ]
        ]
      },
      "id": "way/151077766"
    },
    {
      "type": "Feature",
      "properties": {
        "@id": "way/151077770",
        "highway": "residential",
        "name": "вулиця Старої Межі",
        "name:en": "Staroi Mezhi Street",
        "name:uk": "вулиця Старої Межі",
        "old_name": "вулиця Чукотська",
        "old_name:en": "Chukotska Street",
        "old_name:uk": "вулиця Чукотська"
      },
      "geometry": {
        "type": "LineString",
        "coordinates": [
          [
            34.9378353,
            48.4783289
          ],
          [
            34.9378259,
            48.4784852
          ],
          [
            34.9378257,
            48.4785713
          ],
          [
            34.9378385,
            48.478802
          ],
          [
            34.9378322,
            48.4790639
          ],
          [
            34.937828,
            48.4793369
          ],
          [
            34.9378353,
            48.4794802
          ],
          [
            34.9379174,
            48.4798066
          ],
          [
            34.9379941,
            48.4798757
          ],
          [
            34.9380541,
            48.4799297
          ],
          [
            34.9380713,
            48.4799983
          ]
        ]
      },
      "id": "way/151077770"
    },
    {
      "type": "Feature",
      "properties": {
        "@id": "way/151093263",
        "highway": "residential",
        "name": "вулиця Романа Мстиславовича",
        "name:en": "Romana Mstyslavovycha Street",
        "name:ru": "Романа Мстиславича улица",
        "name:uk": "вулиця Романа Мстиславовича",
        "old_name": "вулиця Блюхера",
        "old_name:en": "Bliukhera Street",
        "old_name:uk": "вулиця Блюхера"
      },
      "geometry": {
        "type": "LineString",
        "coordinates": [
          [
            34.9340384,
            48.4785496
          ],
          [
            34.9339085,
            48.4784426
          ],
          [
            34.9336071,
            48.4783068
          ],
          [
            34.9333362,
            48.4781659
          ],
          [
            34.9330793,
            48.4780479
          ],
          [
            34.9328312,
            48.4779248
          ],
          [
            34.9326684,
            48.4778456
          ],
          [
            34.9325273,
            48.4778565
          ],
          [
            34.9323045,
            48.4776518
          ]
        ]
      },
      "id": "way/151093263"
    },
    {
      "type": "Feature",
      "properties": {
        "@id": "way/151093704",
        "highway": "residential",
        "name": "Кобзарська вулиця",
        "name:en": "Kobzarska Street",
        "name:ru": "Кобзарская улица",
        "name:uk": "Кобзарська вулиця",
        "old_name": "вулиця Червоних Бійців",
        "old_name:uk": "вулиця Червоних Бійців"
      },
      "geometry": {
        "type": "LineString",
        "coordinates": [
          [
            34.9407728,
            48.4799998
          ],
          [
            34.9407825,
            48.4799275
          ],
          [
            34.9407788,
            48.4798842
          ],
          [
            34.9407593,
            48.4796594
          ],
          [
            34.9407432,
            48.4794478
          ],
          [
            34.9407236,
            48.4791906
          ],
          [
            34.9407196,
            48.479157
          ],
          [
            34.9407046,
            48.4790324
          ],
          [
            34.9403354,
            48.4790584
          ],
          [
            34.9398052,
            48.4791282
          ],
          [
            34.9396128,
            48.4791536
          ],
          [
            34.9395719,
            48.479159
          ],
          [
            34.9388263,
            48.479235
          ],
          [
            34.9384909,
            48.4792681
          ],
          [
            34.9380473,
            48.4793022
          ],
          [
            34.937828,
            48.4793369
          ]
        ]
      },
      "id": "way/151093704"
    },
    {
      "type": "Feature",
      "properties": {
        "@id": "way/151125815",
        "highway": "residential",
        "name": "вулиця Миколи Вінграновського",
        "name:uk": "вулиця Миколи Вінграновського",
        "old_name": "Першотравнева вулиця",
        "old_name:en": "Pershotravneva Street",
        "old_name:ru": "Первомайская улица",
        "old_name:uk": "Першотравнева вулиця"
      },
      "geometry": {
        "type": "LineString",
        "coordinates": [
          [
            34.9093682,
            48.4606851
          ],
          [
            34.9095646,
            48.460726
          ],
          [
            34.9101111,
            48.4607871
          ],
          [
            34.9111461,
            48.4608418
          ],
          [
            34.9119111,
            48.4608949
          ],
          [
            34.9126651,
            48.4609794
          ],
          [
            34.9136094,
            48.4611146
          ],
          [
            34.9141705,
            48.4612057
          ],
          [
            34.915061,
            48.4614202
          ],
          [
            34.9153109,
            48.4614571
          ]
        ]
      },
      "id": "way/151125815"
    },
    {
      "type": "Feature",
      "properties": {
        "@id": "way/154703078",
        "foot": "yes",
        "goods": "delivery",
        "highway": "pedestrian",
        "name": "Штурманський провулок",
        "name:pl": "zaułek Szturmański",
        "name:ru": "Штурманский переулок",
        "name:uk": "Штурманський провулок",
        "surface": "asphalt",
        "vehicle": "no"
      },
      "geometry": {
        "type": "LineString",
        "coordinates": [
          [
            34.9065074,
            48.479737
          ],
          [
            34.9064641,
            48.479727
          ]
        ]
      },
      "id": "way/154703078"
    },
    {
      "type": "Feature",
      "properties": {
        "@id": "way/164359757",
        "highway": "service",
        "name": "Рубіновий бульвар",
        "name:ru": "Рубиновый бульвар",
        "name:uk": "Рубіновий бульвар",
        "surface": "compacted"
      },
      "geometry": {
        "type": "LineString",
        "coordinates": [
          [
            34.928246,
            48.4807173
          ],
          [
            34.9283066,
            48.4806981
          ],
          [
            34.9283966,
            48.4806797
          ],
          [
            34.9285209,
            48.4806712
          ],
          [
            34.928694,
            48.4806712
          ],
          [
            34.9291352,
            48.4806733
          ],
          [
            34.9293029,
            48.4808515
          ],
          [
            34.9294207,
            48.4809978
          ],
          [
            34.9295621,
            48.4811583
          ],
          [
            34.9296693,
            48.4812407
          ],
          [
            34.9297978,
            48.4813117
          ],
          [
            34.9298754,
            48.481362
          ],
          [
            34.9300656,
            48.4813372
          ],
          [
            34.9302242,
            48.4812975
          ],
          [
            34.9303463,
            48.4812747
          ],
          [
            34.9304703,
            48.4812723
          ],
          [
            34.9306141,
            48.4812889
          ],
          [
            34.930717,
            48.4813401
          ],
          [
            34.9309569,
            48.4813472
          ],
          [
            34.9309757,
            48.4813472
          ],
          [
            34.9312247,
            48.4813472
          ],
          [
            34.9316489,
            48.4813571
          ],
          [
            34.9318975,
            48.4813628
          ],
          [
            34.9320704,
            48.4813697
          ],
          [
            34.9321846,
            48.4813742
          ],
          [
            34.9324053,
            48.4813855
          ],
          [
            34.932494,
            48.4813932
          ],
          [
            34.9326024,
            48.4814026
          ],
          [
            34.9327566,
            48.4814665
          ],
          [
            34.9329095,
            48.4815369
          ]
        ]
      },
      "id": "way/164359757"
    },
    {
      "type": "Feature",
      "properties": {
        "@id": "way/164359773",
        "highway": "service",
        "name": "Рубіновий бульвар",
        "name:ru": "Рубиновый бульвар",
        "name:uk": "Рубіновий бульвар"
      },
      "geometry": {
        "type": "LineString",
        "coordinates": [
          [
            34.9300656,
            48.4813372
          ],
          [
            34.9301055,
            48.4813932
          ],
          [
            34.9305693,
            48.481926
          ],
          [
            34.9309341,
            48.4823473
          ],
          [
            34.9309954,
            48.4824233
          ],
          [
            34.9312543,
            48.4827309
          ],
          [
            34.9313226,
            48.4828082
          ],
          [
            34.9313924,
            48.4828766
          ]
        ]
      },
      "id": "way/164359773"
    },
    {
      "type": "Feature",
      "properties": {
        "@id": "way/164951593",
        "highway": "tertiary",
        "maxspeed": "50",
        "name": "проспект Свободи",
        "name:en": "Svobody Avenue",
        "name:pl": "prospekt Wolności",
        "name:ru": "Свободы проспект",
        "name:uk": "проспект Свободи",
        "oneway": "yes",
        "source:maxspeed": "UA:urban",
        "surface": "asphalt"
      },
      "geometry": {
        "type": "LineString",
        "coordinates": [
          [
            34.9641043,
            48.4823766
          ],
          [
            34.9639666,
            48.4823572
          ],
          [
            34.963503,
            48.4822941
          ]
        ]
      },
      "id": "way/164951593"
    },
    {
      "type": "Feature",
      "properties": {
        "@id": "way/173518508",
        "bicycle": "yes",
        "bridge": "yes",
        "foot": "yes",
        "highway": "trunk",
        "int_ref": "E 50",
        "lanes": "3",
        "layer": "1",
        "name": "Кайдацький міст",
        "name:fr": "Pont Kaidatsky",
        "name:ru": "Кайдакский мост",
        "name:uk": "Кайдацький міст",
        "nat_ref": "М-30",
        "old_ref": "М-04",
        "oneway": "yes",
        "ref": "М-30",
        "smoothness": "excellent",
        "surface": "asphalt"
      },
      "geometry": {
        "type": "LineString",
        "coordinates": [
          [
            34.9741976,
            48.504911
          ],
          [
            34.9731096,
            48.5042573
          ],
          [
            34.9724416,
            48.5038517
          ],
          [
            34.9694695,
            48.5020584
          ],
          [
            34.9684181,
            48.5014164
          ],
          [
            34.9681095,
            48.5012141
          ],
          [
            34.9678158,
            48.5010018
          ],
          [
            34.9676021,
            48.5008364
          ],
          [
            34.9673884,
            48.500656
          ],
          [
            34.9672297,
            48.5005104
          ],
          [
            34.9670784,
            48.500361
          ],
          [
            34.9668387,
            48.5000938
          ],
          [
            34.9666284,
            48.4998407
          ],
          [
            34.9663934,
            48.4995256
          ],
          [
            34.9658467,
            48.4987003
          ],
          [
            34.9642669,
            48.4963203
          ],
          [
            34.9634001,
            48.4950013
          ],
          [
            34.9630786,
            48.49452
          ],
          [
            34.9624629,
            48.4935853
          ],
          [
            34.9618202,
            48.4926178
          ],
          [
            34.9615527,
            48.4922216
          ]
        ]
      },
      "id": "way/173518508"
    },
    {
      "type": "Feature",
      "properties": {
        "@id": "way/179137628",
        "highway": "service",
        "name": "Орбітальна вулиця",
        "name:en": "Orbitalna Street",
        "name:ru": "Орбитальная улица",
        "name:uk": "Орбітальна вулиця"
      },
      "geometry": {
        "type": "LineString",
        "coordinates": [
          [
            34.9429488,
            48.4800418
          ],
          [
            34.9429515,
            48.4800002
          ],
          [
            34.9429574,
            48.4799094
          ],
          [
            34.9429604,
            48.479691
          ],
          [
            34.9429687,
            48.4790875
          ],
          [
            34.9429362,
            48.4790125
          ],
          [
            34.9429137,
            48.4789607
          ],
          [
            34.9425222,
            48.4786683
          ]
        ]
      },
      "id": "way/179137628"
    },
    {
      "type": "Feature",
      "properties": {
        "@id": "way/190315525",
        "highway": "construction",
        "name": "Північний обхід",
        "name:ru": "Северный обход",
        "name:uk": "Північний обхід"
      },
      "geometry": {
        "type": "LineString",
        "coordinates": [
          [
            34.9481263,
            48.4541349
          ],
          [
            34.9481809,
            48.4543685
          ],
          [
            34.9483678,
            48.4551064
          ],
          [
            34.9483023,
            48.4559201
          ],
          [
            34.9483211,
            48.4569374
          ],
          [
            34.9484105,
            48.4580894
          ],
          [
            34.9493732,
            48.4604801
          ],
          [
            34.9498251,
            48.4613419
          ],
          [
            34.9507256,
            48.462531
          ],
          [
            34.9512513,
            48.4633558
          ],
          [
            34.9522388,
            48.4640973
          ],
          [
            34.9539436,
            48.465579
          ],
          [
            34.9549242,
            48.466406
          ],
          [
            34.9574206,
            48.4680649
          ],
          [
            34.9597015,
            48.4691371
          ],
          [
            34.9607002,
            48.4697105
          ],
          [
            34.9617037,
            48.4705657
          ],
          [
            34.9623605,
            48.4714739
          ],
          [
            34.9625233,
            48.4720202
          ],
          [
            34.9628689,
            48.4734052
          ],
          [
            34.9640018,
            48.4749337
          ]
        ]
      },
      "id": "way/190315525"
    },
    {
      "type": "Feature",
      "properties": {
        "@id": "way/203970494",
        "highway": "tertiary",
        "name": "вулиця Юрія Кондратюка",
        "name:en": "Yuriia Kondratiuka Street",
        "name:ru": "Юрия Кондратюка улица",
        "name:uk": "вулиця Юрія Кондратюка",
        "old_name": "Комунарівська вулиця",
        "old_name:en": "Komunarivska Street",
        "old_name:uk": "Комунарівська вулиця",
        "oneway": "no",
        "surface": "asphalt"
      },
      "geometry": {
        "type": "LineString",
        "coordinates": [
          [
            34.9277643,
            48.4786754
          ],
          [
            34.9277598,
            48.4787263
          ],
          [
            34.9277497,
            48.4789567
          ],
          [
            34.927742,
            48.4791338
          ]
        ]
      },
      "id": "way/203970494"
    },
    {
      "type": "Feature",
      "properties": {
        "@id": "way/204131043",
        "highway": "service",
        "name": "вул. Червоний камінь",
        "surface": "asphalt"
      },
      "geometry": {
        "type": "LineString",
        "coordinates": [
          [
            34.9277638,
            48.4839016
          ],
          [
            34.9275051,
            48.4843955
          ],
          [
            34.9274622,
            48.4844775
          ],
          [
            34.9269998,
            48.4856664
          ],
          [
            34.9268414,
            48.4857043
          ],
          [
            34.9266371,
            48.4860499
          ]
        ]
      },
      "id": "way/204131043"
    },
    {
      "type": "Feature",
      "properties": {
        "@id": "way/209342760",
        "highway": "primary",
        "lanes": "3",
        "lit": "yes",
        "maxspeed": "70",
        "name": "вулиця Набережна Заводська",
        "name:ru": "Набережная Заводская улица",
        "name:uk": "вулиця Набережна Заводська",
        "oneway": "yes",
        "smoothness": "excellent",
        "source:maxspeed": "UA:urban",
        "surface": "asphalt"
      },
      "geometry": {
        "type": "LineString",
        "coordinates": [
          [
            34.9582594,
            48.492601
          ],
          [
            34.9591208,
            48.4926324
          ],
          [
            34.9595807,
            48.4926492
          ],
          [
            34.9598626,
            48.4926551
          ],
          [
            34.960033,
            48.4926587
          ],
          [
            34.9602942,
            48.492662
          ],
          [
            34.9605361,
            48.4926526
          ],
          [
            34.9607389,
            48.4926322
          ],
          [
            34.9609449,
            48.4925986
          ],
          [
            34.9611425,
            48.4925553
          ],
          [
            34.9613403,
            48.4924988
          ],
          [
            34.9617765,
            48.4923701
          ]
        ]
      },
      "id": "way/209342760"
    },
    {
      "type": "Feature",
      "properties": {
        "@id": "way/217772013",
        "highway": "tertiary",
        "lanes": "2",
        "lit": "yes",
        "name": "Моніторна вулиця",
        "name:en": "Monitorna Street",
        "name:ru": "Мониторная улица",
        "name:uk": "Моніторна вулиця",
        "surface": "asphalt"
      },
      "geometry": {
        "type": "LineString",
        "coordinates": [
          [
            34.9081662,
            48.4778102
          ],
          [
            34.9084466,
            48.4778797
          ],
          [
            34.9086603,
            48.4779315
          ],
          [
            34.9088718,
            48.4779828
          ],
          [
            34.9090881,
            48.4780342
          ],
          [
            34.9093242,
            48.4780905
          ],
          [
            34.909527,
            48.4781389
          ],
          [
            34.909591,
            48.4781542
          ],
          [
            34.9098718,
            48.478221
          ],
          [
            34.9099586,
            48.4782417
          ],
          [
            34.9101347,
            48.4782837
          ]
        ]
      },
      "id": "way/217772013"
    },
    {
      "type": "Feature",
      "properties": {
        "@id": "way/217772014",
        "highway": "tertiary",
        "lanes": "4",
        "lit": "yes",
        "name": "Моніторна вулиця",
        "name:en": "Monitorna Street",
        "name:ru": "Мониторная улица",
        "name:uk": "Моніторна вулиця",
        "smoothness": "excellent",
        "surface": "asphalt"
      },
      "geometry": {
        "type": "LineString",
        "coordinates": [
          [
            34.9071249,
            48.4769466
          ],
          [
            34.9072419,
            48.477111
          ],
          [
            34.9075987,
            48.4776353
          ]
        ]
      },
      "id": "way/217772014"
    },
    {
      "type": "Feature",
      "properties": {
        "@id": "way/217772015",
        "highway": "service",
        "name": "Штурманський провулок",
        "name:en": "Shturmanskyj Lane",
        "name:pl": "zaułek Szturmański",
        "name:ru": "Штурманский переулок",
        "name:uk": "Штурманський провулок",
        "surface": "asphalt"
      },
      "geometry": {
        "type": "LineString",
        "coordinates": [
          [
            34.909087,
            48.4803295
          ],
          [
            34.9088706,
            48.4802819
          ],
          [
            34.9086359,
            48.4802264
          ],
          [
            34.9085756,
            48.4802122
          ],
          [
            34.9083731,
            48.4801643
          ],
          [
            34.9082534,
            48.480136
          ],
          [
            34.9080736,
            48.4800935
          ],
          [
            34.9079202,
            48.4800573
          ],
          [
            34.9077976,
            48.4800283
          ],
          [
            34.9077759,
            48.4800232
          ],
          [
            34.9076047,
            48.4799827
          ]
        ]
      },
      "id": "way/217772015"
    },
    {
      "type": "Feature",
      "properties": {
        "@id": "way/229274317",
        "foot": "no",
        "highway": "secondary",
        "lanes": "3",
        "lit": "yes",
        "maxspeed": "70",
        "maxspeed:conditional": "70 @ (May-Sep); 50 @ (Oct-Apr)",
        "name": "вулиця Набережна Заводська",
        "name:ru": "Набережная Заводская улица",
        "name:uk": "вулиця Набережна Заводська",
        "oneway": "yes",
        "placement": "right_of:2",
        "sidewalk": "no",
        "source:maxspeed": "UA:urban",
        "surface": "asphalt"
      },
      "geometry": {
        "type": "LineString",
        "coordinates": [
          [
            34.9512368,
            48.4916441
          ],
          [
            34.9525834,
            48.4919876
          ],
          [
            34.9537163,
            48.4922983
          ],
          [
            34.9541442,
            48.4923966
          ],
          [
            34.954565,
            48.4924519
          ],
          [
            34.9553855,
            48.4924963
          ],
          [
            34.9562074,
            48.4925272
          ],
          [
            34.957607,
            48.4925792
          ],
          [
            34.9580743,
            48.4925958
          ]
        ]
      },
      "id": "way/229274317"
    },
    {
      "type": "Feature",
      "properties": {
        "@id": "way/229274318",
        "highway": "primary",
        "lanes": "3",
        "lit": "yes",
        "maxspeed": "70",
        "name": "вулиця Набережна Заводська",
        "name:ru": "Набережная Заводская улица",
        "name:uk": "вулиця Набережна Заводська",
        "oneway": "yes",
        "placement": "right_of:2",
        "smoothness": "excellent",
        "source:maxspeed": "UA:urban",
        "surface": "asphalt",
        "trolley_wire": "yes"
      },
      "geometry": {
        "type": "LineString",
        "coordinates": [
          [
            34.9652275,
            48.4911459
          ],
          [
            34.9649294,
            48.4913613
          ],
          [
            34.9645534,
            48.4916031
          ],
          [
            34.9643421,
            48.4917183
          ],
          [
            34.9642149,
            48.4917802
          ],
          [
            34.9640176,
            48.4918592
          ],
          [
            34.9637409,
            48.491959
          ],
          [
            34.9633883,
            48.4920681
          ],
          [
            34.9629928,
            48.4921808
          ],
          [
            34.9628698,
            48.4922181
          ],
          [
            34.9628185,
            48.4922336
          ],
          [
            34.962606,
            48.4922979
          ],
          [
            34.9623733,
            48.4923662
          ],
          [
            34.9611455,
            48.4927265
          ],
          [
            34.9605396,
            48.492899
          ],
          [
            34.9600784,
            48.4930097
          ],
          [
            34.959685,
            48.4930693
          ]
        ]
      },
      "id": "way/229274318"
    },
    {
      "type": "Feature",
      "properties": {
        "@id": "way/229274326",
        "highway": "primary",
        "lanes": "4",
        "lit": "yes",
        "maxspeed": "70",
        "name": "вулиця Набережна Заводська",
        "name:ru": "Набережная Заводская улица",
        "name:uk": "вулиця Набережна Заводська",
        "oneway": "yes",
        "smoothness": "excellent",
        "source:maxspeed": "UA:urban",
        "surface": "asphalt",
        "trolley_wire": "yes"
      },
      "geometry": {
        "type": "LineString",
        "coordinates": [
          [
            34.959685,
            48.4930693
          ],
          [
            34.9591748,
            48.493094
          ],
          [
            34.9588397,
            48.4930909
          ],
          [
            34.9584147,
            48.4930739
          ],
          [
            34.9578227,
            48.4930332
          ]
        ]
      },
      "id": "way/229274326"
    },
    {
      "type": "Feature",
      "properties": {
        "@id": "way/235361766",
        "highway": "residential",
        "name": "Квітковий провулок",
        "name:en": "Kvitkovyi Lane",
        "name:pl": "zaułek Kwiatowy",
        "name:uk": "Квітковий провулок",
        "surface": "gravel"
      },
      "geometry": {
        "type": "LineString",
        "coordinates": [
          [
            34.9073886,
            48.4729162
          ],
          [
            34.9073388,
            48.472991
          ],
          [
            34.9072207,
            48.4734123
          ],
          [
            34.9071727,
            48.4735833
          ],
          [
            34.9070999,
            48.4738059
          ],
          [
            34.9070896,
            48.473838
          ],
          [
            34.9069993,
            48.4741197
          ],
          [
            34.9069904,
            48.4741367
          ],
          [
            34.9069478,
            48.4742181
          ],
          [
            34.906907,
            48.4742872
          ]
        ]
      },
      "id": "way/235361766"
    },
    {
      "type": "Feature",
      "properties": {
        "@id": "way/235361767",
        "highway": "residential",
        "name": "Квітковий провулок",
        "name:en": "Kvitkovyi Lane",
        "name:pl": "zaułek Kwiatowy",
        "name:uk": "Квітковий провулок",
        "surface": "gravel"
      },
      "geometry": {
        "type": "LineString",
        "coordinates": [
          [
            34.9073886,
            48.4729162
          ],
          [
            34.9073847,
            48.4728771
          ],
          [
            34.9073051,
            48.4723529
          ],
          [
            34.9072722,
            48.4720401
          ],
          [
            34.9072307,
            48.4719235
          ],
          [
            34.9071671,
            48.47144
          ],
          [
            34.9071747,
            48.4711559
          ]
        ]
      },
      "id": "way/235361767"
    },
    {
      "type": "Feature",
      "properties": {
        "@id": "way/235361768",
        "highway": "residential",
        "name": "Квітковий провулок",
        "name:en": "Kvitkovyi Lane",
        "name:pl": "zaułek Kwiatowy",
        "name:uk": "Квітковий провулок",
        "surface": "gravel"
      },
      "geometry": {
        "type": "LineString",
        "coordinates": [
          [
            34.9083568,
            48.4730174
          ],
          [
            34.9083605,
            48.4726319
          ],
          [
            34.9083186,
            48.4721704
          ],
          [
            34.9083061,
            48.472096
          ],
          [
            34.9083354,
            48.4713408
          ],
          [
            34.9083732,
            48.4713019
          ],
          [
            34.9084514,
            48.4712941
          ],
          [
            34.9093283,
            48.4713277
          ]
        ]
      },
      "id": "way/235361768"
    },
    {
      "type": "Feature",
      "properties": {
        "@id": "way/238359669",
        "highway": "residential",
        "name": "Орбітальна вулиця",
        "name:en": "Orbitalna Street",
        "name:ru": "Орбитальная улица",
        "name:uk": "Орбітальна вулиця"
      },
      "geometry": {
        "type": "LineString",
        "coordinates": [
          [
            34.9382259,
            48.4716249
          ],
          [
            34.9381393,
            48.4716644
          ],
          [
            34.9379487,
            48.4716965
          ],
          [
            34.9372587,
            48.4717346
          ],
          [
            34.9371922,
            48.4717065
          ],
          [
            34.9371105,
            48.4716403
          ],
          [
            34.9370469,
            48.4716082
          ],
          [
            34.9369138,
            48.4716162
          ],
          [
            34.9365446,
            48.4716784
          ],
          [
            34.9359696,
            48.4717507
          ]
        ]
      },
      "id": "way/238359669"
    },
    {
      "type": "Feature",
      "properties": {
        "@id": "way/243690393",
        "highway": "trunk",
        "int_ref": "E 50",
        "maxspeed": "50",
        "name": "вулиця Кайдацький Шлях",
        "name:en": "Kaidatskyi Shliakh Street",
        "name:ru": "Кайдакский Шлях улица",
        "name:uk": "вулиця Кайдацький Шлях",
        "nat_ref": "М-30",
        "old_ref": "М-04",
        "oneway": "yes",
        "ref": "М-30",
        "source:maxspeed": "UA:urban"
      },
      "geometry": {
        "type": "LineString",
        "coordinates": [
          [
            34.9621452,
            48.4868572
          ],
          [
            34.9624121,
            48.4865087
          ],
          [
            34.9625328,
            48.4863256
          ],
          [
            34.9626361,
            48.4861043
          ]
        ]
      },
      "id": "way/243690393"
    },
    {
      "type": "Feature",
      "properties": {
        "@id": "way/243690394",
        "highway": "trunk",
        "int_ref": "E 50",
        "maxspeed": "50",
        "name": "вулиця Кайдацький Шлях",
        "name:en": "Kaidatskyi Shliakh Street",
        "name:ru": "Кайдакский Шлях улица",
        "name:uk": "вулиця Кайдацький Шлях",
        "nat_ref": "М-30",
        "old_ref": "М-04",
        "oneway": "yes",
        "ref": "М-30",
        "smoothness": "excellent",
        "source:maxspeed": "UA:urban",
        "surface": "asphalt"
      },
      "geometry": {
        "type": "LineString",
        "coordinates": [
          [
            34.962451,
            48.4869692
          ],
          [
            34.9615266,
            48.4880316
          ],
          [
            34.9615054,
            48.4880575
          ],
          [
            34.9613914,
            48.4881969
          ],
          [
            34.9612715,
            48.4883693
          ],
          [
            34.9611421,
            48.4886349
          ],
          [
            34.9609852,
            48.4890082
          ],
          [
            34.960902,
            48.4892731
          ],
          [
            34.9608698,
            48.489452
          ],
          [
            34.960846,
            48.4896554
          ],
          [
            34.9608178,
            48.4899318
          ]
        ]
      },
      "id": "way/243690394"
    },
    {
      "type": "Feature",
      "properties": {
        "@id": "way/244605210",
        "highway": "tertiary",
        "lanes": "2",
        "maxspeed": "50",
        "name": "Ближня вулиця",
        "name:en": "Blyzhnia Street",
        "name:etymology:wikidata": "Q21818619",
        "name:ru": "Ближняя улица",
        "name:uk": "Ближня вулиця",
        "smoothness": "good",
        "source:maxspeed": "UA:urban",
        "surface": "asphalt"
      },
      "geometry": {
        "type": "LineString",
        "coordinates": [
          [
            34.9390374,
            48.4597143
          ],
          [
            34.9390401,
            48.4596651
          ],
          [
            34.9390797,
            48.4596042
          ],
          [
            34.9391937,
            48.4595212
          ],
          [
            34.9393768,
            48.4593642
          ],
          [
            34.9394691,
            48.4592561
          ],
          [
            34.9394889,
            48.459171
          ],
          [
            34.9394459,
            48.4590671
          ],
          [
            34.9393696,
            48.4589711
          ],
          [
            34.939133,
            48.4587208
          ],
          [
            34.9390074,
            48.4585946
          ],
          [
            34.9389459,
            48.4584876
          ],
          [
            34.9389375,
            48.4584327
          ],
          [
            34.9389573,
            48.4583713
          ],
          [
            34.939014,
            48.4582136
          ],
          [
            34.9390474,
            48.4580558
          ],
          [
            34.939053,
            48.4579115
          ],
          [
            34.9390368,
            48.4576946
          ],
          [
            34.9389661,
            48.4572721
          ],
          [
            34.9388773,
            48.4570589
          ],
          [
            34.9388665,
            48.457039
          ],
          [
            34.9388562,
            48.45702
          ],
          [
            34.9388197,
            48.4569605
          ],
          [
            34.9386436,
            48.4567475
          ],
          [
            34.9385359,
            48.4566395
          ],
          [
            34.9384088,
            48.456507
          ],
          [
            34.938202,
            48.4563553
          ],
          [
            34.9380527,
            48.456231
          ],
          [
            34.9373483,
            48.4556725
          ],
          [
            34.937033,
            48.4554307
          ]
        ]
      },
      "id": "way/244605210"
    },
    {
      "type": "Feature",
      "properties": {
        "@id": "way/244605212",
        "highway": "secondary",
        "lanes": "3",
        "maxspeed": "50",
        "name": "Велика Діївська вулиця",
        "name:en": "Velyka Diivska Street",
        "name:ru": "Большая Диёвская улица",
        "name:uk": "Велика Діївська вулиця",
        "old_name": "вулиця Братів Трофімових",
        "old_name:en": "Brativ Trofimovykh Street",
        "old_name:uk": "вулиця Братів Трофімових",
        "oneway": "yes",
        "smoothness": "intermediate",
        "source:maxspeed": "UA:urban",
        "surface": "asphalt"
      },
      "geometry": {
        "type": "LineString",
        "coordinates": [
          [
            34.9273016,
            48.4795732
          ],
          [
            34.9271859,
            48.4795674
          ],
          [
            34.9270199,
            48.4795582
          ],
          [
            34.9268633,
            48.4795482
          ],
          [
            34.9267032,
            48.4795366
          ],
          [
            34.9265365,
            48.4795233
          ],
          [
            34.9263699,
            48.4795116
          ],
          [
            34.9262049,
            48.4794949
          ],
          [
            34.9260399,
            48.4794749
          ],
          [
            34.9259189,
            48.4794591
          ],
          [
            34.9258749,
            48.4794533
          ],
          [
            34.9257099,
            48.4794282
          ],
          [
            34.9255449,
            48.4794015
          ],
          [
            34.9253816,
            48.4793715
          ],
          [
            34.9252198,
            48.4793399
          ],
          [
            34.9251606,
            48.4793272
          ],
          [
            34.9250565,
            48.4793049
          ],
          [
            34.9248949,
            48.4792683
          ],
          [
            34.9247349,
            48.4792332
          ],
          [
            34.9245766,
            48.4791998
          ],
          [
            34.9244183,
            48.4791666
          ],
          [
            34.9242649,
            48.4791315
          ],
          [
            34.9241166,
            48.4790983
          ],
          [
            34.9239716,
            48.4790649
          ],
          [
            34.9238349,
            48.4790332
          ],
          [
            34.9237049,
            48.4790016
          ],
          [
            34.9235816,
            48.4789682
          ],
          [
            34.9234819,
            48.4789368
          ]
        ]
      },
      "id": "way/244605212"
    },
    {
      "type": "Feature",
      "properties": {
        "@id": "way/244605213",
        "highway": "secondary",
        "lanes": "3",
        "maxspeed": "50",
        "name": "Велика Діївська вулиця",
        "name:en": "Velyka Diivska Street",
        "name:ru": "Большая Диёвская улица",
        "name:uk": "Велика Діївська вулиця",
        "old_name": "вулиця Братів Трофімових",
        "old_name:en": "Brativ Trofimovykh Street",
        "old_name:uk": "вулиця Братів Трофімових",
        "oneway": "yes",
        "smoothness": "intermediate",
        "source:maxspeed": "UA:urban",
        "surface": "asphalt"
      },
      "geometry": {
        "type": "LineString",
        "coordinates": [
          [
            34.928334,
            48.47963
          ],
          [
            34.927524,
            48.4795854
          ],
          [
            34.9274199,
            48.4795797
          ],
          [
            34.9273016,
            48.4795732
          ]
        ]
      },
      "id": "way/244605213"
    },
    {
      "type": "Feature",
      "properties": {
        "@id": "way/244605214",
        "highway": "secondary",
        "lanes": "2",
        "maxspeed": "50",
        "name": "Велика Діївська вулиця",
        "name:en": "Velyka Diivska Street",
        "name:ru": "Большая Диёвская улица",
        "name:uk": "Велика Діївська вулиця",
        "old_name": "вулиця Братів Трофімових",
        "old_name:en": "Brativ Trofimovykh Street",
        "old_name:uk": "вулиця Братів Трофімових",
        "oneway": "yes",
        "source:maxspeed": "UA:urban",
        "surface": "asphalt"
      },
      "geometry": {
        "type": "LineString",
        "coordinates": [
          [
            34.9234819,
            48.4789368
          ],
          [
            34.9233882,
            48.4788932
          ],
          [
            34.9233182,
            48.4788448
          ],
          [
            34.9232803,
            48.4787954
          ]
        ]
      },
      "id": "way/244605214"
    },
    {
      "type": "Feature",
      "properties": {
        "@id": "way/244605215",
        "highway": "trunk",
        "int_ref": "E 50",
        "maxspeed:type": "UA:urban",
        "motor_vehicle:conditional": "no @ (2021 Dec 08-2021 Dec 30)",
        "name": "вулиця Миколи Хвильового",
        "name:en": "Mykoly Khvylovoho Street",
        "name:ru": "Николая Хвылевого улица",
        "name:uk": "вулиця Миколи Хвильового",
        "nat_ref": "М-30",
        "old_name": "Леніногорська вулиця",
        "old_name:en": "Leninohorska Street",
        "old_name:uk": "Леніногорська вулиця",
        "old_ref": "М-04",
        "ref": "М-30",
        "smoothness": "excellent"
      },
      "geometry": {
        "type": "LineString",
        "coordinates": [
          [
            34.9500673,
            48.4749125
          ],
          [
            34.9496214,
            48.4750721
          ],
          [
            34.9493022,
            48.4751155
          ],
          [
            34.9486336,
            48.4751484
          ],
          [
            34.9484608,
            48.4751536
          ],
          [
            34.9483533,
            48.4751879
          ],
          [
            34.9482715,
            48.4752205
          ],
          [
            34.9482468,
            48.4752746
          ]
        ]
      },
      "id": "way/244605215"
    },
    {
      "type": "Feature",
      "properties": {
        "@id": "way/244605216",
        "cutting": "yes",
        "highway": "tertiary",
        "lanes": "2",
        "maxspeed": "50",
        "name": "вулиця Західний Шлях",
        "name:en": "Zakhidnyi Shliakh Street",
        "name:uk": "вулиця Західний Шлях",
        "old_name": "вулиця Маяковського",
        "old_name:en": "Maiakovskoho Street",
        "old_name:pl": "ulica Majakowskiego",
        "old_name:uk": "вулиця Маяковського",
        "sidewalk": "left",
        "smoothness": "good",
        "source:maxspeed": "UA:urban",
        "surface": "asphalt"
      },
      "geometry": {
        "type": "LineString",
        "coordinates": [
          [
            34.9505684,
            48.4742649
          ],
          [
            34.9503653,
            48.474213
          ],
          [
            34.9499066,
            48.4741027
          ],
          [
            34.9486778,
            48.4738091
          ]
        ]
      },
      "id": "way/244605216"
    },
    {
      "type": "Feature",
      "properties": {
        "@id": "way/244605218",
        "highway": "secondary",
        "lanes": "4",
        "lit": "yes",
        "maxspeed": "50",
        "name": "Метробудівська вулиця",
        "name:en": "Metrobudivska Street",
        "name:pl": "ulica Metrostroewska",
        "name:ru": "Метростроевская улица",
        "name:uk": "Метробудівська вулиця",
        "source:maxspeed": "UA:urban",
        "surface": "asphalt"
      },
      "geometry": {
        "type": "LineString",
        "coordinates": [
          [
            34.9130382,
            48.4789862
          ],
          [
            34.9130626,
            48.4788999
          ],
          [
            34.913083,
            48.4788299
          ],
          [
            34.9132537,
            48.4781332
          ],
          [
            34.9132659,
            48.4780746
          ],
          [
            34.913274,
            48.4780274
          ],
          [
            34.9133055,
            48.4777202
          ],
          [
            34.9132994,
            48.4775652
          ],
          [
            34.9132659,
            48.4773139
          ],
          [
            34.9132141,
            48.47707
          ],
          [
            34.9131958,
            48.477002
          ],
          [
            34.9131714,
            48.476909
          ]
        ]
      },
      "id": "way/244605218"
    },
    {
      "type": "Feature",
      "properties": {
        "@id": "way/244605219",
        "highway": "secondary",
        "lanes": "4",
        "lit": "yes",
        "maxspeed": "50",
        "name": "Метробудівська вулиця",
        "name:en": "Metrobudivska Street",
        "name:pl": "ulica Metrostroewska",
        "name:ru": "Метростроевская улица",
        "name:uk": "Метробудівська вулиця",
        "source:maxspeed": "UA:urban",
        "surface": "asphalt"
      },
      "geometry": {
        "type": "LineString",
        "coordinates": [
          [
            34.9131714,
            48.476909
          ],
          [
            34.9130545,
            48.4765202
          ],
          [
            34.9130189,
            48.4764037
          ],
          [
            34.9129884,
            48.4763396
          ],
          [
            34.9129342,
            48.476205
          ]
        ]
      },
      "id": "way/244605219"
    },
    {
      "type": "Feature",
      "properties": {
        "@id": "way/244605220",
        "highway": "tertiary",
        "lanes": "4",
        "lit": "yes",
        "name": "Моніторна вулиця",
        "name:en": "Monitorna Street",
        "name:ru": "Мониторная улица",
        "name:uk": "Моніторна вулиця",
        "surface": "asphalt"
      },
      "geometry": {
        "type": "LineString",
        "coordinates": [
          [
            34.9075987,
            48.4776353
          ],
          [
            34.9081662,
            48.4778102
          ]
        ]
      },
      "id": "way/244605220"
    },
    {
      "type": "Feature",
      "properties": {
        "@id": "way/244605221",
        "foot": "no",
        "highway": "secondary",
        "lanes": "4",
        "lit": "yes",
        "maxspeed": "50",
        "maxspeed:conditional": "70 @ (May-Sep); 50 @ (Oct-Apr)",
        "name": "вулиця Набережна Заводська",
        "name:ru": "Набережная Заводская улица",
        "name:uk": "вулиця Набережна Заводська",
        "oneway": "yes",
        "sidewalk": "no",
        "smoothness": "excellent",
        "source:maxspeed": "UA:urban",
        "surface": "asphalt",
        "trolley_wire": "yes",
        "turn:lanes": "left|left;through|through|through"
      },
      "geometry": {
        "type": "LineString",
        "coordinates": [
          [
            34.9229702,
            48.4858381
          ],
          [
            34.922733,
            48.4858005
          ],
          [
            34.9218421,
            48.4856661
          ],
          [
            34.9207387,
            48.4854958
          ],
          [
            34.9181202,
            48.4851051
          ],
          [
            34.9178733,
            48.4850683
          ],
          [
            34.9171675,
            48.4849581
          ],
          [
            34.9170026,
            48.4849323
          ],
          [
            34.9168774,
            48.4849122
          ],
          [
            34.9157024,
            48.4847382
          ],
          [
            34.9144549,
            48.484546
          ],
          [
            34.9133401,
            48.4843811
          ],
          [
            34.9129764,
            48.4843327
          ],
          [
            34.9127608,
            48.4842961
          ],
          [
            34.9117911,
            48.4841592
          ],
          [
            34.9116915,
            48.4841451
          ]
        ]
      },
      "id": "way/244605221"
    },
    {
      "type": "Feature",
      "properties": {
        "@id": "way/244605222",
        "highway": "secondary",
        "lanes": "4",
        "lit": "yes",
        "maxspeed": "50",
        "name": "вулиця Набережна Заводська",
        "name:ru": "Набережная Заводская улица",
        "name:uk": "вулиця Набережна Заводська",
        "oneway": "yes",
        "smoothness": "excellent",
        "source:maxspeed": "UA:urban",
        "surface": "asphalt"
      },
      "geometry": {
        "type": "LineString",
        "coordinates": [
          [
            34.9394635,
            48.4885109
          ],
          [
            34.9407053,
            48.4887253
          ]
        ]
      },
      "id": "way/244605222"
    },
    {
      "type": "Feature",
      "properties": {
        "@id": "way/244605224",
        "highway": "secondary",
        "lanes": "4",
        "lit": "yes",
        "maxspeed": "50",
        "maxspeed:conditional": "70 @ (May-Sep); 50 @ (Oct-Apr)",
        "name": "вулиця Набережна Заводська",
        "name:ru": "Набережная Заводская улица",
        "name:uk": "вулиця Набережна Заводська",
        "oneway": "yes",
        "sidewalk:left": "no",
        "sidewalk:right": "separate",
        "smoothness": "excellent",
        "source:maxspeed": "UA:urban",
        "surface": "asphalt"
      },
      "geometry": {
        "type": "LineString",
        "coordinates": [
          [
            34.9423537,
            48.4890705
          ],
          [
            34.9426876,
            48.489204
          ],
          [
            34.9431929,
            48.4894364
          ],
          [
            34.9440043,
            48.4897602
          ],
          [
            34.9444829,
            48.4899053
          ],
          [
            34.9449104,
            48.4900063
          ]
        ]
      },
      "id": "way/244605224"
    },
    {
      "type": "Feature",
      "properties": {
        "@id": "way/244605225",
        "highway": "secondary",
        "lanes": "4",
        "lit": "yes",
        "maxspeed": "50",
        "name": "вулиця Набережна Заводська",
        "name:ru": "Набережная Заводская улица",
        "name:uk": "вулиця Набережна Заводська",
        "oneway": "yes",
        "smoothness": "excellent",
        "source:maxspeed": "UA:urban",
        "surface": "asphalt"
      },
      "geometry": {
        "type": "LineString",
        "coordinates": [
          [
            34.9407053,
            48.4887253
          ],
          [
            34.940888,
            48.4887577
          ],
          [
            34.9416426,
            48.4888938
          ],
          [
            34.9420119,
            48.4889743
          ],
          [
            34.9423537,
            48.4890705
          ]
        ]
      },
      "id": "way/244605225"
    },
    {
      "type": "Feature",
      "properties": {
        "@id": "way/244605226",
        "foot": "no",
        "highway": "secondary",
        "lanes": "4",
        "lit": "yes",
        "maxspeed": "50",
        "name": "вулиця Набережна Заводська",
        "name:ru": "Набережная Заводская улица",
        "name:uk": "вулиця Набережна Заводська",
        "oneway": "yes",
        "sidewalk": "no",
        "smoothness": "excellent",
        "source:maxspeed": "UA:urban",
        "surface": "asphalt",
        "trolley_wire": "yes"
      },
      "geometry": {
        "type": "LineString",
        "coordinates": [
          [
            34.9419362,
            48.4895045
          ],
          [
            34.9391349,
            48.4889608
          ],
          [
            34.9388956,
            48.4889166
          ],
          [
            34.9387233,
            48.4888838
          ],
          [
            34.9382125,
            48.4887864
          ],
          [
            34.9380978,
            48.4887638
          ]
        ]
      },
      "id": "way/244605226"
    },
    {
      "type": "Feature",
      "properties": {
        "@id": "way/244605228",
        "highway": "secondary",
        "lanes": "4",
        "lit": "yes",
        "maxspeed": "70",
        "maxspeed:conditional": "70 @ (May-Sep); 50 @ (Oct-Apr)",
        "name": "вулиця Набережна Заводська",
        "name:ru": "Набережная Заводская улица",
        "name:uk": "вулиця Набережна Заводська",
        "oneway": "yes",
        "smoothness": "excellent",
        "source:maxspeed": "UA:urban",
        "surface": "asphalt"
      },
      "geometry": {
        "type": "LineString",
        "coordinates": [
          [
            34.9232169,
            48.4857491
          ],
          [
            34.9236477,
            48.4858293
          ],
          [
            34.9238192,
            48.4858631
          ],
          [
            34.9240275,
            48.4859023
          ],
          [
            34.926235,
            48.4863405
          ],
          [
            34.9284816,
            48.4867859
          ],
          [
            34.9309666,
            48.4872662
          ]
        ]
      },
      "id": "way/244605228"
    },
    {
      "type": "Feature",
      "properties": {
        "@id": "way/244605229",
        "highway": "tertiary",
        "lanes": "2",
        "lit": "yes",
        "maxspeed": "40",
        "name": "Парусний провулок",
        "name:en": "Parusnyi Lane",
        "name:ru": "Парусный переулок",
        "name:uk": "Парусний провулок",
        "sidewalk": "right",
        "smoothness": "intermediate",
        "surface": "asphalt",
        "trolley_wire": "yes"
      },
      "geometry": {
        "type": "LineString",
        "coordinates": [
          [
            34.9063317,
            48.4799703
          ],
          [
            34.9063784,
            48.4798845
          ]
        ]
      },
      "id": "way/244605229"
    },
    {
      "type": "Feature",
      "properties": {
        "@id": "way/244605230",
        "highway": "trunk",
        "int_ref": "E 50",
        "lanes": "2",
        "lit": "yes",
        "maxspeed": "50",
        "name": "проспект Свободи",
        "name:en": "Svobody Avenue",
        "name:pl": "prospekt Wolności",
        "name:ru": "Свободы проспект",
        "name:uk": "проспект Свободи",
        "nat_ref": "М-30",
        "old_ref": "М-04",
        "oneway": "yes",
        "ref": "М-30",
        "sidewalk": "separate",
        "source:maxspeed": "UA:urban",
        "surface": "asphalt"
      },
      "geometry": {
        "type": "LineString",
        "coordinates": [
          [
            34.9496663,
            48.4807556
          ],
          [
            34.9500242,
            48.4807992
          ],
          [
            34.9501815,
            48.4808187
          ],
          [
            34.9512563,
            48.4809529
          ],
          [
            34.9527586,
            48.4811364
          ],
          [
            34.9531688,
            48.4811853
          ],
          [
            34.954482,
            48.4813096
          ],
          [
            34.955119,
            48.481369
          ],
          [
            34.9562111,
            48.4814555
          ],
          [
            34.9563137,
            48.4814623
          ]
        ]
      },
      "id": "way/244605230"
    },
    {
      "type": "Feature",
      "properties": {
        "@id": "way/244605232",
        "highway": "secondary",
        "maxspeed": "50",
        "name": "проспект Свободи",
        "name:en": "Svobody Avenue",
        "name:pl": "prospekt Wolności",
        "name:ru": "Свободы проспект",
        "name:uk": "проспект Свободи",
        "oneway": "yes",
        "smoothness": "intermediate",
        "source:maxspeed": "UA:urban",
        "surface": "asphalt"
      },
      "geometry": {
        "type": "LineString",
        "coordinates": [
          [
            34.9449162,
            48.4802967
          ],
          [
            34.944514,
            48.4802656
          ]
        ]
      },
      "id": "way/244605232"
    },
    {
      "type": "Feature",
      "properties": {
        "@id": "way/244605233",
        "highway": "secondary",
        "maxspeed": "50",
        "name": "проспект Свободи",
        "name:en": "Svobody Avenue",
        "name:pl": "prospekt Wolności",
        "name:ru": "Свободы проспект",
        "name:uk": "проспект Свободи",
        "oneway": "yes",
        "smoothness": "intermediate",
        "surface": "asphalt"
      },
      "geometry": {
        "type": "LineString",
        "coordinates": [
          [
            34.9496729,
            48.4808677
          ],
          [
            34.9493862,
            48.4808305
          ],
          [
            34.9464568,
            48.4804713
          ],
          [
            34.9457824,
            48.4803865
          ],
          [
            34.9449162,
            48.4802967
          ]
        ]
      },
      "id": "way/244605233"
    },
    {
      "type": "Feature",
      "properties": {
        "@id": "way/244747485",
        "highway": "tertiary",
        "lanes": "1",
        "lit": "yes",
        "name": "Парусний провулок",
        "name:en": "Parusnyi Lane",
        "name:ru": "Парусный переулок",
        "name:uk": "Парусний провулок",
        "oneway": "yes",
        "smoothness": "intermediate",
        "surface": "asphalt",
        "trolley_wire": "yes"
      },
      "geometry": {
        "type": "LineString",
        "coordinates": [
          [
            34.9072955,
            48.4800991
          ],
          [
            34.9075426,
            48.4801569
          ]
        ]
      },
      "id": "way/244747485"
    },
    {
      "type": "Feature",
      "properties": {
        "@id": "way/244747488",
        "highway": "tertiary",
        "lanes": "2",
        "lit": "yes",
        "maxspeed": "40",
        "name": "Парусний провулок",
        "name:en": "Parusnyi Lane",
        "name:ru": "Парусный переулок",
        "name:uk": "Парусний провулок",
        "oneway": "yes",
        "sidewalk": "right",
        "smoothness": "intermediate",
        "surface": "asphalt",
        "trolley_wire": "yes"
      },
      "geometry": {
        "type": "LineString",
        "coordinates": [
          [
            34.907215,
            48.4803049
          ],
          [
            34.9067869,
            48.4802093
          ],
          [
            34.9062652,
            48.4800925
          ]
        ]
      },
      "id": "way/244747488"
    },
    {
      "type": "Feature",
      "properties": {
        "@id": "way/244748916",
        "highway": "tertiary",
        "lanes": "1",
        "lit": "yes",
        "name": "Парусний провулок",
        "name:en": "Parusnyi Lane",
        "name:ru": "Парусный переулок",
        "name:uk": "Парусний провулок",
        "oneway": "yes",
        "smoothness": "intermediate",
        "surface": "asphalt",
        "trolley_wire": "yes"
      },
      "geometry": {
        "type": "LineString",
        "coordinates": [
          [
            34.9071125,
            48.4800572
          ],
          [
            34.9072955,
            48.4800991
          ]
        ]
      },
      "id": "way/244748916"
    },
    {
      "type": "Feature",
      "properties": {
        "@id": "way/244865699",
        "highway": "tertiary",
        "lanes": "1",
        "lit": "yes",
        "name": "Парусний провулок",
        "name:en": "Parusnyi Lane",
        "name:ru": "Парусный переулок",
        "name:uk": "Парусний провулок",
        "oneway": "yes",
        "sidewalk": "right",
        "smoothness": "intermediate",
        "surface": "asphalt",
        "trolley_wire": "yes"
      },
      "geometry": {
        "type": "LineString",
        "coordinates": [
          [
            34.9067226,
            48.4799651
          ],
          [
            34.907033,
            48.480039
          ],
          [
            34.9071125,
            48.4800572
          ]
        ]
      },
      "id": "way/244865699"
    },
    {
      "type": "Feature",
      "properties": {
        "@id": "way/244868758",
        "highway": "secondary",
        "lanes": "2",
        "maxspeed": "50",
        "name": "Велика Діївська вулиця",
        "name:en": "Velyka Diivska Street",
        "name:ru": "Большая Диёвская улица",
        "name:uk": "Велика Діївська вулиця",
        "old_name": "вулиця Братів Трофімових",
        "old_name:en": "Brativ Trofimovykh Street",
        "old_name:uk": "вулиця Братів Трофімових",
        "oneway": "yes",
        "source:maxspeed": "UA:urban",
        "surface": "asphalt"
      },
      "geometry": {
        "type": "LineString",
        "coordinates": [
          [
            34.9294116,
            48.4792749
          ],
          [
            34.9294532,
            48.4793194
          ],
          [
            34.929472,
            48.4793579
          ],
          [
            34.9294755,
            48.4794052
          ],
          [
            34.9294711,
            48.4794472
          ],
          [
            34.9294514,
            48.4794993
          ],
          [
            34.9294139,
            48.4795301
          ],
          [
            34.9293416,
            48.4795709
          ],
          [
            34.9292684,
            48.479604
          ],
          [
            34.9290729,
            48.479657
          ]
        ]
      },
      "id": "way/244868758"
    },
    {
      "type": "Feature",
      "properties": {
        "@id": "way/244868759",
        "highway": "secondary",
        "lanes": "3",
        "maxspeed": "50",
        "name": "Велика Діївська вулиця",
        "name:en": "Velyka Diivska Street",
        "name:ru": "Большая Диёвская улица",
        "name:uk": "Велика Діївська вулиця",
        "old_name": "вулиця Братів Трофімових",
        "old_name:en": "Brativ Trofimovykh Street",
        "old_name:uk": "вулиця Братів Трофімових",
        "oneway": "yes",
        "smoothness": "intermediate",
        "surface": "asphalt"
      },
      "geometry": {
        "type": "LineString",
        "coordinates": [
          [
            34.9290729,
            48.479657
          ],
          [
            34.9285074,
            48.4796363
          ],
          [
            34.9284242,
            48.4796331
          ],
          [
            34.928334,
            48.47963
          ]
        ]
      },
      "id": "way/244868759"
    },
    {
      "type": "Feature",
      "properties": {
        "@id": "way/244868761",
        "highway": "residential",
        "name": "вулиця Селище Нове",
        "name:en": "Selyshche Nove Street",
        "name:ru": "Посёлок Новый улица",
        "name:uk": "вулиця Селище Нове"
      },
      "geometry": {
        "type": "LineString",
        "coordinates": [
          [
            34.9556933,
            48.4588952
          ],
          [
            34.9556034,
            48.4594587
          ],
          [
            34.9555926,
            48.4597739
          ],
          [
            34.9556693,
            48.4598515
          ],
          [
            34.9556932,
            48.4599029
          ],
          [
            34.9556818,
            48.4599798
          ],
          [
            34.9555296,
            48.460682
          ],
          [
            34.9555349,
            48.4607167
          ],
          [
            34.9555822,
            48.460747
          ]
        ]
      },
      "id": "way/244868761"
    },
    {
      "type": "Feature",
      "properties": {
        "@id": "way/244868762",
        "highway": "tertiary",
        "lanes": "1",
        "lit": "yes",
        "name": "Парусний провулок",
        "name:en": "Parusnyi Lane",
        "name:ru": "Парусный переулок",
        "name:uk": "Парусний провулок",
        "oneway": "yes",
        "smoothness": "intermediate",
        "surface": "asphalt",
        "trolley_wire": "yes"
      },
      "geometry": {
        "type": "LineString",
        "coordinates": [
          [
            34.9075426,
            48.4801569
          ],
          [
            34.907665,
            48.4801855
          ]
        ]
      },
      "id": "way/244868762"
    },
    {
      "type": "Feature",
      "properties": {
        "@id": "way/245493081",
        "highway": "tertiary",
        "lanes": "2",
        "maxspeed": "50",
        "name": "Велика Діївська вулиця",
        "name:en": "Velyka Diivska Street",
        "name:ru": "Большая Диёвская улица",
        "name:uk": "Велика Діївська вулиця",
        "old_name": "вулиця Братів Трофімових",
        "old_name:en": "Brativ Trofimovykh Street",
        "old_name:uk": "вулиця Братів Трофімових",
        "source:maxspeed": "UA:urban",
        "surface": "asphalt"
      },
      "geometry": {
        "type": "LineString",
        "coordinates": [
          [
            34.9035805,
            48.4733831
          ],
          [
            34.9021428,
            48.4729701
          ],
          [
            34.901111,
            48.4726662
          ],
          [
            34.9009346,
            48.472619
          ],
          [
            34.9007381,
            48.4725787
          ],
          [
            34.9006328,
            48.4725676
          ],
          [
            34.9004397,
            48.4725537
          ],
          [
            34.8994623,
            48.4725029
          ],
          [
            34.8984042,
            48.4724602
          ],
          [
            34.8976873,
            48.4724285
          ],
          [
            34.8972398,
            48.4724171
          ],
          [
            34.8963648,
            48.4723949
          ],
          [
            34.8951125,
            48.4723746
          ],
          [
            34.8944166,
            48.4723647
          ],
          [
            34.8937331,
            48.4723566
          ],
          [
            34.8930978,
            48.4723293
          ],
          [
            34.8913943,
            48.4721978
          ]
        ]
      },
      "id": "way/245493081"
    },
    {
      "type": "Feature",
      "properties": {
        "@id": "way/245493100",
        "highway": "tertiary",
        "lanes": "2",
        "maxspeed": "50",
        "name": "Велика Діївська вулиця",
        "name:en": "Velyka Diivska Street",
        "name:ru": "Большая Диёвская улица",
        "name:uk": "Велика Діївська вулиця",
        "old_name": "вулиця Братів Трофімових",
        "old_name:en": "Brativ Trofimovykh Street",
        "old_name:uk": "вулиця Братів Трофімових",
        "source:maxspeed": "UA:urban",
        "surface": "asphalt"
      },
      "geometry": {
        "type": "LineString",
        "coordinates": [
          [
            34.9073396,
            48.4744306
          ],
          [
            34.906907,
            48.4742872
          ],
          [
            34.9064604,
            48.4741405
          ],
          [
            34.905771,
            48.473932
          ],
          [
            34.9044483,
            48.4736119
          ],
          [
            34.9040197,
            48.4735059
          ],
          [
            34.9038601,
            48.4734613
          ],
          [
            34.9035805,
            48.4733831
          ]
        ]
      },
      "id": "way/245493100"
    },
    {
      "type": "Feature",
      "properties": {
        "@id": "way/245493104",
        "highway": "residential",
        "name": "вулиця Павла Тушкана",
        "name:uk": "вулиця Павла Тушкана",
        "old_name": "вулиця Вільямса",
        "old_name:en": "Viliamsa Street",
        "old_name:pl": "ulica Williamsa",
        "old_name:ru": "Вильямса улица",
        "old_name:uk": "вулиця Вільямса",
        "smoothness": "very_bad",
        "surface": "cobblestone"
      },
      "geometry": {
        "type": "LineString",
        "coordinates": [
          [
            34.9047883,
            48.4650186
          ],
          [
            34.9046412,
            48.4663789
          ],
          [
            34.9045493,
            48.4671511
          ],
          [
            34.9045421,
            48.4672693
          ],
          [
            34.904547,
            48.4673593
          ],
          [
            34.9046396,
            48.4677821
          ],
          [
            34.9047641,
            48.4679906
          ],
          [
            34.9049252,
            48.4682073
          ],
          [
            34.9049337,
            48.4682523
          ],
          [
            34.9049412,
            48.4683066
          ],
          [
            34.9049056,
            48.4683692
          ],
          [
            34.9048834,
            48.4684037
          ],
          [
            34.9046967,
            48.4686807
          ],
          [
            34.9045272,
            48.4688989
          ],
          [
            34.9044024,
            48.4690597
          ],
          [
            34.9043408,
            48.4691389
          ],
          [
            34.9042503,
            48.4693703
          ],
          [
            34.9041828,
            48.4695431
          ],
          [
            34.9041326,
            48.469703
          ],
          [
            34.9039779,
            48.4700753
          ],
          [
            34.9039269,
            48.4701711
          ]
        ]
      },
      "id": "way/245493104"
    },
    {
      "type": "Feature",
      "properties": {
        "@id": "way/245493112",
        "highway": "trunk",
        "int_ref": "E 50",
        "maxspeed": "50",
        "name": "вулиця Кайдацький Шлях",
        "name:en": "Kaidatskyi Shliakh Street",
        "name:ru": "Кайдакский Шлях улица",
        "name:uk": "вулиця Кайдацький Шлях",
        "nat_ref": "М-30",
        "old_ref": "М-04",
        "oneway": "yes",
        "ref": "М-30",
        "source:maxspeed": "UA:urban"
      },
      "geometry": {
        "type": "LineString",
        "coordinates": [
          [
            34.9628742,
            48.4864261
          ],
          [
            34.9627393,
            48.4866163
          ],
          [
            34.962451,
            48.4869692
          ]
        ]
      },
      "id": "way/245493112"
    },
    {
      "type": "Feature",
      "properties": {
        "@id": "way/245494087",
        "highway": "residential",
        "name": "вулиця Павла Тушкана",
        "name:uk": "вулиця Павла Тушкана",
        "old_name": "вулиця Вільямса",
        "old_name:en": "Viliamsa Street",
        "old_name:pl": "ulica Williamsa",
        "old_name:ru": "Вильямса улица",
        "old_name:uk": "вулиця Вільямса",
        "surface": "cobblestone"
      },
      "geometry": {
        "type": "LineString",
        "coordinates": [
          [
            34.9050115,
            48.463024
          ],
          [
            34.9049479,
            48.4637702
          ],
          [
            34.9047883,
            48.4650186
          ]
        ]
      },
      "id": "way/245494087"
    },
    {
      "type": "Feature",
      "properties": {
        "@id": "way/256997480",
        "highway": "service",
        "name": "вулиця Савкіна",
        "name:ru": "Савкина улица",
        "name:uk": "вулиця Савкіна"
      },
      "geometry": {
        "type": "LineString",
        "coordinates": [
          [
            34.9397317,
            48.4839994
          ],
          [
            34.9395443,
            48.483935
          ],
          [
            34.9393699,
            48.4838424
          ],
          [
            34.9390708,
            48.4837808
          ],
          [
            34.9385487,
            48.4836733
          ],
          [
            34.9384794,
            48.4836404
          ],
          [
            34.9384487,
            48.4835895
          ],
          [
            34.9384509,
            48.4835372
          ],
          [
            34.9385157,
            48.4833837
          ]
        ]
      },
      "id": "way/256997480"
    },
    {
      "type": "Feature",
      "properties": {
        "@id": "way/260985167",
        "highway": "tertiary",
        "lanes": "2",
        "lit": "yes",
        "name": "Моніторна вулиця",
        "name:en": "Monitorna Street",
        "name:ru": "Мониторная улица",
        "name:uk": "Моніторна вулиця",
        "smoothness": "excellent",
        "surface": "asphalt"
      },
      "geometry": {
        "type": "LineString",
        "coordinates": [
          [
            34.9067926,
            48.475304
          ],
          [
            34.9067576,
            48.4753907
          ],
          [
            34.906614,
            48.4757258
          ],
          [
            34.9065159,
            48.4759015
          ],
          [
            34.906497,
            48.4759562
          ],
          [
            34.9064948,
            48.476011
          ],
          [
            34.9065116,
            48.4760637
          ],
          [
            34.906973,
            48.4767279
          ]
        ]
      },
      "id": "way/260985167"
    },
    {
      "type": "Feature",
      "properties": {
        "@id": "way/261923676",
        "highway": "residential",
        "name": "Кайдацька вулиця",
        "name:ru": "Кайдакская улица",
        "name:uk": "Кайдацька вулиця"
      },
      "geometry": {
        "type": "LineString",
        "coordinates": [
          [
            34.9647381,
            48.4878616
          ],
          [
            34.9639191,
            48.4882365
          ],
          [
            34.9624334,
            48.4889214
          ],
          [
            34.9619164,
            48.4891505
          ],
          [
            34.9614525,
            48.4893493
          ]
        ]
      },
      "id": "way/261923676"
    },
    {
      "type": "Feature",
      "properties": {
        "@id": "way/261923677",
        "highway": "residential",
        "name": "Рекордний провулок",
        "name:ru": "Рекордный переулок",
        "name:uk": "Рекордний провулок"
      },
      "geometry": {
        "type": "LineString",
        "coordinates": [
          [
            34.9601374,
            48.4872036
          ],
          [
            34.9595507,
            48.4870877
          ],
          [
            34.959305,
            48.4870511
          ],
          [
            34.9591003,
            48.4870025
          ],
          [
            34.9586871,
            48.4869764
          ],
          [
            34.9586076,
            48.486972
          ],
          [
            34.9582912,
            48.4869553
          ],
          [
            34.9575745,
            48.4868995
          ],
          [
            34.9570576,
            48.4868352
          ],
          [
            34.9567892,
            48.4867689
          ]
        ]
      },
      "id": "way/261923677"
    },
    {
      "type": "Feature",
      "properties": {
        "@id": "way/261926567",
        "highway": "residential",
        "name": "Кайдацька вулиця",
        "name:ru": "Кайдакская улица",
        "name:uk": "Кайдацька вулиця",
        "surface": "paved"
      },
      "geometry": {
        "type": "LineString",
        "coordinates": [
          [
            34.9551174,
            48.4910042
          ],
          [
            34.955282,
            48.4909556
          ],
          [
            34.955839,
            48.4908965
          ],
          [
            34.9567856,
            48.4907579
          ],
          [
            34.9570863,
            48.4907139
          ],
          [
            34.9583079,
            48.4906037
          ],
          [
            34.9586007,
            48.4905743
          ],
          [
            34.9588367,
            48.4905446
          ]
        ]
      },
      "id": "way/261926567"
    },
    {
      "type": "Feature",
      "properties": {
        "@id": "way/261926568",
        "highway": "residential",
        "name": "Старобазарна вулиця",
        "name:en": "Starobazarna Street",
        "name:ru": "Старобазарная улица",
        "name:uk": "Старобазарна вулиця",
        "old_name": "Союзна вулиця",
        "old_name:en": "Soyuzna Street",
        "old_name:uk": "Союзна вулиця",
        "surface": "gravel"
      },
      "geometry": {
        "type": "LineString",
        "coordinates": [
          [
            34.9579222,
            48.4886718
          ],
          [
            34.9575392,
            48.4885792
          ],
          [
            34.9569685,
            48.4884091
          ],
          [
            34.9568037,
            48.4883384
          ],
          [
            34.9564559,
            48.4880893
          ],
          [
            34.9554622,
            48.4877159
          ]
        ]
      },
      "id": "way/261926568"
    },
    {
      "type": "Feature",
      "properties": {
        "@id": "way/262072831",
        "highway": "residential",
        "name": "Деревлянська вулиця",
        "name:en": "Derevlianska Street",
        "name:ru": "Деревлянская улица",
        "name:uk": "Деревлянська вулиця",
        "old_name": "Кірінаківська вулиця",
        "old_name:en": "Kirinakivska Street",
        "old_name:uk": "Кірінаківська вулиця"
      },
      "geometry": {
        "type": "LineString",
        "coordinates": [
          [
            34.9568818,
            48.4795169
          ],
          [
            34.956482,
            48.4793948
          ],
          [
            34.9559462,
            48.4792644
          ],
          [
            34.9552879,
            48.4791471
          ],
          [
            34.9544028,
            48.4790618
          ],
          [
            34.9535997,
            48.4789929
          ]
        ]
      },
      "id": "way/262072831"
    },
    {
      "type": "Feature",
      "properties": {
        "@id": "way/262103285",
        "highway": "residential",
        "name": "вулиця Зорі",
        "name:ru": "Зари улица",
        "name:uk": "вулиця Зорі"
      },
      "geometry": {
        "type": "LineString",
        "coordinates": [
          [
            34.9378136,
            48.4812682
          ],
          [
            34.9379848,
            48.4814401
          ],
          [
            34.9380927,
            48.4815753
          ],
          [
            34.9382292,
            48.4816503
          ],
          [
            34.9382304,
            48.4816515
          ],
          [
            34.9383097,
            48.4817292
          ],
          [
            34.9388763,
            48.4822969
          ],
          [
            34.9389679,
            48.4824557
          ],
          [
            34.9390125,
            48.4825347
          ],
          [
            34.939121,
            48.4826137
          ],
          [
            34.9393814,
            48.4827844
          ],
          [
            34.9394165,
            48.4830325
          ],
          [
            34.9394205,
            48.4831923
          ],
          [
            34.9394126,
            48.4833076
          ],
          [
            34.939543,
            48.4833915
          ],
          [
            34.9397664,
            48.4834583
          ]
        ]
      },
      "id": "way/262103285"
    },
    {
      "type": "Feature",
      "properties": {
        "@id": "way/262103287",
        "highway": "residential",
        "name": "вулиця Зорі",
        "name:ru": "Зари улица",
        "name:uk": "вулиця Зорі"
      },
      "geometry": {
        "type": "LineString",
        "coordinates": [
          [
            34.9434996,
            48.481906
          ],
          [
            34.9434729,
            48.4818487
          ],
          [
            34.9432699,
            48.4814136
          ],
          [
            34.9432323,
            48.4811472
          ],
          [
            34.94286,
            48.4811566
          ],
          [
            34.9424288,
            48.4811674
          ],
          [
            34.9421445,
            48.4811748
          ],
          [
            34.9411357,
            48.4811795
          ],
          [
            34.9405717,
            48.4811279
          ],
          [
            34.94004,
            48.4811801
          ],
          [
            34.9395121,
            48.4811782
          ],
          [
            34.9382263,
            48.4811674
          ],
          [
            34.9380242,
            48.4811776
          ],
          [
            34.9378136,
            48.4812682
          ],
          [
            34.9376389,
            48.481372
          ]
        ]
      },
      "id": "way/262103287"
    },
    {
      "type": "Feature",
      "properties": {
        "@id": "way/262103291",
        "highway": "residential",
        "name": "Високопільська вулиця",
        "name:de": "Wyssokopilsska-Straße",
        "name:en": "Vysokopilska Street",
        "name:fr": "Rue Vysokopilska",
        "name:ru": "Высокопольская улица",
        "name:uk": "Високопільська вулиця",
        "old_name": "Якутська вулиця",
        "old_name:uk": "Якутська вулиця"
      },
      "geometry": {
        "type": "LineString",
        "coordinates": [
          [
            34.9395788,
            48.4825186
          ],
          [
            34.9395408,
            48.482197
          ],
          [
            34.9395234,
            48.4820375
          ],
          [
            34.9395132,
            48.4818411
          ],
          [
            34.9395121,
            48.4811782
          ]
        ]
      },
      "id": "way/262103291"
    },
    {
      "type": "Feature",
      "properties": {
        "@id": "way/262447431",
        "highway": "residential",
        "name": "Волинський тупик",
        "name:ru": "Волынский тупик",
        "name:uk": "Волинський тупик"
      },
      "geometry": {
        "type": "LineString",
        "coordinates": [
          [
            34.9427178,
            48.4587834
          ],
          [
            34.9426281,
            48.458777
          ],
          [
            34.9424742,
            48.4588378
          ],
          [
            34.94229,
            48.4589823
          ],
          [
            34.9417287,
            48.4595048
          ],
          [
            34.9415977,
            48.4597374
          ],
          [
            34.9415821,
            48.4598285
          ],
          [
            34.9415955,
            48.4599243
          ],
          [
            34.9416803,
            48.4599899
          ]
        ]
      },
      "id": "way/262447431"
    },
    {
      "type": "Feature",
      "properties": {
        "@id": "way/262447432",
        "highway": "residential",
        "name": "Правобережна вулиця",
        "name:ru": "Правобережная улица",
        "name:uk": "Правобережна вулиця"
      },
      "geometry": {
        "type": "LineString",
        "coordinates": [
          [
            34.9453496,
            48.4638741
          ],
          [
            34.9453086,
            48.4637333
          ],
          [
            34.945064,
            48.462894
          ],
          [
            34.9448854,
            48.4622085
          ],
          [
            34.9448438,
            48.4621286
          ]
        ]
      },
      "id": "way/262447432"
    },
    {
      "type": "Feature",
      "properties": {
        "@id": "way/262447433",
        "highway": "residential",
        "name": "Щербаківська вулиця",
        "name:uk": "Щербаківська вулиця",
        "old_name": "Уссурійська вулиця",
        "old_name:ru": "Уссурийская улица",
        "old_name:uk": "Уссурійська вулиця"
      },
      "geometry": {
        "type": "LineString",
        "coordinates": [
          [
            34.9466706,
            48.4619769
          ],
          [
            34.9467141,
            48.4619796
          ],
          [
            34.9467427,
            48.4619979
          ],
          [
            34.9467541,
            48.4620368
          ],
          [
            34.9467815,
            48.4621547
          ],
          [
            34.9469525,
            48.4628376
          ],
          [
            34.9471932,
            48.4636933
          ]
        ]
      },
      "id": "way/262447433"
    },
    {
      "type": "Feature",
      "properties": {
        "@id": "way/262582702",
        "highway": "residential",
        "name": "провулок Кибальчича",
        "name:uk": "провулок Кибальчича",
        "old_name": "провулок Тараса Трясила",
        "old_name:uk": "провулок Тараса Трясила"
      },
      "geometry": {
        "type": "LineString",
        "coordinates": [
          [
            34.9558397,
            48.483424
          ],
          [
            34.9557813,
            48.4838308
          ],
          [
            34.9557351,
            48.4842425
          ],
          [
            34.9556661,
            48.4848479
          ],
          [
            34.9556037,
            48.4849091
          ],
          [
            34.9555332,
            48.4850205
          ],
          [
            34.9555056,
            48.4852127
          ],
          [
            34.9554364,
            48.4853718
          ],
          [
            34.9554375,
            48.4854592
          ],
          [
            34.9554901,
            48.4857172
          ],
          [
            34.9555156,
            48.4858604
          ],
          [
            34.9556426,
            48.4864874
          ]
        ]
      },
      "id": "way/262582702"
    },
    {
      "type": "Feature",
      "properties": {
        "@id": "way/263779017",
        "highway": "unclassified",
        "name": "вулиця Сухий Острів",
        "name:ru": "Сухой Остров улица",
        "name:uk": "вулиця Сухий Острів",
        "smoothness": "bad",
        "surface": "gravel"
      },
      "geometry": {
        "type": "LineString",
        "coordinates": [
          [
            34.9615847,
            48.4745439
          ],
          [
            34.9616021,
            48.474423
          ],
          [
            34.9616256,
            48.4742
          ]
        ]
      },
      "id": "way/263779017"
    },
    {
      "type": "Feature",
      "properties": {
        "@id": "way/263779018",
        "highway": "residential",
        "name": "вулиця Сухий Острів",
        "name:ru": "Сухой Остров улица",
        "name:uk": "вулиця Сухий Острів",
        "smoothness": "bad",
        "surface": "gravel"
      },
      "geometry": {
        "type": "LineString",
        "coordinates": [
          [
            34.9605448,
            48.4741027
          ],
          [
            34.9612006,
            48.4741612
          ],
          [
            34.9616256,
            48.4742
          ]
        ]
      },
      "id": "way/263779018"
    },
    {
      "type": "Feature",
      "properties": {
        "@id": "way/263779019",
        "highway": "residential",
        "name": "вулиця Сухий Острів",
        "name:ru": "Сухой Остров улица",
        "name:uk": "вулиця Сухий Острів",
        "smoothness": "bad",
        "surface": "gravel"
      },
      "geometry": {
        "type": "LineString",
        "coordinates": [
          [
            34.960433,
            48.4744471
          ],
          [
            34.9615847,
            48.4745439
          ],
          [
            34.9624161,
            48.4746043
          ]
        ]
      },
      "id": "way/263779019"
    },
    {
      "type": "Feature",
      "properties": {
        "@id": "way/263779020",
        "highway": "unclassified",
        "name": "вулиця Сухий Острів",
        "name:ru": "Сухой Остров улица",
        "name:uk": "вулиця Сухий Острів",
        "smoothness": "good",
        "surface": "asphalt"
      },
      "geometry": {
        "type": "LineString",
        "coordinates": [
          [
            34.9592341,
            48.4758369
          ],
          [
            34.9593329,
            48.4755453
          ],
          [
            34.9594016,
            48.4753921
          ],
          [
            34.9594745,
            48.4752298
          ],
          [
            34.959504,
            48.4751642
          ],
          [
            34.959518,
            48.4751329
          ],
          [
            34.9598383,
            48.4744846
          ],
          [
            34.9598912,
            48.4744528
          ],
          [
            34.9599661,
            48.4744078
          ]
        ]
      },
      "id": "way/263779020"
    },
    {
      "type": "Feature",
      "properties": {
        "@id": "way/263782436",
        "bridge": "yes",
        "highway": "construction",
        "layer": "1",
        "name": "Північний обхід",
        "name:uk": "Північний обхід"
      },
      "geometry": {
        "type": "LineString",
        "coordinates": [
          [
            34.9626361,
            48.4861043
          ],
          [
            34.9627226,
            48.4859693
          ],
          [
            34.9628372,
            48.4857903
          ],
          [
            34.9629446,
            48.4854386
          ],
          [
            34.963007,
            48.4849104
          ],
          [
            34.9630353,
            48.4845093
          ],
          [
            34.9630727,
            48.4840555
          ],
          [
            34.9631199,
            48.4836666
          ],
          [
            34.9631988,
            48.4833688
          ],
          [
            34.9633045,
            48.4830798
          ],
          [
            34.9634467,
            48.4827868
          ],
          [
            34.9637883,
            48.482083
          ],
          [
            34.9641395,
            48.4813939
          ],
          [
            34.9643916,
            48.480832
          ],
          [
            34.9645016,
            48.4805315
          ],
          [
            34.9645825,
            48.4799497
          ],
          [
            34.9646151,
            48.479343
          ],
          [
            34.9646051,
            48.4783333
          ],
          [
            34.9644604,
            48.4773639
          ],
          [
            34.9642455,
            48.4763866
          ],
          [
            34.9637999,
            48.4749631
          ]
        ]
      },
      "id": "way/263782436"
    },
    {
      "type": "Feature",
      "properties": {
        "@id": "way/284306458",
        "highway": "residential",
        "name": "вулиця Максима Дія",
        "name:en": "Maksyma Diia Street",
        "name:ru": "Максима Дия улица",
        "name:uk": "вулиця Максима Дія",
        "old_name": "вулиця Шелгунова",
        "old_name:uk": "вулиця Шелгунова",
        "smoothness": "good",
        "surface": "asphalt"
      },
      "geometry": {
        "type": "LineString",
        "coordinates": [
          [
            34.9158359,
            48.4815481
          ],
          [
            34.9157554,
            48.4815799
          ],
          [
            34.9154535,
            48.481709
          ],
          [
            34.9152574,
            48.4817622
          ],
          [
            34.9148281,
            48.4817613
          ],
          [
            34.9144299,
            48.4817116
          ],
          [
            34.9142911,
            48.4816878
          ]
        ]
      },
      "id": "way/284306458"
    },
    {
      "type": "Feature",
      "properties": {
        "@id": "way/309969601",
        "highway": "primary",
        "lanes": "3",
        "lit": "yes",
        "maxspeed": "70",
        "name": "вулиця Набережна Заводська",
        "name:ru": "Набережная Заводская улица",
        "name:uk": "вулиця Набережна Заводська",
        "oneway": "yes",
        "placement": "right_of:2",
        "smoothness": "excellent",
        "source:maxspeed": "UA:urban",
        "surface": "asphalt"
      },
      "geometry": {
        "type": "LineString",
        "coordinates": [
          [
            34.9617765,
            48.4923701
          ],
          [
            34.9622213,
            48.492239
          ],
          [
            34.9623951,
            48.4921851
          ],
          [
            34.9626004,
            48.4921151
          ],
          [
            34.9627162,
            48.4920693
          ],
          [
            34.9628466,
            48.4920121
          ],
          [
            34.9629767,
            48.4919467
          ],
          [
            34.963121,
            48.4918673
          ],
          [
            34.9632846,
            48.4917673
          ],
          [
            34.9637182,
            48.4914995
          ],
          [
            34.9641753,
            48.4911973
          ],
          [
            34.9645805,
            48.4909591
          ]
        ]
      },
      "id": "way/309969601"
    },
    {
      "type": "Feature",
      "properties": {
        "@id": "way/323716684",
        "highway": "residential",
        "name": "Деземовська вулиця",
        "name:ru": "Деземовская улица",
        "name:uk": "Деземовська вулиця",
        "surface": "sett"
      },
      "geometry": {
        "type": "LineString",
        "coordinates": [
          [
            34.9352076,
            48.4686533
          ],
          [
            34.9361801,
            48.4690018
          ],
          [
            34.9362188,
            48.4690174
          ],
          [
            34.9363231,
            48.4690605
          ],
          [
            34.93647,
            48.4691231
          ],
          [
            34.9373241,
            48.4695234
          ],
          [
            34.937832,
            48.4697506
          ],
          [
            34.9381301,
            48.469884
          ],
          [
            34.9390501,
            48.4701418
          ],
          [
            34.9394258,
            48.4702488
          ]
        ]
      },
      "id": "way/323716684"
    },
    {
      "type": "Feature",
      "properties": {
        "@id": "way/338834685",
        "highway": "secondary",
        "lanes": "3",
        "maxspeed": "50",
        "name": "Велика Діївська вулиця",
        "name:en": "Velyka Diivska Street",
        "name:ru": "Большая Диёвская улица",
        "name:uk": "Велика Діївська вулиця",
        "old_name": "вулиця Братів Трофімових",
        "old_name:en": "Brativ Trofimovykh Street",
        "old_name:uk": "вулиця Братів Трофімових",
        "oneway": "yes",
        "smoothness": "bad",
        "surface": "asphalt"
      },
      "geometry": {
        "type": "LineString",
        "coordinates": [
          [
            34.9237187,
            48.4784467
          ],
          [
            34.9239023,
            48.478477
          ],
          [
            34.9239936,
            48.4784952
          ],
          [
            34.9241185,
            48.4785269
          ],
          [
            34.9242502,
            48.4785601
          ],
          [
            34.9243885,
            48.4785968
          ],
          [
            34.9245318,
            48.4786351
          ],
          [
            34.9246785,
            48.4786735
          ],
          [
            34.9248302,
            48.4787119
          ],
          [
            34.9249835,
            48.4787535
          ],
          [
            34.9251384,
            48.4787919
          ],
          [
            34.9253348,
            48.4788399
          ],
          [
            34.9254552,
            48.4788702
          ],
          [
            34.9257851,
            48.4789385
          ],
          [
            34.9259535,
            48.4789685
          ],
          [
            34.9260978,
            48.4789928
          ],
          [
            34.9261218,
            48.4789968
          ],
          [
            34.9262951,
            48.4790185
          ],
          [
            34.9264685,
            48.4790385
          ],
          [
            34.9266418,
            48.4790619
          ],
          [
            34.9267388,
            48.4790742
          ],
          [
            34.9268118,
            48.4790835
          ],
          [
            34.9269834,
            48.4791052
          ],
          [
            34.9271584,
            48.4791168
          ],
          [
            34.9272397,
            48.4791194
          ],
          [
            34.927422,
            48.4791259
          ],
          [
            34.9275084,
            48.4791285
          ],
          [
            34.927742,
            48.4791338
          ],
          [
            34.9278485,
            48.4791369
          ],
          [
            34.9280152,
            48.4791419
          ],
          [
            34.9281092,
            48.4791435
          ],
          [
            34.9283498,
            48.4791486
          ],
          [
            34.9284951,
            48.4791502
          ],
          [
            34.9286469,
            48.4791536
          ],
          [
            34.9287935,
            48.4791568
          ],
          [
            34.9289351,
            48.4791601
          ],
          [
            34.9290649,
            48.4791666
          ],
          [
            34.9292075,
            48.4791807
          ],
          [
            34.9293377,
            48.479221
          ],
          [
            34.9294116,
            48.4792749
          ]
        ]
      },
      "id": "way/338834685"
    },
    {
      "type": "Feature",
      "properties": {
        "@id": "way/339606388",
        "highway": "path",
        "loc_name": "Mokrosoft",
        "name": "Mokrosoft",
        "surface": "ground"
      },
      "geometry": {
        "type": "LineString",
        "coordinates": [
          [
            34.9040359,
            48.4865912
          ],
          [
            34.9039088,
            48.4865665
          ],
          [
            34.9037339,
            48.4865925
          ],
          [
            34.9034036,
            48.4865235
          ],
          [
            34.903152,
            48.4864839
          ],
          [
            34.9027587,
            48.4864361
          ],
          [
            34.9024262,
            48.4864233
          ],
          [
            34.9021851,
            48.4864269
          ],
          [
            34.9019857,
            48.486454
          ],
          [
            34.9017913,
            48.4865305
          ],
          [
            34.9015588,
            48.4865629
          ],
          [
            34.9013737,
            48.4865488
          ],
          [
            34.901056,
            48.4865994
          ],
          [
            34.9008303,
            48.4866173
          ],
          [
            34.9006018,
            48.4866422
          ],
          [
            34.9003761,
            48.4866845
          ],
          [
            34.9003456,
            48.486692
          ],
          [
            34.8999632,
            48.4867707
          ],
          [
            34.8997146,
            48.4868829
          ],
          [
            34.8996053,
            48.4869248
          ],
          [
            34.899487,
            48.4869308
          ],
          [
            34.8993348,
            48.4869333
          ],
          [
            34.8991141,
            48.4869736
          ],
          [
            34.8988304,
            48.4869645
          ],
          [
            34.8987276,
            48.4870021
          ],
          [
            34.8986332,
            48.4870366
          ],
          [
            34.8984028,
            48.4871108
          ],
          [
            34.8982943,
            48.4871856
          ],
          [
            34.8981497,
            48.4872624
          ],
          [
            34.8979927,
            48.4873076
          ],
          [
            34.8977439,
            48.4873254
          ],
          [
            34.8976266,
            48.4873676
          ],
          [
            34.8974865,
            48.4873862
          ],
          [
            34.8973745,
            48.4873862
          ],
          [
            34.8971873,
            48.4874051
          ],
          [
            34.8969024,
            48.4875495
          ],
          [
            34.8966039,
            48.4876308
          ],
          [
            34.896523,
            48.4876866
          ],
          [
            34.8964094,
            48.4877649
          ],
          [
            34.8962723,
            48.4879062
          ],
          [
            34.8960505,
            48.4880487
          ],
          [
            34.8959735,
            48.4880981
          ],
          [
            34.8959198,
            48.4881925
          ],
          [
            34.895852,
            48.4882838
          ],
          [
            34.8956459,
            48.4884321
          ],
          [
            34.8955532,
            48.4884943
          ],
          [
            34.8954504,
            48.488519
          ],
          [
            34.8953723,
            48.488557
          ],
          [
            34.895327,
            48.4886075
          ],
          [
            34.8950768,
            48.4889152
          ],
          [
            34.8949367,
            48.4889895
          ],
          [
            34.8946845,
            48.4892804
          ],
          [
            34.894717,
            48.4894372
          ],
          [
            34.8946659,
            48.4895899
          ],
          [
            34.8945918,
            48.4896542
          ],
          [
            34.8944683,
            48.4897103
          ],
          [
            34.8942399,
            48.4897734
          ],
          [
            34.8941829,
            48.4898192
          ],
          [
            34.8939086,
            48.4900896
          ],
          [
            34.893827,
            48.490175
          ],
          [
            34.8937881,
            48.4902925
          ],
          [
            34.8937243,
            48.4903981
          ],
          [
            34.8937098,
            48.4904221
          ],
          [
            34.8936424,
            48.4905216
          ],
          [
            34.893692,
            48.4905803
          ],
          [
            34.8935902,
            48.4906011
          ],
          [
            34.8935002,
            48.4907305
          ],
          [
            34.8934237,
            48.4908403
          ],
          [
            34.8933502,
            48.4909423
          ],
          [
            34.8932213,
            48.4910382
          ],
          [
            34.893211,
            48.4910875
          ],
          [
            34.8931822,
            48.4911307
          ],
          [
            34.8930353,
            48.4912415
          ],
          [
            34.8928576,
            48.4913248
          ],
          [
            34.8927138,
            48.4914469
          ],
          [
            34.892465,
            48.4915322
          ],
          [
            34.8922947,
            48.4916369
          ],
          [
            34.8922152,
            48.4916808
          ],
          [
            34.8920357,
            48.4917604
          ],
          [
            34.8919923,
            48.4917316
          ],
          [
            34.8916931,
            48.4917046
          ],
          [
            34.8915469,
            48.4917111
          ],
          [
            34.8914708,
            48.4917796
          ],
          [
            34.8913408,
            48.4918678
          ],
          [
            34.8909672,
            48.4919855
          ],
          [
            34.8907431,
            48.4919978
          ],
          [
            34.8902387,
            48.4923197
          ],
          [
            34.8900986,
            48.4924064
          ],
          [
            34.8898931,
            48.4924064
          ],
          [
            34.8898931,
            48.4925673
          ],
          [
            34.8898558,
            48.4926849
          ],
          [
            34.889725,
            48.4927963
          ],
          [
            34.8897063,
            48.4928953
          ],
          [
            34.8894728,
            48.4931615
          ],
          [
            34.8892767,
            48.4933534
          ],
          [
            34.8890525,
            48.4936814
          ],
          [
            34.8890339,
            48.493799
          ],
          [
            34.8889218,
            48.4938424
          ],
          [
            34.8886229,
            48.4940961
          ],
          [
            34.8883801,
            48.4943561
          ],
          [
            34.8881569,
            48.4944807
          ],
          [
            34.8879078,
            48.4946004
          ]
        ]
      },
      "id": "way/339606388"
    },
    {
      "type": "Feature",
      "properties": {
        "@id": "way/342676022",
        "highway": "residential",
        "name": "Курінна вулиця",
        "name:en": "Kurinna Street",
        "name:ru": "Куренная улица",
        "name:uk": "Курінна вулиця",
        "old_name": "вулиця Аверіна",
        "old_name:uk": "вулиця Аверіна",
        "smoothness": "bad",
        "surface": "paved"
      },
      "geometry": {
        "type": "LineString",
        "coordinates": [
          [
            34.9634134,
            48.4858107
          ],
          [
            34.9639613,
            48.4857141
          ],
          [
            34.9654097,
            48.4855071
          ],
          [
            34.9658157,
            48.485467
          ],
          [
            34.9664978,
            48.4854988
          ],
          [
            34.9668714,
            48.4855107
          ],
          [
            34.9683427,
            48.4856139
          ]
        ]
      },
      "id": "way/342676022"
    },
    {
      "type": "Feature",
      "properties": {
        "@id": "way/360167584",
        "highway": "residential",
        "name": "вулиця Ганни Барвінок",
        "name:en": "Hanny Barvinok Street",
        "name:ru": "Ганны Барвинок улица",
        "name:uk": "вулиця Ганни Барвінок",
        "old_name": "вулиця Коллонтай",
        "old_name:uk": "вулиця Коллонтай"
      },
      "geometry": {
        "type": "LineString",
        "coordinates": [
          [
            34.947209,
            48.481704
          ],
          [
            34.947967,
            48.4819869
          ],
          [
            34.9480525,
            48.4821249
          ],
          [
            34.9484674,
            48.4827252
          ],
          [
            34.9488743,
            48.4833142
          ],
          [
            34.9494952,
            48.4841918
          ],
          [
            34.9497691,
            48.4845926
          ],
          [
            34.9498045,
            48.4846588
          ],
          [
            34.949842,
            48.4848922
          ],
          [
            34.9499946,
            48.485466
          ],
          [
            34.9502014,
            48.4862436
          ],
          [
            34.9501733,
            48.4863807
          ],
          [
            34.9499723,
            48.4869738
          ],
          [
            34.9498816,
            48.4872353
          ],
          [
            34.9497884,
            48.4874935
          ],
          [
            34.9497289,
            48.4875635
          ],
          [
            34.9491097,
            48.4880272
          ],
          [
            34.9486935,
            48.4882721
          ],
          [
            34.9478918,
            48.4887268
          ],
          [
            34.9475567,
            48.4889611
          ],
          [
            34.9470957,
            48.4892752
          ],
          [
            34.9467707,
            48.4895082
          ]
        ]
      },
      "id": "way/360167584"
    },
    {
      "type": "Feature",
      "properties": {
        "@id": "way/360167585",
        "highway": "pedestrian",
        "name": "вулиця Ганни Барвінок",
        "name:en": "Hanny Barvinok Street",
        "name:ru": "Ганны Барвинок улица",
        "name:uk": "вулиця Ганни Барвінок",
        "old_name": "вулиця Коллонтай",
        "old_name:uk": "вулиця Коллонтай"
      },
      "geometry": {
        "type": "LineString",
        "coordinates": [
          [
            34.9466174,
            48.4815359
          ],
          [
            34.9467532,
            48.481572
          ],
          [
            34.947209,
            48.481704
          ]
        ]
      },
      "id": "way/360167585"
    },
    {
      "type": "Feature",
      "properties": {
        "@id": "way/367262648",
        "highway": "secondary",
        "name": "вулиця Панаса Мирного",
        "name:en": "Panasa Myrnoho Street",
        "name:ru": "Панаса Мирного улица",
        "name:uk": "вулиця Панаса Мирного",
        "surface": "asphalt"
      },
      "geometry": {
        "type": "LineString",
        "coordinates": [
          [
            34.944514,
            48.4802656
          ],
          [
            34.9445224,
            48.4802305
          ],
          [
            34.9445285,
            48.4802008
          ],
          [
            34.9445379,
            48.480155
          ]
        ]
      },
      "id": "way/367262648"
    },
    {
      "type": "Feature",
      "properties": {
        "@id": "way/367262649",
        "highway": "secondary",
        "maxspeed": "50",
        "name": "проспект Свободи",
        "name:en": "Svobody Avenue",
        "name:pl": "prospekt Wolności",
        "name:ru": "Свободы проспект",
        "name:uk": "проспект Свободи",
        "oneway": "yes",
        "sidewalk": "separate",
        "smoothness": "intermediate",
        "surface": "asphalt"
      },
      "geometry": {
        "type": "LineString",
        "coordinates": [
          [
            34.9445379,
            48.480155
          ],
          [
            34.944939,
            48.4801892
          ],
          [
            34.9455134,
            48.4802454
          ],
          [
            34.9456621,
            48.4802616
          ],
          [
            34.9494132,
            48.4807233
          ],
          [
            34.9495037,
            48.4807343
          ],
          [
            34.9496663,
            48.4807556
          ]
        ]
      },
      "id": "way/367262649"
    },
    {
      "type": "Feature",
      "properties": {
        "@id": "way/367262650",
        "hgv": "yes",
        "highway": "secondary",
        "maxspeed": "50",
        "name": "проспект Свободи",
        "name:en": "Svobody Avenue",
        "name:pl": "prospekt Wolności",
        "name:ru": "Свободы проспект",
        "name:uk": "проспект Свободи",
        "oneway": "yes",
        "smoothness": "intermediate",
        "source:maxspeed": "UA:urban",
        "surface": "asphalt"
      },
      "geometry": {
        "type": "LineString",
        "coordinates": [
          [
            34.944514,
            48.4802656
          ],
          [
            34.9441156,
            48.4802305
          ],
          [
            34.9439176,
            48.4802132
          ],
          [
            34.943856,
            48.4802055
          ],
          [
            34.9437543,
            48.4801859
          ],
          [
            34.9429364,
            48.4801172
          ],
          [
            34.9428952,
            48.4801056
          ],
          [
            34.9425371,
            48.4800244
          ]
        ]
      },
      "id": "way/367262650"
    },
    {
      "type": "Feature",
      "properties": {
        "@id": "way/408036387",
        "highway": "residential",
        "name": "вулиця Юрія Кондратюка",
        "name:en": "Yuriia Kondratiuka Street",
        "name:ru": "Юрия Кондратюка улица",
        "name:uk": "вулиця Юрія Кондратюка",
        "old_name": "Комунарівська вулиця",
        "old_name:en": "Komunarivska Street",
        "old_name:uk": "Комунарівська вулиця",
        "oneway": "no"
      },
      "geometry": {
        "type": "LineString",
        "coordinates": [
          [
            34.9288365,
            48.4768869
          ],
          [
            34.9286894,
            48.4768172
          ],
          [
            34.9286471,
            48.476755
          ],
          [
            34.9286409,
            48.4766266
          ],
          [
            34.9286391,
            48.4765879
          ],
          [
            34.9286418,
            48.4764207
          ],
          [
            34.9285915,
            48.4761504
          ],
          [
            34.9285459,
            48.4758602
          ],
          [
            34.9284261,
            48.475582
          ],
          [
            34.9283756,
            48.4754903
          ],
          [
            34.9283286,
            48.4754339
          ],
          [
            34.9282369,
            48.4754174
          ],
          [
            34.9278934,
            48.4755197
          ]
        ]
      },
      "id": "way/408036387"
    },
    {
      "type": "Feature",
      "properties": {
        "@id": "way/412121313",
        "highway": "residential",
        "name": "Фронтова вулиця",
        "name:en": "Frontova Street",
        "name:ru": "Фронтовая улица",
        "name:uk": "Фронтова вулиця"
      },
      "geometry": {
        "type": "LineString",
        "coordinates": [
          [
            34.9225015,
            48.4664132
          ],
          [
            34.9222322,
            48.4659007
          ],
          [
            34.9221364,
            48.4657184
          ]
        ]
      },
      "id": "way/412121313"
    },
    {
      "type": "Feature",
      "properties": {
        "@id": "way/412129137",
        "highway": "residential",
        "name": "Кленовий провулок",
        "name:en": "Klenovyi Lane",
        "name:uk": "Кленовий провулок",
        "old_name": "провулок Єрмака",
        "old_name:en": "Yermaka Lane",
        "old_name:ru": "Ермака переулок",
        "old_name:uk": "провулок Єрмака"
      },
      "geometry": {
        "type": "LineString",
        "coordinates": [
          [
            34.9152518,
            48.4691784
          ],
          [
            34.9145573,
            48.4699715
          ],
          [
            34.9139253,
            48.4707163
          ],
          [
            34.913856,
            48.4707903
          ]
        ]
      },
      "id": "way/412129137"
    },
    {
      "type": "Feature",
      "properties": {
        "@id": "way/412135882",
        "highway": "service",
        "name": "Зенітний провулок",
        "name:pl": "zaułek Zenitowy",
        "name:ru": "Зенитный переулок",
        "name:uk": "Зенітний провулок"
      },
      "geometry": {
        "type": "LineString",
        "coordinates": [
          [
            34.9169258,
            48.4662322
          ],
          [
            34.9159645,
            48.4653392
          ]
        ]
      },
      "id": "way/412135882"
    },
    {
      "type": "Feature",
      "properties": {
        "@id": "way/412142649",
        "highway": "residential",
        "name": "Галицька вулиця",
        "name:en": "Halytska Street",
        "name:pl": "ulica Halicka",
        "name:uk": "Галицька вулиця",
        "old_name": "Пролетарська вулиця",
        "old_name:en": "Proletarska Street",
        "old_name:ru": "Пролетарская улица",
        "old_name:uk": "Пролетарська вулиця",
        "surface": "gravel"
      },
      "geometry": {
        "type": "LineString",
        "coordinates": [
          [
            34.9058884,
            48.4707301
          ],
          [
            34.905925,
            48.4705059
          ],
          [
            34.906107,
            48.4701174
          ],
          [
            34.9063554,
            48.4697307
          ],
          [
            34.906542,
            48.4694133
          ],
          [
            34.9066967,
            48.4691514
          ],
          [
            34.906813,
            48.4689855
          ]
        ]
      },
      "id": "way/412142649"
    },
    {
      "type": "Feature",
      "properties": {
        "@id": "way/448302312",
        "highway": "residential",
        "name": "Повстанська вулиця",
        "name:en": "Povstanska Street",
        "name:pl": "ulica powstańcza",
        "name:uk": "Повстанська вулиця"
      },
      "geometry": {
        "type": "LineString",
        "coordinates": [
          [
            34.9110895,
            48.4719769
          ],
          [
            34.9109968,
            48.4717043
          ],
          [
            34.9110674,
            48.4715053
          ],
          [
            34.9112805,
            48.4712754
          ],
          [
            34.9117831,
            48.4708046
          ],
          [
            34.9122164,
            48.470333
          ]
        ]
      },
      "id": "way/448302312"
    },
    {
      "type": "Feature",
      "properties": {
        "@id": "way/501732558",
        "highway": "trunk",
        "int_ref": "E 50",
        "lanes": "2",
        "maxspeed": "50",
        "name": "проспект Свободи",
        "name:en": "Svobody Avenue",
        "name:pl": "prospekt Wolności",
        "name:ru": "Свободы проспект",
        "name:uk": "проспект Свободи",
        "nat_ref": "М-30",
        "old_ref": "М-04",
        "oneway": "yes",
        "ref": "М-30",
        "sidewalk": "separate",
        "source:maxspeed": "UA:urban",
        "surface": "asphalt"
      },
      "geometry": {
        "type": "LineString",
        "coordinates": [
          [
            34.9562829,
            48.4815846
          ],
          [
            34.9561848,
            48.481579
          ],
          [
            34.955368,
            48.4815036
          ],
          [
            34.9550783,
            48.4814796
          ],
          [
            34.954469,
            48.4814222
          ],
          [
            34.954312,
            48.4814105
          ],
          [
            34.9531376,
            48.4812971
          ],
          [
            34.9527304,
            48.4812491
          ],
          [
            34.9512169,
            48.4810613
          ],
          [
            34.9501039,
            48.480926
          ],
          [
            34.9500144,
            48.4809135
          ]
        ]
      },
      "id": "way/501732558"
    },
    {
      "type": "Feature",
      "properties": {
        "@id": "way/532580522",
        "highway": "service",
        "name": "Зовнішня вулиця",
        "name:ru": "Внешняя улица",
        "name:uk": "Зовнішня вулиця"
      },
      "geometry": {
        "type": "LineString",
        "coordinates": [
          [
            34.9551553,
            48.465052
          ],
          [
            34.9555027,
            48.4652014
          ],
          [
            34.9558113,
            48.4652143
          ]
        ]
      },
      "id": "way/532580522"
    },
    {
      "type": "Feature",
      "properties": {
        "@id": "way/543642784",
        "highway": "residential",
        "name": "Червонокалиновий провулок",
        "name:en": "Chervonokalynovyi Lane",
        "name:ru": "Краснокалиновый переулок",
        "name:uk": "Червонокалиновий провулок",
        "old_name": "Червоноармійський провулок",
        "old_name:en": "Chervonoarmiiskyi Lane",
        "old_name:uk": "Червоноармійський провулок",
        "surface": "compacted"
      },
      "geometry": {
        "type": "LineString",
        "coordinates": [
          [
            34.9193339,
            48.4772902
          ],
          [
            34.9193188,
            48.4772423
          ],
          [
            34.9193563,
            48.4771836
          ],
          [
            34.9194423,
            48.4770079
          ],
          [
            34.9194523,
            48.4769217
          ],
          [
            34.9194286,
            48.4768418
          ],
          [
            34.9193749,
            48.4766482
          ],
          [
            34.9193292,
            48.4764564
          ]
        ]
      },
      "id": "way/543642784"
    },
    {
      "type": "Feature",
      "properties": {
        "@id": "way/557734067",
        "highway": "primary",
        "lanes": "3",
        "lit": "yes",
        "maxspeed": "50",
        "name": "вулиця Набережна Заводська",
        "name:ru": "Набережная Заводская улица",
        "name:uk": "вулиця Набережна Заводська",
        "oneway": "yes",
        "placement": "right_of:2",
        "source:maxspeed": "UA:urban",
        "surface": "asphalt"
      },
      "geometry": {
        "type": "LineString",
        "coordinates": [
          [
            34.9580743,
            48.4925958
          ],
          [
            34.9582594,
            48.492601
          ]
        ]
      },
      "id": "way/557734067"
    },
    {
      "type": "Feature",
      "properties": {
        "@id": "way/557734068",
        "highway": "trunk",
        "int_ref": "E 50",
        "maxspeed": "50",
        "name": "вулиця Кайдацький Шлях",
        "name:en": "Kaidatskyi Shliakh Street",
        "name:ru": "Кайдакский Шлях улица",
        "name:uk": "вулиця Кайдацький Шлях",
        "nat_ref": "М-30",
        "old_ref": "М-04",
        "oneway": "yes",
        "ref": "М-30",
        "smoothness": "excellent",
        "source:maxspeed": "UA:urban",
        "surface": "asphalt"
      },
      "geometry": {
        "type": "LineString",
        "coordinates": [
          [
            34.9605045,
            48.4905369
          ],
          [
            34.9604676,
            48.4904108
          ],
          [
            34.9604429,
            48.4902873
          ],
          [
            34.9604081,
            48.4900884
          ],
          [
            34.9604007,
            48.4900143
          ]
        ]
      },
      "id": "way/557734068"
    },
    {
      "type": "Feature",
      "properties": {
        "@id": "way/603667224",
        "highway": "residential",
        "name": "Заливна вулиця",
        "name:en": "Zalyvna Street",
        "name:ru": "Заливная улица",
        "name:uk": "Заливна вулиця"
      },
      "geometry": {
        "type": "LineString",
        "coordinates": [
          [
            34.9013785,
            48.4784557
          ],
          [
            34.9013771,
            48.478373
          ],
          [
            34.9013664,
            48.4782584
          ],
          [
            34.9013396,
            48.4778236
          ],
          [
            34.9013382,
            48.4776414
          ],
          [
            34.9013738,
            48.4774987
          ],
          [
            34.9011621,
            48.4773158
          ],
          [
            34.9008241,
            48.4770249
          ],
          [
            34.9005663,
            48.476761
          ],
          [
            34.9004035,
            48.4766467
          ],
          [
            34.9003817,
            48.4764642
          ],
          [
            34.9003446,
            48.4761369
          ],
          [
            34.9003293,
            48.475977
          ],
          [
            34.9003357,
            48.4758107
          ]
        ]
      },
      "id": "way/603667224"
    },
    {
      "type": "Feature",
      "properties": {
        "@id": "way/607176904",
        "highway": "tertiary",
        "lanes": "2",
        "lit": "yes",
        "maxspeed": "40",
        "name": "Велика Діївська вулиця",
        "name:en": "Velyka Diivska Street",
        "name:ru": "Большая Диёвская улица",
        "name:uk": "Велика Діївська вулиця",
        "old_name": "вулиця Братів Трофімових",
        "old_name:en": "Brativ Trofimovykh Street",
        "old_name:uk": "вулиця Братів Трофімових",
        "smoothness": "excellent",
        "source:maxspeed": "sign",
        "surface": "asphalt"
      },
      "geometry": {
        "type": "LineString",
        "coordinates": [
          [
            34.9084518,
            48.4747906
          ],
          [
            34.9073858,
            48.4744453
          ],
          [
            34.9073396,
            48.4744306
          ]
        ]
      },
      "id": "way/607176904"
    },
    {
      "type": "Feature",
      "properties": {
        "@id": "way/610225036",
        "highway": "pedestrian",
        "name": "вулиця Данила Галицького",
        "name:en": "Danyla Halytskoho Street",
        "name:pl": "ulica Daniela Halickiego",
        "name:ru": "Даниила Галицкого улица",
        "name:uk": "вулиця Данила Галицького",
        "old_name": "вулиця Будьонного",
        "old_name:en": "Budonnoho Street",
        "old_name:uk": "вулиця Будьонного"
      },
      "geometry": {
        "type": "LineString",
        "coordinates": [
          [
            34.9390797,
            48.4596042
          ],
          [
            34.9390067,
            48.4595196
          ],
          [
            34.9388576,
            48.4594747
          ],
          [
            34.938605,
            48.4591539
          ],
          [
            34.9384862,
            48.4590029
          ],
          [
            34.9383673,
            48.4588517
          ],
          [
            34.9382175,
            48.4586613
          ],
          [
            34.9381488,
            48.458574
          ],
          [
            34.9380335,
            48.4584275
          ],
          [
            34.9380169,
            48.4584064
          ],
          [
            34.9378975,
            48.4582547
          ],
          [
            34.9378124,
            48.4581465
          ],
          [
            34.9377809,
            48.4581064
          ],
          [
            34.9377461,
            48.4580622
          ],
          [
            34.9376363,
            48.4579226
          ],
          [
            34.9376191,
            48.4579007
          ],
          [
            34.9375939,
            48.4578777
          ],
          [
            34.9375586,
            48.4578614
          ],
          [
            34.9375197,
            48.4578541
          ],
          [
            34.9374792,
            48.4578553
          ],
          [
            34.937458,
            48.4578606
          ],
          [
            34.9374414,
            48.4578648
          ],
          [
            34.9374099,
            48.4578817
          ],
          [
            34.9373881,
            48.4579043
          ],
          [
            34.937378,
            48.4579303
          ],
          [
            34.9373808,
            48.4579571
          ],
          [
            34.9373961,
            48.4579819
          ],
          [
            34.9375196,
            48.4581337
          ],
          [
            34.9375671,
            48.458192
          ],
          [
            34.9375926,
            48.4582251
          ],
          [
            34.9376816,
            48.458341
          ],
          [
            34.9377908,
            48.4584831
          ],
          [
            34.9378123,
            48.458511
          ],
          [
            34.9379146,
            48.4586442
          ],
          [
            34.9379776,
            48.4587262
          ],
          [
            34.9381327,
            48.458928
          ],
          [
            34.938249,
            48.4590795
          ],
          [
            34.9383673,
            48.4592333
          ],
          [
            34.9385034,
            48.4594105
          ],
          [
            34.9386022,
            48.4594509
          ],
          [
            34.9386391,
            48.4594961
          ],
          [
            34.9387619,
            48.4596557
          ],
          [
            34.9388325,
            48.4597509
          ]
        ]
      },
      "id": "way/610225036"
    },
    {
      "type": "Feature",
      "properties": {
        "@id": "way/612331328",
        "foot": "no",
        "highway": "tertiary",
        "lit": "yes",
        "maxspeed": "50",
        "name": "вулиця Набережна Заводська",
        "name:uk": "вулиця Набережна Заводська",
        "oneway": "yes",
        "sidewalk": "no",
        "source:maxspeed": "UA:urban",
        "surface": "asphalt",
        "trolley_wire": "yes"
      },
      "geometry": {
        "type": "LineString",
        "coordinates": [
          [
            34.9078853,
            48.4838783
          ],
          [
            34.9077696,
            48.4838089
          ],
          [
            34.9077287,
            48.483748
          ]
        ]
      },
      "id": "way/612331328"
    },
    {
      "type": "Feature",
      "properties": {
        "@id": "way/615304110",
        "hgv": "no",
        "highway": "secondary",
        "maxspeed": "50",
        "name": "Велика Діївська вулиця",
        "name:en": "Velyka Diivska Street",
        "name:ru": "Большая Диёвская улица",
        "name:uk": "Велика Діївська вулиця",
        "old_name": "вулиця Братів Трофімових",
        "old_name:en": "Brativ Trofimovykh Street",
        "old_name:uk": "вулиця Братів Трофімових",
        "oneway": "yes",
        "smoothness": "excellent",
        "source:maxspeed": "UA:urban",
        "surface": "asphalt"
      },
      "geometry": {
        "type": "LineString",
        "coordinates": [
          [
            34.9129342,
            48.476205
          ],
          [
            34.9130577,
            48.4762281
          ],
          [
            34.9131779,
            48.4762543
          ],
          [
            34.9134057,
            48.476304
          ],
          [
            34.913495,
            48.4763246
          ],
          [
            34.9148461,
            48.4766364
          ],
          [
            34.9163197,
            48.476847
          ],
          [
            34.9174905,
            48.4769897
          ],
          [
            34.9187756,
            48.4771657
          ],
          [
            34.9189945,
            48.4772122
          ],
          [
            34.9193339,
            48.4772902
          ]
        ]
      },
      "id": "way/615304110"
    },
    {
      "type": "Feature",
      "properties": {
        "@id": "way/674530041",
        "highway": "residential",
        "name": "Волинська вулиця",
        "name:en": "Volynska Street",
        "name:pl": "ulica Wołyńska",
        "name:ru": "Волынская улица",
        "name:uk": "Волинська вулиця"
      },
      "geometry": {
        "type": "LineString",
        "coordinates": [
          [
            34.9388075,
            48.4622487
          ],
          [
            34.9392851,
            48.4618479
          ],
          [
            34.9397607,
            48.4614225
          ],
          [
            34.9400184,
            48.4613076
          ],
          [
            34.9400441,
            48.4612921
          ],
          [
            34.9400824,
            48.4612837
          ],
          [
            34.9401377,
            48.4612631
          ],
          [
            34.9402203,
            48.4612323
          ]
        ]
      },
      "id": "way/674530041"
    },
    {
      "type": "Feature",
      "properties": {
        "@id": "way/721127165",
        "bicycle": "yes",
        "bridge": "yes",
        "foot": "yes",
        "highway": "trunk",
        "int_ref": "E 50",
        "lanes": "3",
        "layer": "1",
        "name": "Кайдацький міст",
        "name:fr": "Pont Kaidatsky",
        "name:uk": "Кайдацький міст",
        "nat_ref": "М-30",
        "old_ref": "М-04",
        "oneway": "yes",
        "ref": "М-30",
        "smoothness": "excellent",
        "surface": "asphalt"
      },
      "geometry": {
        "type": "LineString",
        "coordinates": [
          [
            34.9617949,
            48.4921477
          ],
          [
            34.9627183,
            48.4935388
          ],
          [
            34.9633268,
            48.4944506
          ],
          [
            34.9636467,
            48.4949376
          ],
          [
            34.9645146,
            48.4962517
          ],
          [
            34.966084,
            48.4986134
          ],
          [
            34.9662721,
            48.4989052
          ]
        ]
      },
      "id": "way/721127165"
    },
    {
      "type": "Feature",
      "properties": {
        "@id": "way/724447776",
        "highway": "tertiary",
        "lanes": "2",
        "maxspeed": "50",
        "name": "вулиця Юрія Кондратюка",
        "name:en": "Yuriia Kondratiuka Street",
        "name:ru": "Юрия Кондратюка улица",
        "name:uk": "вулиця Юрія Кондратюка",
        "old_name": "Комунарівська вулиця",
        "old_name:en": "Komunarivska Street",
        "old_name:uk": "Комунарівська вулиця",
        "oneway": "no",
        "smoothness": "good",
        "source:maxspeed": "UA:urban",
        "surface": "asphalt"
      },
      "geometry": {
        "type": "LineString",
        "coordinates": [
          [
            34.9171013,
            48.4650041
          ],
          [
            34.9172797,
            48.4652015
          ],
          [
            34.9174287,
            48.4654029
          ],
          [
            34.9177834,
            48.4658533
          ],
          [
            34.9179262,
            48.4660503
          ],
          [
            34.9179803,
            48.4661238
          ],
          [
            34.9181492,
            48.466352
          ],
          [
            34.9182649,
            48.4665084
          ],
          [
            34.9190113,
            48.4676714
          ]
        ]
      },
      "id": "way/724447776"
    },
    {
      "type": "Feature",
      "properties": {
        "@id": "way/724804098",
        "highway": "residential",
        "name": "вулиця Семена Бардадима",
        "name:en": "Semena Bardadyma Street",
        "name:ru": "Семена Бардадыма улица",
        "name:uk": "вулиця Семена Бардадима",
        "old_name": "вулиця Курочкіна",
        "old_name:uk": "вулиця Курочкіна"
      },
      "geometry": {
        "type": "LineString",
        "coordinates": [
          [
            34.9522247,
            48.4851242
          ],
          [
            34.9522787,
            48.485334
          ],
          [
            34.9522975,
            48.4855832
          ],
          [
            34.9523163,
            48.4857764
          ],
          [
            34.9523445,
            48.4862001
          ],
          [
            34.9523929,
            48.4866922
          ],
          [
            34.952375,
            48.4869958
          ],
          [
            34.9523252,
            48.4873341
          ],
          [
            34.9522918,
            48.4875273
          ]
        ]
      },
      "id": "way/724804098"
    },
    {
      "type": "Feature",
      "properties": {
        "@id": "way/724804099",
        "highway": "residential",
        "name": "вулиця Семена Бардадима",
        "name:en": "Semena Bardadyma Street",
        "name:ru": "Семена Бардадыма улица",
        "name:uk": "вулиця Семена Бардадима",
        "old_name": "вулиця Курочкіна",
        "old_name:uk": "вулиця Курочкіна",
        "surface": "gravel"
      },
      "geometry": {
        "type": "LineString",
        "coordinates": [
          [
            34.9522918,
            48.4875273
          ],
          [
            34.9522008,
            48.4876214
          ],
          [
            34.9519537,
            48.4879036
          ],
          [
            34.9516462,
            48.4881848
          ],
          [
            34.9514167,
            48.4884802
          ],
          [
            34.95132,
            48.4886983
          ],
          [
            34.9512493,
            48.4888666
          ],
          [
            34.9511964,
            48.4890195
          ],
          [
            34.9509328,
            48.4893801
          ],
          [
            34.9503488,
            48.4901512
          ],
          [
            34.9502123,
            48.4903153
          ],
          [
            34.9500829,
            48.4905
          ],
          [
            34.9500696,
            48.4906021
          ],
          [
            34.9500513,
            48.4906542
          ],
          [
            34.9498724,
            48.4908912
          ]
        ]
      },
      "id": "way/724804099"
    },
    {
      "type": "Feature",
      "properties": {
        "@id": "way/724804100",
        "highway": "residential",
        "name": "Фортечна вулиця",
        "name:en": "Fortechna Street",
        "name:ru": "Фортечная улица",
        "name:uk": "Фортечна вулиця",
        "old_name": "вулиця Жовтенят",
        "old_name:en": "Zhovteniat Street",
        "old_name:uk": "вулиця Жовтенят",
        "surface": "gravel"
      },
      "geometry": {
        "type": "LineString",
        "coordinates": [
          [
            34.9509328,
            48.4893801
          ],
          [
            34.9514156,
            48.4894852
          ],
          [
            34.9514804,
            48.4894993
          ],
          [
            34.952124,
            48.4896264
          ],
          [
            34.9522958,
            48.4896365
          ],
          [
            34.9526686,
            48.4896481
          ],
          [
            34.9531175,
            48.4895781
          ],
          [
            34.9533102,
            48.4895397
          ]
        ]
      },
      "id": "way/724804100"
    },
    {
      "type": "Feature",
      "properties": {
        "@id": "way/724804101",
        "highway": "residential",
        "name": "Річкова вулиця",
        "name:pl": "ulica Rzeczna",
        "name:ru": "Речная улица",
        "name:uk": "Річкова вулиця"
      },
      "geometry": {
        "type": "LineString",
        "coordinates": [
          [
            34.9533102,
            48.4895397
          ],
          [
            34.9533035,
            48.4893504
          ],
          [
            34.9531916,
            48.4890017
          ],
          [
            34.9530856,
            48.4888244
          ],
          [
            34.9528954,
            48.4882233
          ],
          [
            34.9526498,
            48.4877643
          ],
          [
            34.9525807,
            48.487494
          ],
          [
            34.9525112,
            48.4872507
          ],
          [
            34.952375,
            48.4869958
          ]
        ]
      },
      "id": "way/724804101"
    },
    {
      "type": "Feature",
      "properties": {
        "@id": "way/757237544",
        "highway": "residential",
        "name": "вулиця Павла Тушкана",
        "name:uk": "вулиця Павла Тушкана",
        "old_name": "вулиця Вільямса",
        "old_name:en": "Viliamsa Street",
        "old_name:ru": "Вильямса улица",
        "old_name:uk": "вулиця Вільямса",
        "smoothness": "very_bad",
        "surface": "asphalt"
      },
      "geometry": {
        "type": "LineString",
        "coordinates": [
          [
            34.9039269,
            48.4701711
          ],
          [
            34.9038848,
            48.4704333
          ],
          [
            34.9038594,
            48.470704
          ],
          [
            34.9038462,
            48.4708548
          ],
          [
            34.9037735,
            48.4712335
          ],
          [
            34.9037321,
            48.4714244
          ],
          [
            34.9037153,
            48.4722209
          ],
          [
            34.9036828,
            48.4727712
          ],
          [
            34.9036377,
            48.4731864
          ],
          [
            34.903597,
            48.4733264
          ],
          [
            34.9035805,
            48.4733831
          ]
        ]
      },
      "id": "way/757237544"
    },
    {
      "type": "Feature",
      "properties": {
        "@id": "way/765394700",
        "highway": "residential",
        "maxspeed": "20",
        "name": "вулиця Данила Галицького",
        "name:en": "Danyla Halytskoho Street",
        "name:pl": "ulica Daniela Halickiego",
        "name:ru": "Даниила Галицкого улица",
        "name:uk": "вулиця Данила Галицького",
        "old_name": "вулиця Будьонного",
        "old_name:en": "Budonnoho Street",
        "old_name:uk": "вулиця Будьонного",
        "smoothness": "very_bad",
        "surface": "asphalt"
      },
      "geometry": {
        "type": "LineString",
        "coordinates": [
          [
            34.9390374,
            48.4597143
          ],
          [
            34.9388325,
            48.4597509
          ],
          [
            34.9387234,
            48.4597518
          ],
          [
            34.9386741,
            48.4597621
          ],
          [
            34.9384532,
            48.4598129
          ],
          [
            34.9381374,
            48.4598687
          ],
          [
            34.9378926,
            48.4598977
          ],
          [
            34.9377029,
            48.4599093
          ],
          [
            34.9375153,
            48.4599087
          ],
          [
            34.9373423,
            48.4599084
          ],
          [
            34.9371673,
            48.4598986
          ],
          [
            34.9370145,
            48.459885
          ],
          [
            34.9368658,
            48.4598661
          ],
          [
            34.936273,
            48.4597832
          ],
          [
            34.936035,
            48.4597467
          ],
          [
            34.9357499,
            48.4596882
          ],
          [
            34.9356399,
            48.4596391
          ],
          [
            34.935391,
            48.4594943
          ],
          [
            34.935255,
            48.4594152
          ],
          [
            34.9350193,
            48.4592742
          ],
          [
            34.934808,
            48.4591264
          ],
          [
            34.9346547,
            48.459017
          ],
          [
            34.9343853,
            48.4588078
          ],
          [
            34.9340601,
            48.4586206
          ],
          [
            34.9339629,
            48.4585685
          ],
          [
            34.9336328,
            48.4584627
          ],
          [
            34.9334598,
            48.4584224
          ],
          [
            34.9333375,
            48.4584143
          ]
        ]
      },
      "id": "way/765394700"
    },
    {
      "type": "Feature",
      "properties": {
        "@id": "way/792638869",
        "highway": "path",
        "name": "Сонячний провулок",
        "name:ru": "Солнечный переулок",
        "name:uk": "Сонячний провулок"
      },
      "geometry": {
        "type": "LineString",
        "coordinates": [
          [
            34.9621167,
            48.4849859
          ],
          [
            34.9623419,
            48.4850683
          ],
          [
            34.9625749,
            48.4851094
          ],
          [
            34.9627823,
            48.4851344
          ],
          [
            34.9628466,
            48.4851407
          ]
        ]
      },
      "id": "way/792638869"
    },
    {
      "type": "Feature",
      "properties": {
        "@id": "way/792638870",
        "highway": "path",
        "name": "Якірна вулиця",
        "name:ru": "Якорная улица",
        "name:uk": "Якірна вулиця"
      },
      "geometry": {
        "type": "LineString",
        "coordinates": [
          [
            34.9625572,
            48.4842706
          ],
          [
            34.9628547,
            48.4843203
          ],
          [
            34.9628976,
            48.4843203
          ]
        ]
      },
      "id": "way/792638870"
    },
    {
      "type": "Feature",
      "properties": {
        "@id": "way/815049592",
        "highway": "residential",
        "name": "Заливна вулиця",
        "name:en": "Zalyvna Street",
        "name:ru": "Заливная улица",
        "name:uk": "Заливна вулиця"
      },
      "geometry": {
        "type": "LineString",
        "coordinates": [
          [
            34.9011169,
            48.478902
          ],
          [
            34.9010402,
            48.4788305
          ],
          [
            34.9010011,
            48.4788031
          ],
          [
            34.9009551,
            48.478781
          ],
          [
            34.9008982,
            48.4787638
          ],
          [
            34.9008372,
            48.4787546
          ],
          [
            34.9008084,
            48.4787497
          ]
        ]
      },
      "id": "way/815049592"
    },
    {
      "type": "Feature",
      "properties": {
        "@id": "way/821790604",
        "highway": "path",
        "name": "Водостічна вулиця",
        "name:en": "Vodostichna Street",
        "name:ru": "Водосточная улица",
        "name:uk": "Водостічна вулиця"
      },
      "geometry": {
        "type": "LineString",
        "coordinates": [
          [
            34.9288346,
            48.4783251
          ],
          [
            34.928691,
            48.4784768
          ],
          [
            34.928459,
            48.4787906
          ],
          [
            34.9284237,
            48.4788221
          ]
        ]
      },
      "id": "way/821790604"
    },
    {
      "type": "Feature",
      "properties": {
        "@id": "way/831363960",
        "highway": "tertiary",
        "lanes": "2",
        "lit": "yes",
        "name": "Моніторна вулиця",
        "name:en": "Monitorna Street",
        "name:ru": "Мониторная улица",
        "name:uk": "Моніторна вулиця",
        "surface": "asphalt"
      },
      "geometry": {
        "type": "LineString",
        "coordinates": [
          [
            34.9124095,
            48.4788294
          ],
          [
            34.9124876,
            48.4788499
          ],
          [
            34.9126175,
            48.4788841
          ],
          [
            34.9127131,
            48.4789092
          ],
          [
            34.9129031,
            48.4789592
          ],
          [
            34.9129505,
            48.4789684
          ],
          [
            34.9130382,
            48.4789862
          ]
        ]
      },
      "id": "way/831363960"
    },
    {
      "type": "Feature",
      "properties": {
        "@id": "way/848495462",
        "highway": "tertiary",
        "lanes": "2",
        "lit": "yes",
        "name": "Моніторна вулиця",
        "name:en": "Monitorna Street",
        "name:ru": "Мониторная улица",
        "name:uk": "Моніторна вулиця",
        "surface": "asphalt"
      },
      "geometry": {
        "type": "LineString",
        "coordinates": [
          [
            34.9101347,
            48.4782837
          ],
          [
            34.9105404,
            48.4783805
          ],
          [
            34.9106595,
            48.4784089
          ],
          [
            34.9114181,
            48.4785897
          ],
          [
            34.9117561,
            48.4786703
          ],
          [
            34.9124095,
            48.4788294
          ]
        ]
      },
      "id": "way/848495462"
    },
    {
      "type": "Feature",
      "properties": {
        "@id": "way/856603191",
        "access": "private",
        "highway": "service",
        "lanes": "1",
        "maxspeed": "20",
        "name": "Нагорний провулок",
        "name:ru": "Нагорный переулок",
        "name:uk": "Нагорний провулок",
        "oneway": "no"
      },
      "geometry": {
        "type": "LineString",
        "coordinates": [
          [
            34.9515254,
            48.4834631
          ],
          [
            34.9513892,
            48.4831207
          ]
        ]
      },
      "id": "way/856603191"
    },
    {
      "type": "Feature",
      "properties": {
        "@id": "way/871134269",
        "highway": "tertiary",
        "lanes": "2",
        "maxspeed": "50",
        "name": "Деревлянська вулиця",
        "name:en": "Derevlianska Street",
        "name:uk": "Деревлянська вулиця",
        "old_name": "Кірінаківська вулиця",
        "old_name:en": "Kirinakivska Street",
        "old_name:uk": "Кірінаківська вулиця"
      },
      "geometry": {
        "type": "LineString",
        "coordinates": [
          [
            34.9563137,
            48.4814623
          ],
          [
            34.9563253,
            48.4814089
          ],
          [
            34.9566751,
            48.4802323
          ],
          [
            34.956762,
            48.4799659
          ],
          [
            34.9567903,
            48.4798799
          ],
          [
            34.9568135,
            48.4798233
          ],
          [
            34.9568377,
            48.479717
          ],
          [
            34.9568818,
            48.4795169
          ],
          [
            34.9570607,
            48.4792311
          ],
          [
            34.9572799,
            48.4790127
          ],
          [
            34.9576122,
            48.4787185
          ],
          [
            34.9577445,
            48.4784976
          ],
          [
            34.957879,
            48.4781841
          ],
          [
            34.9579219,
            48.4780635
          ],
          [
            34.9581777,
            48.4774783
          ],
          [
            34.9582166,
            48.4774024
          ],
          [
            34.9583599,
            48.4770029
          ],
          [
            34.9584975,
            48.4765652
          ],
          [
            34.9584886,
            48.476463
          ],
          [
            34.9584478,
            48.4763532
          ],
          [
            34.9583309,
            48.4762831
          ]
        ]
      },
      "id": "way/871134269"
    },
    {
      "type": "Feature",
      "properties": {
        "@id": "way/871134270",
        "highway": "trunk",
        "int_ref": "E 50",
        "maxspeed": "50",
        "name": "проспект Свободи",
        "name:en": "Svobody Avenue",
        "name:pl": "prospekt Wolności",
        "name:ru": "Свободы проспект",
        "name:uk": "проспект Свободи",
        "nat_ref": "М-30",
        "old_ref": "М-04",
        "oneway": "yes",
        "ref": "М-30",
        "smoothness": "excellent",
        "source:maxspeed": "UA:urban",
        "surface": "asphalt"
      },
      "geometry": {
        "type": "LineString",
        "coordinates": [
          [
            34.9563137,
            48.4814623
          ],
          [
            34.9576456,
            48.4815968
          ],
          [
            34.9586128,
            48.4816793
          ],
          [
            34.9605472,
            48.4818551
          ],
          [
            34.961239,
            48.4819226
          ],
          [
            34.9616358,
            48.4819657
          ],
          [
            34.9622151,
            48.4820291
          ],
          [
            34.9635297,
            48.482214
          ]
        ]
      },
      "id": "way/871134270"
    },
    {
      "type": "Feature",
      "properties": {
        "@id": "way/916246647",
        "highway": "residential",
        "name": "Орбітальна вулиця",
        "name:en": "Orbitalna Street",
        "name:ru": "Орбитальная улица",
        "name:uk": "Орбітальна вулиця",
        "smoothness": "very_horrible",
        "surface": "unpaved"
      },
      "geometry": {
        "type": "LineString",
        "coordinates": [
          [
            34.9327621,
            48.4694075
          ],
          [
            34.9328471,
            48.4694513
          ],
          [
            34.9332672,
            48.4696784
          ],
          [
            34.9333997,
            48.4697813
          ],
          [
            34.9336168,
            48.4699645
          ],
          [
            34.9336797,
            48.4700393
          ],
          [
            34.9339228,
            48.4703604
          ],
          [
            34.9345307,
            48.4711636
          ],
          [
            34.9345764,
            48.4712239
          ],
          [
            34.9352617,
            48.4721969
          ]
        ]
      },
      "id": "way/916246647"
    },
    {
      "type": "Feature",
      "properties": {
        "@id": "way/916246648",
        "highway": "residential",
        "name": "Чорноземна вулиця",
        "name:en": "Chornozemna Street",
        "name:ru": "Чернозёмная улица",
        "name:uk": "Чорноземна вулиця",
        "surface": "gravel"
      },
      "geometry": {
        "type": "LineString",
        "coordinates": [
          [
            34.9352617,
            48.4721969
          ],
          [
            34.9355671,
            48.4721862
          ],
          [
            34.9361217,
            48.4721274
          ],
          [
            34.9367432,
            48.4720685
          ]
        ]
      },
      "id": "way/916246648"
    },
    {
      "type": "Feature",
      "properties": {
        "@id": "way/916246649",
        "highway": "residential",
        "name": "Орбітальна вулиця",
        "name:en": "Orbitalna Street",
        "name:ru": "Орбитальная улица",
        "name:uk": "Орбітальна вулиця",
        "surface": "gravel"
      },
      "geometry": {
        "type": "LineString",
        "coordinates": [
          [
            34.9292141,
            48.4698325
          ],
          [
            34.9291484,
            48.4699199
          ],
          [
            34.9291341,
            48.4700016
          ],
          [
            34.9292067,
            48.4701072
          ],
          [
            34.929721,
            48.4703999
          ],
          [
            34.9300195,
            48.4705493
          ],
          [
            34.9305849,
            48.4707781
          ],
          [
            34.9308438,
            48.4709161
          ],
          [
            34.9310187,
            48.4710235
          ],
          [
            34.9311585,
            48.4711344
          ],
          [
            34.931203,
            48.4711844
          ],
          [
            34.9312722,
            48.4712892
          ],
          [
            34.9314166,
            48.4714154
          ],
          [
            34.9315377,
            48.4715483
          ],
          [
            34.9317375,
            48.4716467
          ]
        ]
      },
      "id": "way/916246649"
    },
    {
      "type": "Feature",
      "properties": {
        "@id": "way/916246651",
        "highway": "residential",
        "name": "Орбітальна вулиця",
        "name:en": "Orbitalna Street",
        "name:ru": "Орбитальная улица",
        "name:uk": "Орбітальна вулиця",
        "smoothness": "impassable",
        "surface": "unpaved"
      },
      "geometry": {
        "type": "LineString",
        "coordinates": [
          [
            34.9317784,
            48.4716779
          ],
          [
            34.9318012,
            48.4716698
          ],
          [
            34.9319373,
            48.4716081
          ],
          [
            34.9321198,
            48.4715532
          ],
          [
            34.9322936,
            48.4715316
          ],
          [
            34.932504,
            48.4715097
          ]
        ]
      },
      "id": "way/916246651"
    },
    {
      "type": "Feature",
      "properties": {
        "@id": "way/916246652",
        "highway": "residential",
        "maxwidth": "1.99",
        "name": "Чорноземна вулиця",
        "name:en": "Chornozemna Street",
        "name:ru": "Чернозёмная улица",
        "name:uk": "Чорноземна вулиця",
        "surface": "asphalt"
      },
      "geometry": {
        "type": "LineString",
        "coordinates": [
          [
            34.9317784,
            48.4716779
          ],
          [
            34.9319711,
            48.4717887
          ],
          [
            34.9320285,
            48.4718848
          ],
          [
            34.9320326,
            48.4719831
          ],
          [
            34.9320424,
            48.4720242
          ]
        ]
      },
      "id": "way/916246652"
    },
    {
      "type": "Feature",
      "properties": {
        "@id": "way/916246653",
        "highway": "residential",
        "name": "Орбітальна вулиця",
        "name:en": "Orbitalna Street",
        "name:ru": "Орбитальная улица",
        "name:uk": "Орбітальна вулиця",
        "surface": "gravel"
      },
      "geometry": {
        "type": "LineString",
        "coordinates": [
          [
            34.9317375,
            48.4716467
          ],
          [
            34.9317784,
            48.4716779
          ]
        ]
      },
      "id": "way/916246653"
    },
    {
      "type": "Feature",
      "properties": {
        "@id": "way/918635703",
        "highway": "residential",
        "name": "Орбітальна вулиця",
        "name:en": "Orbitalna Street",
        "name:ru": "Орбитальная улица",
        "name:uk": "Орбітальна вулиця",
        "smoothness": "very_horrible",
        "surface": "unpaved"
      },
      "geometry": {
        "type": "LineString",
        "coordinates": [
          [
            34.932504,
            48.4715097
          ],
          [
            34.9325738,
            48.4714245
          ],
          [
            34.9326876,
            48.4713404
          ],
          [
            34.932831,
            48.4712826
          ],
          [
            34.9329073,
            48.4712551
          ],
          [
            34.9329447,
            48.4712417
          ],
          [
            34.9329687,
            48.4712216
          ],
          [
            34.9329709,
            48.4711995
          ],
          [
            34.9329779,
            48.4709366
          ]
        ]
      },
      "id": "way/918635703"
    },
    {
      "type": "Feature",
      "properties": {
        "@id": "way/938001373",
        "highway": "tertiary",
        "lit": "yes",
        "name": "Парусний провулок",
        "name:en": "Parusnyi Lane",
        "name:ru": "Парусный переулок",
        "name:uk": "Парусний провулок",
        "oneway": "yes",
        "smoothness": "intermediate",
        "surface": "asphalt",
        "trolley_wire": "yes"
      },
      "geometry": {
        "type": "LineString",
        "coordinates": [
          [
            34.907665,
            48.4801855
          ],
          [
            34.9077379,
            48.480434
          ]
        ]
      },
      "id": "way/938001373"
    },
    {
      "type": "Feature",
      "properties": {
        "@id": "way/950012582",
        "highway": "construction",
        "name": "Північний обхід",
        "name:ru": "Северный обход",
        "name:uk": "Північний обхід"
      },
      "geometry": {
        "type": "LineString",
        "coordinates": [
          [
            34.9637999,
            48.4749631
          ],
          [
            34.9627275,
            48.4734615
          ],
          [
            34.9623085,
            48.4720562
          ],
          [
            34.9621754,
            48.4715184
          ],
          [
            34.9615352,
            48.4706426
          ],
          [
            34.960579,
            48.4698193
          ],
          [
            34.9595972,
            48.4692453
          ],
          [
            34.9572689,
            48.4681746
          ],
          [
            34.9548229,
            48.4665009
          ],
          [
            34.9538139,
            48.4656433
          ],
          [
            34.9521373,
            48.4641609
          ],
          [
            34.9511332,
            48.4634336
          ],
          [
            34.9505802,
            48.4625612
          ],
          [
            34.9496935,
            48.4613922
          ],
          [
            34.9492488,
            48.4605176
          ],
          [
            34.9482768,
            48.4580898
          ],
          [
            34.9481506,
            48.4559345
          ],
          [
            34.948203,
            48.4550905
          ],
          [
            34.9479439,
            48.454121
          ]
        ]
      },
      "id": "way/950012582"
    },
    {
      "type": "Feature",
      "properties": {
        "@id": "way/984317008",
        "highway": "trunk",
        "int_ref": "E 50",
        "maxspeed": "50",
        "name": "проспект Свободи",
        "name:en": "Svobody Avenue",
        "name:pl": "prospekt Wolności",
        "name:ru": "Свободы проспект",
        "name:uk": "проспект Свободи",
        "nat_ref": "М-30",
        "old_ref": "М-04",
        "oneway": "yes",
        "ref": "М-30",
        "smoothness": "excellent",
        "source:maxspeed": "UA:urban",
        "surface": "asphalt"
      },
      "geometry": {
        "type": "LineString",
        "coordinates": [
          [
            34.9635297,
            48.482214
          ],
          [
            34.9641341,
            48.4823056
          ]
        ]
      },
      "id": "way/984317008"
    },
    {
      "type": "Feature",
      "properties": {
        "@id": "way/991517789",
        "highway": "secondary",
        "lanes": "4",
        "lit": "yes",
        "maxspeed": "50",
        "maxspeed:conditional": "70 @ (May-Sep); 50 @ (Oct-Apr)",
        "name": "вулиця Набережна Заводська",
        "name:ru": "Набережная Заводская улица",
        "name:uk": "вулиця Набережна Заводська",
        "oneway": "yes",
        "smoothness": "excellent",
        "source:maxspeed": "UA:urban",
        "surface": "asphalt",
        "turn:lanes": "through|through|through|through;right"
      },
      "geometry": {
        "type": "LineString",
        "coordinates": [
          [
            34.9309666,
            48.4872662
          ],
          [
            34.9313352,
            48.4873354
          ],
          [
            34.9315841,
            48.4873821
          ],
          [
            34.9318003,
            48.4874226
          ],
          [
            34.9319381,
            48.4874485
          ]
        ]
      },
      "id": "way/991517789"
    },
    {
      "type": "Feature",
      "properties": {
        "@id": "way/991517790",
        "foot": "no",
        "highway": "secondary",
        "lanes": "4",
        "lit": "yes",
        "maxspeed": "50",
        "maxspeed:conditional": "70 @ (May-Sep); 50 @ (Oct-Apr)",
        "name": "вулиця Набережна Заводська",
        "name:ru": "Набережная Заводская улица",
        "name:uk": "вулиця Набережна Заводська",
        "oneway": "yes",
        "sidewalk": "no",
        "smoothness": "excellent",
        "source:maxspeed": "UA:urban",
        "surface": "asphalt",
        "trolley_wire": "yes",
        "turn:lanes": "left;through|through|through|through"
      },
      "geometry": {
        "type": "LineString",
        "coordinates": [
          [
            34.932543,
            48.4877035
          ],
          [
            34.931944,
            48.4875887
          ],
          [
            34.9318835,
            48.4875771
          ]
        ]
      },
      "id": "way/991517790"
    },
    {
      "type": "Feature",
      "properties": {
        "@id": "way/991517791",
        "foot": "no",
        "highway": "secondary",
        "lanes": "4",
        "lit": "yes",
        "maxspeed": "50",
        "maxspeed:conditional": "70 @ (May-Sep); 50 @ (Oct-Apr)",
        "name": "вулиця Набережна Заводська",
        "name:ru": "Набережная Заводская улица",
        "name:uk": "вулиця Набережна Заводська",
        "oneway": "yes",
        "shoulder": "no",
        "sidewalk": "no",
        "smoothness": "excellent",
        "source:maxspeed": "UA:urban",
        "surface": "asphalt",
        "trolley_wire": "yes"
      },
      "geometry": {
        "type": "LineString",
        "coordinates": [
          [
            34.9349087,
            48.4881399
          ],
          [
            34.9341409,
            48.4879998
          ],
          [
            34.932543,
            48.4877035
          ]
        ]
      },
      "id": "way/991517791"
    },
    {
      "type": "Feature",
      "properties": {
        "@id": "way/991517792",
        "highway": "secondary",
        "lanes": "4",
        "lit": "yes",
        "maxspeed": "50",
        "maxspeed:conditional": "70 @ (May-Sep); 50 @ (Oct-Apr)",
        "name": "вулиця Набережна Заводська",
        "name:ru": "Набережная Заводская улица",
        "name:uk": "вулиця Набережна Заводська",
        "oneway": "yes",
        "smoothness": "excellent",
        "source:maxspeed": "UA:urban",
        "surface": "asphalt"
      },
      "geometry": {
        "type": "LineString",
        "coordinates": [
          [
            34.9319381,
            48.4874485
          ],
          [
            34.934195,
            48.4878728
          ],
          [
            34.934944,
            48.4879986
          ]
        ]
      },
      "id": "way/991517792"
    },
    {
      "type": "Feature",
      "properties": {
        "@id": "way/992013725",
        "foot": "no",
        "highway": "secondary",
        "lanes": "4",
        "lit": "yes",
        "maxspeed": "50",
        "maxspeed:conditional": "70 @ (May-Sep); 50 @ (Oct-Apr)",
        "name": "вулиця Набережна Заводська",
        "name:ru": "Набережная Заводская улица",
        "name:uk": "вулиця Набережна Заводська",
        "oneway": "yes",
        "sidewalk": "no",
        "smoothness": "excellent",
        "source:maxspeed": "UA:urban",
        "surface": "asphalt"
      },
      "geometry": {
        "type": "LineString",
        "coordinates": [
          [
            34.9230338,
            48.4857167
          ],
          [
            34.9232169,
            48.4857491
          ]
        ]
      },
      "id": "way/992013725"
    },
    {
      "type": "Feature",
      "properties": {
        "@id": "way/992013726",
        "foot": "no",
        "highway": "secondary",
        "lanes": "4",
        "lit": "yes",
        "maxspeed": "50",
        "maxspeed:conditional": "70 @ (May-Sep); 50 @ (Oct-Apr)",
        "name": "вулиця Набережна Заводська",
        "name:ru": "Набережная Заводская улица",
        "name:uk": "вулиця Набережна Заводська",
        "oneway": "yes",
        "sidewalk": "no",
        "smoothness": "excellent",
        "source:maxspeed": "UA:urban",
        "surface": "asphalt",
        "trolley_wire": "yes"
      },
      "geometry": {
        "type": "LineString",
        "coordinates": [
          [
            34.9231576,
            48.4858729
          ],
          [
            34.9229702,
            48.4858381
          ]
        ]
      },
      "id": "way/992013726"
    },
    {
      "type": "Feature",
      "properties": {
        "@id": "way/992284896",
        "highway": "trunk",
        "int_ref": "E 50",
        "lanes": "2",
        "maxspeed": "50",
        "name": "проспект Свободи",
        "name:en": "Svobody Avenue",
        "name:pl": "prospekt Wolności",
        "name:ru": "Свободы проспект",
        "name:uk": "проспект Свободи",
        "nat_ref": "М-30",
        "old_ref": "М-04",
        "oneway": "yes",
        "ref": "М-30",
        "source:maxspeed": "UA:urban",
        "surface": "asphalt"
      },
      "geometry": {
        "type": "LineString",
        "coordinates": [
          [
            34.9500144,
            48.4809135
          ],
          [
            34.9496729,
            48.4808677
          ]
        ]
      },
      "id": "way/992284896"
    },
    {
      "type": "Feature",
      "properties": {
        "@id": "way/992284897",
        "foot": "no",
        "highway": "secondary",
        "lanes": "3",
        "lit": "yes",
        "maxspeed": "70",
        "maxspeed:conditional": "70 @ (May-Sep); 50 @ (Oct-Apr)",
        "name": "вулиця Набережна Заводська",
        "name:ru": "Набережная Заводская улица",
        "name:uk": "вулиця Набережна Заводська",
        "oneway": "yes",
        "placement": "right_of:2",
        "sidewalk": "no",
        "smoothness": "excellent",
        "source:maxspeed": "UA:urban",
        "surface": "asphalt",
        "trolley_wire": "yes"
      },
      "geometry": {
        "type": "LineString",
        "coordinates": [
          [
            34.9511677,
            48.49176
          ],
          [
            34.9509712,
            48.4917119
          ],
          [
            34.9508635,
            48.4916848
          ],
          [
            34.9461705,
            48.4904561
          ]
        ]
      },
      "id": "way/992284897"
    },
    {
      "type": "Feature",
      "properties": {
        "@id": "way/992284898",
        "highway": "secondary",
        "lanes": "3",
        "lit": "yes",
        "maxspeed": "70",
        "maxspeed:conditional": "70 @ (May-Sep); 50 @ (Oct-Apr)",
        "name": "вулиця Набережна Заводська",
        "name:ru": "Набережная Заводская улица",
        "name:uk": "вулиця Набережна Заводська",
        "oneway": "yes",
        "placement": "right_of:2",
        "smoothness": "excellent",
        "source:maxspeed": "UA:urban",
        "surface": "asphalt"
      },
      "geometry": {
        "type": "LineString",
        "coordinates": [
          [
            34.9475635,
            48.4906806
          ],
          [
            34.9509519,
            48.4915751
          ],
          [
            34.9510401,
            48.4915988
          ],
          [
            34.9512368,
            48.4916441
          ]
        ]
      },
      "id": "way/992284898"
    },
    {
      "type": "Feature",
      "properties": {
        "@id": "way/992284899",
        "highway": "residential",
        "name": "вулиця Семена Бардадима",
        "name:en": "Semena Bardadyma Street",
        "name:ru": "Семена Бардадыма улица",
        "name:uk": "вулиця Семена Бардадима",
        "old_name": "вулиця Курочкіна",
        "old_name:uk": "вулиця Курочкіна"
      },
      "geometry": {
        "type": "LineString",
        "coordinates": [
          [
            34.9500242,
            48.4807992
          ],
          [
            34.9500134,
            48.4808387
          ],
          [
            34.9500138,
            48.4808691
          ],
          [
            34.9500144,
            48.4809135
          ]
        ]
      },
      "id": "way/992284899"
    },
    {
      "type": "Feature",
      "properties": {
        "@id": "way/1003270053",
        "highway": "residential",
        "name": "Чорноземна вулиця",
        "name:en": "Chornozemna Street",
        "name:ru": "Чернозёмная улица",
        "name:uk": "Чорноземна вулиця",
        "smoothness": "good",
        "surface": "asphalt"
      },
      "geometry": {
        "type": "LineString",
        "coordinates": [
          [
            34.9282753,
            48.4740407
          ],
          [
            34.9285051,
            48.4739538
          ],
          [
            34.9295004,
            48.4736066
          ],
          [
            34.9297571,
            48.4734844
          ]
        ]
      },
      "id": "way/1003270053"
    },
    {
      "type": "Feature",
      "properties": {
        "@id": "way/1010048721",
        "highway": "residential",
        "name": "Трудова вулиця",
        "name:ru": "Трудовая улица",
        "name:uk": "Трудова вулиця",
        "smoothness": "very_horrible"
      },
      "geometry": {
        "type": "LineString",
        "coordinates": [
          [
            34.9449974,
            48.4821931
          ],
          [
            34.9448964,
            48.4821812
          ],
          [
            34.9448661,
            48.4821747
          ],
          [
            34.9442847,
            48.4820556
          ],
          [
            34.943533,
            48.4819863
          ]
        ]
      },
      "id": "way/1010048721"
    },
    {
      "type": "Feature",
      "properties": {
        "@id": "way/1010176712",
        "foot": "no",
        "highway": "secondary",
        "lanes": "4",
        "lit": "yes",
        "maxspeed": "50",
        "name": "вулиця Набережна Заводська",
        "name:ru": "Набережная Заводская улица",
        "name:uk": "вулиця Набережна Заводська",
        "oneway": "yes",
        "sidewalk": "no",
        "smoothness": "excellent",
        "source:maxspeed": "UA:urban",
        "surface": "asphalt",
        "trolley_wire": "yes"
      },
      "geometry": {
        "type": "LineString",
        "coordinates": [
          [
            34.9375601,
            48.488658
          ],
          [
            34.9349087,
            48.4881399
          ]
        ]
      },
      "id": "way/1010176712"
    },
    {
      "type": "Feature",
      "properties": {
        "@id": "way/1010176713",
        "foot": "no",
        "highway": "secondary",
        "lanes": "5",
        "lit": "yes",
        "maxspeed": "50",
        "name": "вулиця Набережна Заводська",
        "name:ru": "Набережная Заводская улица",
        "name:uk": "вулиця Набережна Заводська",
        "oneway": "yes",
        "placement": "right_of:3",
        "sidewalk": "no",
        "smoothness": "excellent",
        "source:maxspeed": "UA:urban",
        "surface": "asphalt",
        "trolley_wire": "yes",
        "turn:lanes": "left|left;through|through|through|through"
      },
      "geometry": {
        "type": "LineString",
        "coordinates": [
          [
            34.9380978,
            48.4887638
          ],
          [
            34.9375601,
            48.488658
          ]
        ]
      },
      "id": "way/1010176713"
    },
    {
      "type": "Feature",
      "properties": {
        "@id": "way/1010340964",
        "foot": "no",
        "highway": "secondary",
        "lanes": "4",
        "lit": "yes",
        "maxspeed": "50",
        "maxspeed:conditional": "70 @ (May-Sep); 50 @ (Oct-Apr)",
        "name": "вулиця Набережна Заводська",
        "name:ru": "Набережная Заводская улица",
        "name:uk": "вулиця Набережна Заводська",
        "oneway": "yes",
        "sidewalk": "no",
        "smoothness": "excellent",
        "source:maxspeed": "UA:urban",
        "surface": "asphalt",
        "trolley_wire": "yes"
      },
      "geometry": {
        "type": "LineString",
        "coordinates": [
          [
            34.9461705,
            48.4904561
          ],
          [
            34.9458151,
            48.4903743
          ],
          [
            34.9448053,
            48.4901321
          ]
        ]
      },
      "id": "way/1010340964"
    },
    {
      "type": "Feature",
      "properties": {
        "@id": "way/1010340965",
        "foot": "no",
        "highway": "secondary",
        "lanes": "4",
        "lit": "yes",
        "maxspeed": "50",
        "maxspeed:conditional": "70 @ (May-Sep); 50 @ (Oct-Apr)",
        "name": "вулиця Набережна Заводська",
        "name:ru": "Набережная Заводская улица",
        "name:uk": "вулиця Набережна Заводська",
        "oneway": "yes",
        "sidewalk": "no",
        "smoothness": "excellent",
        "source:maxspeed": "UA:urban",
        "surface": "asphalt"
      },
      "geometry": {
        "type": "LineString",
        "coordinates": [
          [
            34.9449104,
            48.4900063
          ],
          [
            34.9458839,
            48.4902421
          ],
          [
            34.9475635,
            48.4906806
          ]
        ]
      },
      "id": "way/1010340965"
    },
    {
      "type": "Feature",
      "properties": {
        "@id": "way/1032942903",
        "highway": "residential",
        "name": "вулиця Сухий Острів",
        "name:ru": "Сухой Остров улица",
        "name:uk": "вулиця Сухий Острів",
        "smoothness": "good",
        "surface": "asphalt"
      },
      "geometry": {
        "type": "LineString",
        "coordinates": [
          [
            34.9599661,
            48.4744078
          ],
          [
            34.960433,
            48.4744471
          ]
        ]
      },
      "id": "way/1032942903"
    },
    {
      "type": "Feature",
      "properties": {
        "@id": "way/1033343469",
        "highway": "tertiary",
        "lanes": "2",
        "maxspeed": "40",
        "name": "вулиця Данила Галицького",
        "name:en": "Danyla Halytskoho Street",
        "name:pl": "ulica Daniela Halickiego",
        "name:ru": "Даниила Галицкого улица",
        "name:uk": "вулиця Данила Галицького",
        "old_name": "вулиця Будьонного",
        "old_name:en": "Budonnoho Street",
        "old_name:uk": "вулиця Будьонного",
        "smoothness": "good",
        "source:maxspeed": "sign",
        "surface": "asphalt"
      },
      "geometry": {
        "type": "LineString",
        "coordinates": [
          [
            34.9411604,
            48.4624152
          ],
          [
            34.9411075,
            48.4623402
          ],
          [
            34.9410144,
            48.4622231
          ],
          [
            34.9409875,
            48.4621896
          ],
          [
            34.9408306,
            48.4619942
          ],
          [
            34.9407128,
            48.4618477
          ],
          [
            34.9402203,
            48.4612323
          ]
        ]
      },
      "id": "way/1033343469"
    },
    {
      "type": "Feature",
      "properties": {
        "@id": "way/1033343470",
        "highway": "tertiary",
        "maxspeed": "50",
        "name": "вулиця Данила Галицького",
        "name:en": "Danyla Halytskoho Street",
        "name:pl": "ulica Daniela Halickiego",
        "name:ru": "Даниила Галицкого улица",
        "name:uk": "вулиця Данила Галицького",
        "old_name": "вулиця Будьонного",
        "old_name:en": "Budonnoho Street",
        "old_name:uk": "вулиця Будьонного",
        "source:maxspeed": "UA:urban"
      },
      "geometry": {
        "type": "LineString",
        "coordinates": [
          [
            34.9402203,
            48.4612323
          ],
          [
            34.9401261,
            48.4611147
          ],
          [
            34.9400932,
            48.4610735
          ],
          [
            34.9396497,
            48.4605194
          ],
          [
            34.9396291,
            48.4604937
          ],
          [
            34.9395898,
            48.4604446
          ],
          [
            34.9390421,
            48.4597525
          ],
          [
            34.9390374,
            48.4597143
          ]
        ]
      },
      "id": "way/1033343470"
    },
    {
      "type": "Feature",
      "properties": {
        "@id": "way/1056895112",
        "highway": "service",
        "name": "Штурманський провулок",
        "name:en": "Shturmanskyj Lane",
        "name:pl": "zaułek Szturmański",
        "name:ru": "Штурманский переулок",
        "name:uk": "Штурманський провулок",
        "surface": "paving_stones"
      },
      "geometry": {
        "type": "LineString",
        "coordinates": [
          [
            34.9076047,
            48.4799827
          ],
          [
            34.907202,
            48.4798928
          ],
          [
            34.9070876,
            48.4798671
          ],
          [
            34.9070631,
            48.4798616
          ]
        ]
      },
      "id": "way/1056895112"
    },
    {
      "type": "Feature",
      "properties": {
        "@id": "way/1134659674",
        "highway": "tertiary",
        "lanes": "2",
        "lit": "yes",
        "maxspeed": "40",
        "name": "Парусний провулок",
        "name:en": "Parusnyi Lane",
        "name:ru": "Парусный переулок",
        "name:uk": "Парусний провулок",
        "sidewalk": "right",
        "smoothness": "intermediate",
        "surface": "asphalt",
        "trolley_wire": "yes"
      },
      "geometry": {
        "type": "LineString",
        "coordinates": [
          [
            34.9062652,
            48.4800925
          ],
          [
            34.9063317,
            48.4799703
          ]
        ]
      },
      "id": "way/1134659674"
    },
    {
      "type": "Feature",
      "properties": {
        "@id": "way/1138269561",
        "highway": "residential",
        "name": "вулиця Савкіна",
        "name:ru": "Савкина улица",
        "name:uk": "вулиця Савкіна",
        "smoothness": "good",
        "surface": "asphalt"
      },
      "geometry": {
        "type": "LineString",
        "coordinates": [
          [
            34.9372535,
            48.4859048
          ],
          [
            34.9376283,
            48.4859422
          ],
          [
            34.9381123,
            48.4852525
          ],
          [
            34.9385201,
            48.4848767
          ]
        ]
      },
      "id": "way/1138269561"
    },
    {
      "type": "Feature",
      "properties": {
        "@id": "way/1147271328",
        "highway": "residential",
        "name": "вулиця Савкіна",
        "name:ru": "Савкина улица",
        "name:uk": "вулиця Савкіна",
        "smoothness": "very_bad",
        "surface": "asphalt"
      },
      "geometry": {
        "type": "LineString",
        "coordinates": [
          [
            34.9385201,
            48.4848767
          ],
          [
            34.9386242,
            48.4848397
          ],
          [
            34.9388123,
            48.4847951
          ],
          [
            34.9395034,
            48.4845123
          ],
          [
            34.939573,
            48.4844546
          ],
          [
            34.9396173,
            48.4842525
          ],
          [
            34.9396505,
            48.4841105
          ],
          [
            34.9397317,
            48.4839994
          ]
        ]
      },
      "id": "way/1147271328"
    },
    {
      "type": "Feature",
      "properties": {
        "@id": "way/1147271334",
        "highway": "residential",
        "name": "вулиця Фатіми Гафурової",
        "name:ru": "Фатимы Гафуровой улица",
        "name:uk": "вулиця Фатіми Гафурової",
        "smoothness": "intermediate",
        "surface": "asphalt"
      },
      "geometry": {
        "type": "LineString",
        "coordinates": [
          [
            34.9480677,
            48.4867981
          ],
          [
            34.9498816,
            48.4872353
          ]
        ]
      },
      "id": "way/1147271334"
    },
    {
      "type": "Feature",
      "properties": {
        "@id": "way/1147271339",
        "highway": "service",
        "name": "Новокодацька площа",
        "name:en": "Novokodatska Square",
        "name:ru": "Новокодакская площадь",
        "name:uk": "Новокодацька площа",
        "old_name": "площа Дзержинського",
        "old_name:uk": "площа Дзержинського",
        "smoothness": "bad",
        "surface": "asphalt"
      },
      "geometry": {
        "type": "LineString",
        "coordinates": [
          [
            34.9425336,
            48.4805642
          ],
          [
            34.9425336,
            48.4801781
          ],
          [
            34.9425362,
            48.4801417
          ],
          [
            34.9425389,
            48.4801042
          ],
          [
            34.9425371,
            48.4800244
          ]
        ]
      },
      "id": "way/1147271339"
    },
    {
      "type": "Feature",
      "properties": {
        "@id": "way/1147271345",
        "highway": "residential",
        "name": "Карʼєрна вулиця",
        "name:ru": "Карьерная улица",
        "name:uk": "Карʼєрна вулиця"
      },
      "geometry": {
        "type": "LineString",
        "coordinates": [
          [
            34.9421882,
            48.4856737
          ],
          [
            34.9422714,
            48.4855567
          ],
          [
            34.9424525,
            48.4854056
          ],
          [
            34.9424407,
            48.4853063
          ],
          [
            34.9424106,
            48.4852172
          ],
          [
            34.942338,
            48.4850682
          ],
          [
            34.9422858,
            48.4850002
          ],
          [
            34.942085,
            48.4847474
          ],
          [
            34.9419407,
            48.4845516
          ],
          [
            34.9418204,
            48.4844495
          ],
          [
            34.9416461,
            48.484324
          ],
          [
            34.9415134,
            48.4841944
          ],
          [
            34.9414479,
            48.4840971
          ],
          [
            34.9414125,
            48.4839815
          ],
          [
            34.941386,
            48.4838771
          ],
          [
            34.9413122,
            48.4837222
          ],
          [
            34.9412259,
            48.4836915
          ],
          [
            34.9407712,
            48.4823412
          ]
        ]
      },
      "id": "way/1147271345"
    },
    {
      "type": "Feature",
      "properties": {
        "@id": "way/1147271355",
        "highway": "residential",
        "name": "Старобазарна вулиця",
        "name:en": "Starobazarna Street",
        "name:ru": "Старобазарная улица",
        "name:uk": "Старобазарна вулиця",
        "old_name": "Союзна вулиця",
        "old_name:en": "Soyuzna Street",
        "old_name:uk": "Союзна вулиця",
        "smoothness": "bad",
        "surface": "asphalt"
      },
      "geometry": {
        "type": "LineString",
        "coordinates": [
          [
            34.9514473,
            48.4874626
          ],
          [
            34.9521268,
            48.4875736
          ],
          [
            34.9521942,
            48.4875665
          ],
          [
            34.9522918,
            48.4875273
          ],
          [
            34.9525807,
            48.487494
          ],
          [
            34.9530606,
            48.4875179
          ],
          [
            34.9537939,
            48.4877919
          ],
          [
            34.954279,
            48.4878819
          ],
          [
            34.9545304,
            48.4878918
          ],
          [
            34.9547414,
            48.4878955
          ]
        ]
      },
      "id": "way/1147271355"
    },
    {
      "type": "Feature",
      "properties": {
        "@id": "way/1147271359",
        "highway": "residential",
        "name": "Фортечна вулиця",
        "name:en": "Fortechna Street",
        "name:ru": "Фортечная улица",
        "name:uk": "Фортечна вулиця",
        "old_name": "вулиця Жовтенят",
        "old_name:en": "Zhovteniat Street",
        "old_name:uk": "вулиця Жовтенят",
        "smoothness": "good",
        "surface": "asphalt"
      },
      "geometry": {
        "type": "LineString",
        "coordinates": [
          [
            34.9608618,
            48.4833469
          ],
          [
            34.9608886,
            48.4832705
          ],
          [
            34.9610093,
            48.4826562
          ],
          [
            34.9611166,
            48.482281
          ],
          [
            34.9611924,
            48.4820492
          ],
          [
            34.9612083,
            48.4820068
          ],
          [
            34.9612169,
            48.4819821
          ],
          [
            34.9612263,
            48.4819532
          ],
          [
            34.961239,
            48.4819226
          ]
        ]
      },
      "id": "way/1147271359"
    },
    {
      "type": "Feature",
      "properties": {
        "@id": "way/1147271362",
        "highway": "service",
        "name": "Новокодацька площа",
        "name:en": "Novokodatska Square",
        "name:ru": "Новокодакская площадь",
        "name:uk": "Новокодацька площа",
        "old_name": "площа Дзержинського",
        "old_name:uk": "площа Дзержинського",
        "smoothness": "good",
        "surface": "asphalt"
      },
      "geometry": {
        "type": "LineString",
        "coordinates": [
          [
            34.9434822,
            48.4805801
          ],
          [
            34.9434831,
            48.4806329
          ],
          [
            34.9434007,
            48.4806532
          ],
          [
            34.9433281,
            48.4806579
          ],
          [
            34.9426822,
            48.4806508
          ],
          [
            34.9425866,
            48.4806403
          ],
          [
            34.9425336,
            48.4805828
          ],
          [
            34.9425336,
            48.4805642
          ]
        ]
      },
      "id": "way/1147271362"
    },
    {
      "type": "Feature",
      "properties": {
        "@id": "way/1176350746",
        "highway": "residential",
        "name": "вулиця Старої Межі",
        "name:en": "Staroi Mezhi Street",
        "name:uk": "вулиця Старої Межі",
        "old_name": "вулиця Чукотська",
        "old_name:en": "Chukotska Street",
        "old_name:uk": "вулиця Чукотська"
      },
      "geometry": {
        "type": "LineString",
        "coordinates": [
          [
            34.9379174,
            48.4798066
          ],
          [
            34.9378206,
            48.4798737
          ],
          [
            34.9377467,
            48.4799249
          ],
          [
            34.9377512,
            48.4799895
          ]
        ]
      },
      "id": "way/1176350746"
    },
    {
      "type": "Feature",
      "properties": {
        "@id": "way/1176541887",
        "highway": "residential",
        "name": "Горобинова вулиця",
        "name:uk": "Горобинова вулиця",
        "smoothness": "bad"
      },
      "geometry": {
        "type": "LineString",
        "coordinates": [
          [
            34.9330121,
            48.4771765
          ],
          [
            34.9327788,
            48.4771239
          ],
          [
            34.932497,
            48.4770861
          ],
          [
            34.9323818,
            48.477075
          ],
          [
            34.932119,
            48.4771186
          ],
          [
            34.9318595,
            48.477168
          ],
          [
            34.9318149,
            48.4771733
          ],
          [
            34.9317587,
            48.4771751
          ],
          [
            34.931714,
            48.4771711
          ],
          [
            34.931655,
            48.4771529
          ],
          [
            34.9316022,
            48.4771293
          ],
          [
            34.9314921,
            48.4771084
          ]
        ]
      },
      "id": "way/1176541887"
    },
    {
      "type": "Feature",
      "properties": {
        "@id": "way/1177670533",
        "highway": "residential",
        "name": "Сталеварівська вулиця",
        "name:en": "Stalevarivska Street",
        "name:ru": "Сталеваровская улица",
        "name:uk": "Сталеварівська вулиця",
        "smoothness": "impassable"
      },
      "geometry": {
        "type": "LineString",
        "coordinates": [
          [
            34.9241807,
            48.4776769
          ],
          [
            34.9239166,
            48.4776771
          ],
          [
            34.9239297,
            48.4780043
          ]
        ]
      },
      "id": "way/1177670533"
    },
    {
      "type": "Feature",
      "properties": {
        "@id": "way/1177670534",
        "highway": "residential",
        "name": "Сталеварівська вулиця",
        "name:en": "Stalevarivska Street",
        "name:ru": "Сталеваровская улица",
        "name:uk": "Сталеварівська вулиця"
      },
      "geometry": {
        "type": "LineString",
        "coordinates": [
          [
            34.9239297,
            48.4780043
          ],
          [
            34.9239312,
            48.4780413
          ],
          [
            34.9237986,
            48.478246
          ],
          [
            34.9237376,
            48.4783572
          ],
          [
            34.9237254,
            48.4783794
          ],
          [
            34.9237187,
            48.4784467
          ]
        ]
      },
      "id": "way/1177670534"
    },
    {
      "type": "Feature",
      "properties": {
        "@id": "way/1180703099",
        "highway": "service",
        "name": "Воздвиженський узвіз",
        "name:en": "Vozdvyzhenskyi Descent",
        "name:ru": "Воздвиженский спуск",
        "name:uk": "Воздвиженський узвіз",
        "old_name": "вулиця Ватутіна",
        "old_name:en": "Vatutina Street",
        "old_name:pl": "ulica Watutina",
        "old_name:uk": "вулиця Ватутіна"
      },
      "geometry": {
        "type": "LineString",
        "coordinates": [
          [
            34.9152988,
            48.472962
          ],
          [
            34.9148495,
            48.4728668
          ]
        ]
      },
      "id": "way/1180703099"
    },
    {
      "type": "Feature",
      "properties": {
        "@id": "way/1180712104",
        "highway": "residential",
        "name": "вулиця Кармалюка",
        "name:en": "Karmaliuka Street",
        "name:ru": "Кармелюка улица",
        "name:uk": "вулиця Кармалюка"
      },
      "geometry": {
        "type": "LineString",
        "coordinates": [
          [
            34.9167416,
            48.4713543
          ],
          [
            34.9168569,
            48.4714387
          ],
          [
            34.916949,
            48.4715265
          ],
          [
            34.9170749,
            48.4715857
          ],
          [
            34.9183277,
            48.4721043
          ]
        ]
      },
      "id": "way/1180712104"
    },
    {
      "type": "Feature",
      "properties": {
        "@id": "way/1180994612",
        "highway": "residential",
        "name": "Фронтова вулиця",
        "name:en": "Frontova Street",
        "name:ru": "Фронтовая улица",
        "name:uk": "Фронтова вулиця"
      },
      "geometry": {
        "type": "LineString",
        "coordinates": [
          [
            34.924097,
            48.4680321
          ],
          [
            34.9239471,
            48.4680467
          ],
          [
            34.9236277,
            48.4680374
          ],
          [
            34.9234335,
            48.4680704
          ],
          [
            34.9233025,
            48.4681124
          ]
        ]
      },
      "id": "way/1180994612"
    },
    {
      "type": "Feature",
      "properties": {
        "@id": "way/1180994613",
        "highway": "service",
        "name": "Фронтова вулиця",
        "name:en": "Frontova Street",
        "name:ru": "Фронтовая улица",
        "name:uk": "Фронтова вулиця"
      },
      "geometry": {
        "type": "LineString",
        "coordinates": [
          [
            34.9254071,
            48.4676381
          ],
          [
            34.9254579,
            48.4677096
          ],
          [
            34.9254785,
            48.4678039
          ],
          [
            34.9254793,
            48.4678403
          ],
          [
            34.9254678,
            48.4678758
          ],
          [
            34.9254444,
            48.4679088
          ],
          [
            34.9254094,
            48.4679381
          ],
          [
            34.9253651,
            48.4679613
          ],
          [
            34.925314,
            48.4679771
          ],
          [
            34.9246185,
            48.4680276
          ],
          [
            34.924097,
            48.4680321
          ]
        ]
      },
      "id": "way/1180994613"
    },
    {
      "type": "Feature",
      "properties": {
        "@id": "way/1188229171",
        "highway": "residential",
        "name": "вулиця Великий Яр",
        "name:uk": "вулиця Великий Яр",
        "old_name": "вулиця Єрмака",
        "old_name:en": "Yermaka Street",
        "old_name:ru": "Ермака улица",
        "old_name:uk": "вулиця Єрмака"
      },
      "geometry": {
        "type": "LineString",
        "coordinates": [
          [
            34.9147509,
            48.4686658
          ],
          [
            34.9146996,
            48.4687974
          ],
          [
            34.9146482,
            48.468922
          ]
        ]
      },
      "id": "way/1188229171"
    },
    {
      "type": "Feature",
      "properties": {
        "@id": "way/1188478830",
        "highway": "path",
        "name": "Галицький провулок",
        "name:en": "Halytskyy Lane",
        "name:uk": "Галицький провулок",
        "old_name": "Пролетарський провулок",
        "old_name:en": "Proletarskyi Lane",
        "old_name:ru": "Пролетарский переулок",
        "old_name:uk": "Пролетарський провулок"
      },
      "geometry": {
        "type": "LineString",
        "coordinates": [
          [
            34.9106958,
            48.4703301
          ],
          [
            34.9106433,
            48.4700478
          ],
          [
            34.9107117,
            48.469775
          ]
        ]
      },
      "id": "way/1188478830"
    },
    {
      "type": "Feature",
      "properties": {
        "@id": "way/1189169967",
        "highway": "residential",
        "name": "Квітковий провулок",
        "name:en": "Kvitkovyi Lane",
        "name:pl": "zaułek Kwiatowy",
        "name:uk": "Квітковий провулок",
        "surface": "gravel"
      },
      "geometry": {
        "type": "LineString",
        "coordinates": [
          [
            34.9083186,
            48.4721704
          ],
          [
            34.9081017,
            48.472127
          ],
          [
            34.9079015,
            48.4720633
          ],
          [
            34.9072722,
            48.4720401
          ]
        ]
      },
      "id": "way/1189169967"
    },
    {
      "type": "Feature",
      "properties": {
        "@id": "way/1212594043",
        "highway": "service",
        "name": "провулок Грузинський",
        "name:uk": "провулок Грузинський",
        "service": "alley"
      },
      "geometry": {
        "type": "LineString",
        "coordinates": [
          [
            34.9513797,
            48.4853242
          ],
          [
            34.9507565,
            48.4853533
          ]
        ]
      },
      "id": "way/1212594043"
    },
    {
      "type": "Feature",
      "properties": {
        "@id": "way/1214396354",
        "highway": "unclassified",
        "motor_vehicle": "destination",
        "name": "вулиця Миколи Хвильового",
        "name:en": "Mykoly Khvylovoho Street",
        "name:uk": "вулиця Миколи Хвильового",
        "old_name": "Леніногорська вулиця",
        "old_name:en": "Leninohorska Street",
        "old_name:uk": "Леніногорська вулиця",
        "surface": "asphalt"
      },
      "geometry": {
        "type": "LineString",
        "coordinates": [
          [
            34.9501097,
            48.474865
          ],
          [
            34.9499046,
            48.4747292
          ],
          [
            34.949633,
            48.474604
          ],
          [
            34.9492849,
            48.4745056
          ],
          [
            34.9481515,
            48.4742109
          ],
          [
            34.942464,
            48.4727318
          ],
          [
            34.9423142,
            48.4727128
          ]
        ]
      },
      "id": "way/1214396354"
    },
    {
      "type": "Feature",
      "properties": {
        "@id": "way/1217690787",
        "highway": "residential",
        "name": "Старшинська вулиця",
        "name:en": "Starshynska Street",
        "name:uk": "Старшинська вулиця",
        "old_name": "вулиця Тарана",
        "old_name:en": "Tarana Street",
        "old_name:uk": "вулиця Тарана",
        "surface": "paving_stones"
      },
      "geometry": {
        "type": "LineString",
        "coordinates": [
          [
            34.9539775,
            48.4909797
          ],
          [
            34.9542869,
            48.4909789
          ],
          [
            34.954451,
            48.4909863
          ],
          [
            34.9547283,
            48.4910493
          ],
          [
            34.9548987,
            48.4910482
          ],
          [
            34.955031,
            48.4910344
          ],
          [
            34.9551174,
            48.4910042
          ]
        ]
      },
      "id": "way/1217690787"
    },
    {
      "type": "Feature",
      "properties": {
        "@id": "way/1337258966",
        "highway": "residential",
        "name": "провулок Тараса Трясила",
        "name:uk": "провулок Тараса Трясила",
        "old_name": "провулок Кибальчича",
        "old_name:uk": "провулок Кибальчича"
      },
      "geometry": {
        "type": "LineString",
        "coordinates": [
          [
            34.9560231,
            48.4825506
          ],
          [
            34.9558769,
            48.4832379
          ]
        ]
      },
      "id": "way/1337258966"
    },
    {
      "type": "Feature",
      "properties": {
        "@id": "way/1337258967",
        "highway": "residential",
        "name": "провулок Тараса Трясила",
        "name:uk": "провулок Тараса Трясила",
        "old_name": "провулок Кибальчича",
        "old_name:uk": "провулок Кибальчича"
      },
      "geometry": {
        "type": "LineString",
        "coordinates": [
          [
            34.9545834,
            48.483322
          ],
          [
            34.9553748,
            48.4834031
          ],
          [
            34.9558397,
            48.483424
          ]
        ]
      },
      "id": "way/1337258967"
    },
    {
      "type": "Feature",
      "properties": {
        "@id": "way/1365983164",
        "highway": "residential",
        "name": "вулиця Олени Теліги",
        "name:en": "Oleny Telihy Street",
        "name:ru": "Елены Телиги улица",
        "name:uk": "вулиця Олени Теліги",
        "old_name": "вулиця Фурманова",
        "old_name:en": "Furmanova Street",
        "old_name:uk": "вулиця Фурманова"
      },
      "geometry": {
        "type": "LineString",
        "coordinates": [
          [
            34.9006254,
            48.4649094
          ],
          [
            34.900789,
            48.4645829
          ],
          [
            34.9008255,
            48.4645162
          ]
        ]
      },
      "id": "way/1365983164"
    },
    {
      "type": "Feature",
      "properties": {
        "@id": "way/1380247165",
        "highway": "residential",
        "name": "Галицька вулиця",
        "name:en": "Halytska Street",
        "name:pl": "ulica Halicka",
        "name:uk": "Галицька вулиця",
        "old_name": "Пролетарська вулиця",
        "old_name:en": "Proletarska Street",
        "old_name:ru": "Пролетарская улица",
        "old_name:uk": "Пролетарська вулиця",
        "surface": "gravel"
      },
      "geometry": {
        "type": "LineString",
        "coordinates": [
          [
            34.9098529,
            48.4701688
          ],
          [
            34.9102836,
            48.470232
          ],
          [
            34.9105014,
            48.4702692
          ],
          [
            34.9106958,
            48.4703301
          ]
        ]
      },
      "id": "way/1380247165"
    },
    {
      "type": "Feature",
      "properties": {
        "@id": "way/1380247166",
        "highway": "residential",
        "name": "Галицька вулиця",
        "name:en": "Halytska Street",
        "name:pl": "ulica Halicka",
        "name:uk": "Галицька вулиця",
        "old_name": "Пролетарська вулиця",
        "old_name:en": "Proletarska Street",
        "old_name:ru": "Пролетарская улица",
        "old_name:uk": "Пролетарська вулиця",
        "surface": "gravel"
      },
      "geometry": {
        "type": "LineString",
        "coordinates": [
          [
            34.9097292,
            48.4701264
          ],
          [
            34.9098529,
            48.4701688
          ]
        ]
      },
      "id": "way/1380247166"
    },
    {
      "type": "Feature",
      "properties": {
        "@id": "way/1380247167",
        "highway": "residential",
        "name": "Міська вулиця",
        "name:en": "Miska Street",
        "name:uk": "Міська вулиця",
        "surface": "gravel"
      },
      "geometry": {
        "type": "LineString",
        "coordinates": [
          [
            34.9076635,
            48.4692084
          ],
          [
            34.9069001,
            48.4689101
          ]
        ]
      },
      "id": "way/1380247167"
    },
    {
      "type": "Feature",
      "properties": {
        "@id": "way/1380247168",
        "highway": "residential",
        "name": "Галицька вулиця",
        "name:en": "Halytska Street",
        "name:pl": "ulica Halicka",
        "name:uk": "Галицька вулиця",
        "old_name": "Пролетарська вулиця",
        "old_name:en": "Proletarska Street",
        "old_name:ru": "Пролетарская улица",
        "old_name:uk": "Пролетарська вулиця",
        "surface": "gravel"
      },
      "geometry": {
        "type": "LineString",
        "coordinates": [
          [
            34.906813,
            48.4689855
          ],
          [
            34.9069001,
            48.4689101
          ]
        ]
      },
      "id": "way/1380247168"
    },
    {
      "type": "Feature",
      "properties": {
        "@id": "way/1390214943",
        "highway": "path",
        "name": "Орбітальна вулиця",
        "name:en": "Orbitalna Street",
        "name:ru": "Орбитальная улица",
        "name:uk": "Орбітальна вулиця"
      },
      "geometry": {
        "type": "LineString",
        "coordinates": [
          [
            34.9292183,
            48.4687878
          ],
          [
            34.9293022,
            48.4688158
          ],
          [
            34.929383,
            48.4688491
          ],
          [
            34.9297137,
            48.4690505
          ],
          [
            34.9298687,
            48.4690949
          ],
          [
            34.93083,
            48.4690999
          ]
        ]
      },
      "id": "way/1390214943"
    },
    {
      "type": "Feature",
      "properties": {
        "@id": "way/1396555528",
        "highway": "residential",
        "name": "Вільнюський провулок",
        "name:en": "Vilniuskyi Lane",
        "name:uk": "Вільнюський провулок",
        "narrow": "yes",
        "old_name": "Валдайський провулок",
        "old_name:en": "Valdaiskyi Lane",
        "old_name:ru": "Валдайский переулок",
        "old_name:uk": "Валдайський провулок"
      },
      "geometry": {
        "type": "LineString",
        "coordinates": [
          [
            34.9165383,
            48.4609995
          ],
          [
            34.9164109,
            48.460931
          ],
          [
            34.9163076,
            48.4608438
          ],
          [
            34.9162639,
            48.460681
          ]
        ]
      },
      "id": "way/1396555528"
    },
    {
      "type": "Feature",
      "properties": {
        "@id": "way/1409249752",
        "highway": "residential",
        "name": "вулиця Данила Сахненка",
        "name:en": "Danyla Sakhnenka Street",
        "name:ru": "Даниила Сахненко улица",
        "name:uk": "вулиця Данила Сахненка",
        "old_name": "вулиця Большунова",
        "old_name:en": "Bolshunova Street",
        "old_name:uk": "вулиця Большунова"
      },
      "geometry": {
        "type": "LineString",
        "coordinates": [
          [
            34.911974,
            48.4597755
          ],
          [
            34.9119182,
            48.4597524
          ],
          [
            34.9118263,
            48.4597308
          ],
          [
            34.9111272,
            48.4595834
          ],
          [
            34.9104642,
            48.4594081
          ],
          [
            34.9104447,
            48.4591867
          ],
          [
            34.9105159,
            48.4588319
          ]
        ]
      },
      "id": "way/1409249752"
    },
    {
      "type": "Feature",
      "properties": {
        "@id": "way/1423594613",
        "highway": "service",
        "name": "проспект Свободи",
        "name:en": "Svobody Avenue",
        "name:pl": "prospekt Wolności",
        "name:ru": "Свободы проспект",
        "name:uk": "проспект Свободи"
      },
      "geometry": {
        "type": "LineString",
        "coordinates": [
          [
            34.9344819,
            48.4789133
          ],
          [
            34.9346083,
            48.4788135
          ],
          [
            34.9347093,
            48.4787171
          ]
        ]
      },
      "id": "way/1423594613"
    },
    {
      "type": "Feature",
      "properties": {
        "@id": "way/1433732655",
        "highway": "tertiary",
        "lanes": "2",
        "lit": "yes",
        "name": "Моніторна вулиця",
        "name:en": "Monitorna Street",
        "name:ru": "Мониторная улица",
        "name:uk": "Моніторна вулиця",
        "smoothness": "excellent",
        "surface": "asphalt"
      },
      "geometry": {
        "type": "LineString",
        "coordinates": [
          [
            34.906973,
            48.4767279
          ],
          [
            34.9071249,
            48.4769466
          ]
        ]
      },
      "id": "way/1433732655"
    },
    {
      "type": "Feature",
      "properties": {
        "@id": "way/1441582717",
        "highway": "residential",
        "name": "Зимівницька вулиця",
        "name:en": "Zymivnytska Street",
        "name:uk": "Зимівницька вулиця",
        "old_name": "вулиця Макарова",
        "old_name:ru": "Макарова улица",
        "old_name:uk": "вулиця Макарова",
        "smoothness": "bad",
        "surface": "gravel"
      },
      "geometry": {
        "type": "LineString",
        "coordinates": [
          [
            34.9012951,
            48.4759042
          ],
          [
            34.9011438,
            48.4758842
          ],
          [
            34.9003357,
            48.4758107
          ]
        ]
      },
      "id": "way/1441582717"
    },
    {
      "type": "Feature",
      "properties": {
        "@id": "way/1441582720",
        "highway": "residential",
        "name": "вулиця Павла Тушкана",
        "name:uk": "вулиця Павла Тушкана",
        "old_name": "вулиця Вільямса",
        "old_name:en": "Viliamsa Street",
        "old_name:ru": "Вильямса улица",
        "old_name:uk": "вулиця Вільямса",
        "sidewalk": "no",
        "smoothness": "good",
        "surface": "asphalt"
      },
      "geometry": {
        "type": "LineString",
        "coordinates": [
          [
            34.9042268,
            48.4764345
          ],
          [
            34.90403,
            48.4763752
          ],
          [
            34.9039424,
            48.4762735
          ]
        ]
      },
      "id": "way/1441582720"
    }
  ]
}